_id,companyCode,companyName,accountCode,accountName,areaCode,areaName,distributorId,firmId,firmName,isActive,createdAt,updatedAt
6a6480de0cfec74546fb4d8a,101,TOOYUMM,1011,01-SAI DUGDALAYA,1,01-LOHEGOAN,DIST-1001,FIRM-2001,MUKESH AGENCIES,true,2026-06-18T11:21:00.000Z,2026-06-18T07:40:08.337Z
6a6480de0cfec74546fb4d8b,101,TOOYUMM,1012,01-UJWAL FOODS,1,01-LOHEGOAN,DIST-1001,FIRM-2001,MUKESH AGENCIES,true,2026-06-18T11:21:00.000Z,2026-06-18T07:40:08.337Z
6a6480de0cfec74546fb4d8c,101,TOOYUMM,1014,01-SHEVNERI PAN SHOP,1,01-LOHEGOAN,DIST-1001,FIRM-2001,MUKESH AGENCIES,true,2026-06-18T11:21:00.000Z,2026-06-18T07:40:08.337Z
6a6480de0cfec74546fb4d8d,101,TOOYUMM,1016,01-RAJ SUPER MARKET.,1,01-LOHEGOAN,DIST-1001,FIRM-2001,MUKESH AGENCIES,true,2026-06-18T11:21:00.000Z,2026-06-18T07:40:08.337Z
6a6480de0cfec74546fb4d8e,101,TOOYUMM,1020,01-PANCHARATNA MEDICAL,1,01-LOHEGOAN,DIST-1001,FIRM-2001,MUKESH AGENCIES,true,2026-06-18T11:21:00.000Z,2026-06-18T07:40:08.337Z
6a6480de0cfec74546fb4d8f,101,TOOYUMM,1021,01-SHREE GANESH PRO STORE,1,01-LOHEGOAN,DIST-1001,FIRM-2001,MUKESH AGENCIES,true,2026-06-18T11:21:00.000Z,2026-06-18T07:40:08.337Z
6a6480de0cfec74546fb4d90,101,TOOYUMM,1023,01-OM SUPER MARKET..,1,01-LOHEGOAN,DIST-1001,FIRM-2001,MUKESH AGENCIES,true,2026-06-18T11:21:00.000Z,2026-06-18T07:40:08.337Z
6a6480de0cfec74546fb4d91,101,TOOYUMM,1036,01-PRATIK ICE CREAM,1,01-LOHEGOAN,DIST-1001,FIRM-2001,MUKESH AGENCIES,true,2026-06-18T11:21:00.000Z,2026-06-18T07:40:08.337Z
6a6480de0cfec74546fb4d92,101,TOOYUMM,1038,01-NIKHIL MEDICAL,1,01-LOHEGOAN,DIST-1001,FIRM-2001,MUKESH AGENCIES,true,2026-06-18T11:21:00.000Z,2026-06-18T07:40:08.337Z
6a6480de0cfec74546fb4d93,101,TOOYUMM,1052,01-BALAJI FOOD MART.,1,01-LOHEGOAN,DIST-1001,FIRM-2001,MUKESH AGENCIES,true,2026-06-18T11:21:00.000Z,2026-06-18T07:40:08.337Z
6a6480de0cfec74546fb4d94,101,TOOYUMM,1067,01-SARHAK DOODH DAIRY,1,01-LOHEGOAN,DIST-1001,FIRM-2001,MUKESH AGENCIES,true,2026-06-18T11:21:00.000Z,2026-06-18T07:40:08.337Z
6a6480de0cfec74546fb4d95,101,TOOYUMM,1075,01-PAWAN SUPER MARKET,1,01-LOHEGOAN,DIST-1001,FIRM-2001,MUKESH AGENCIES,true,2026-06-18T11:21:00.000Z,2026-06-18T07:40:08.337Z
6a6480de0cfec74546fb4d96,101,TOOYUMM,1076,01-SHUBHANGI SUPER MARKET....,1,01-LOHEGOAN,DIST-1001,FIRM-2001,MUKESH AGENCIES,true,2026-06-18T11:21:00.000Z,2026-06-18T07:40:08.337Z
6a6480de0cfec74546fb4d97,101,TOOYUMM,1080,01-BAYGLOR BEKARY,1,01-LOHEGOAN,DIST-1001,FIRM-2001,MUKESH AGENCIES,true,2026-06-18T11:21:00.000Z,2026-06-18T07:40:08.337Z
6a6480de0cfec74546fb4d98,101,TOOYUMM,1082,01-SHUBHANGI SUPER MARKET.,1,01-LOHEGOAN,DIST-1001,FIRM-2001,MUKESH AGENCIES,true,2026-06-18T11:21:00.000Z,2026-06-18T07:40:08.337Z
6a6480de0cfec74546fb4d99,101,TOOYUMM,1084,01-PUNCHRATN MEDICAL,1,01-LOHEGOAN,DIST-1001,FIRM-2001,MUKESH AGENCIES,true,2026-06-18T11:21:00.000Z,2026-06-18T07:40:08.337Z
6a6480de0cfec74546fb4d9a,101,TOOYUMM,1085,01-SAI SRADHA GARNAL STORE,1,01-LOHEGOAN,DIST-1001,FIRM-2001,MUKESH AGENCIES,true,2026-06-18T11:21:00.000Z,2026-06-18T07:40:08.337Z
6a6480de0cfec74546fb4d9b,101,TOOYUMM,1086,01-WABADE DOODH DAIRY,1,01-LOHEGOAN,DIST-1001,FIRM-2001,MUKESH AGENCIES,true,2026-06-18T11:21:00.000Z,2026-06-18T07:40:08.337Z
6a6480de0cfec74546fb4d9c,101,TOOYUMM,1087,01-SHAWANI DOODH DAIRY,1,01-LOHEGOAN,DIST-1001,FIRM-2001,MUKESH AGENCIES,true,2026-06-18T11:21:00.000Z,2026-06-18T07:40:08.337Z
6a6480de0cfec74546fb4d9d,101,TOOYUMM,1088,01-PREM BANDHU MITHAIWALE,1,01-LOHEGOAN,DIST-1001,FIRM-2001,MUKESH AGENCIES,true,2026-06-18T11:21:00.000Z,2026-06-18T07:40:08.337Z
6a6480de0cfec74546fb4d9e,101,TOOYUMM,1089,01-SIKARE SHOP,1,01-LOHEGOAN,DIST-1001,FIRM-2001,MUKESH AGENCIES,true,2026-06-18T11:21:00.000Z,2026-06-18T07:40:08.337Z
6a6480de0cfec74546fb4d9f,101,TOOYUMM,1090,01-PRAVEEN DOODH DAIRY,1,01-LOHEGOAN,DIST-1001,FIRM-2001,MUKESH AGENCIES,true,2026-06-18T11:21:00.000Z,2026-06-18T07:40:08.337Z
6a6480de0cfec74546fb4da0,101,TOOYUMM,1091,01-SHRI SANT SUTAMAHARAJ,1,01-LOHEGOAN,DIST-1001,FIRM-2001,MUKESH AGENCIES,true,2026-06-18T11:21:00.000Z,2026-06-18T07:40:08.337Z
6a6480de0cfec74546fb4da1,101,TOOYUMM,1092,01-SHITAL MIN MARKET,1,01-LOHEGOAN,DIST-1001,FIRM-2001,MUKESH AGENCIES,true,2026-06-18T11:21:00.000Z,2026-06-18T07:40:08.337Z
6a6480de0cfec74546fb4da2,101,TOOYUMM,1093,01-SAGAR SUPER MARKET..,1,01-LOHEGOAN,DIST-1001,FIRM-2001,MUKESH AGENCIES,true,2026-06-18T11:21:00.000Z,2026-06-18T07:40:08.337Z
6a6480de0cfec74546fb4da3,101,TOOYUMM,1096,01-SM AGARWAL,1,01-LOHEGOAN,DIST-1001,FIRM-2001,MUKESH AGENCIES,true,2026-06-18T11:21:00.000Z,2026-06-18T07:40:08.337Z
6a6480de0cfec74546fb4da4,101,TOOYUMM,1097,01-VISAL PROVISION,1,01-LOHEGOAN,DIST-1001,FIRM-2001,MUKESH AGENCIES,true,2026-06-18T11:21:00.000Z,2026-06-18T07:40:08.337Z
6a6480de0cfec74546fb4da5,101,TOOYUMM,1098,01-SWAMI PANDU RUNGGA,1,01-LOHEGOAN,DIST-1001,FIRM-2001,MUKESH AGENCIES,true,2026-06-18T11:21:00.000Z,2026-06-18T07:40:08.337Z
6a6480de0cfec74546fb4da6,101,TOOYUMM,1099,01-SHREE KRISHNA HOTEL,1,01-LOHEGOAN,DIST-1001,FIRM-2001,MUKESH AGENCIES,true,2026-06-18T11:21:00.000Z,2026-06-18T07:40:08.337Z
6a6480de0cfec74546fb4da7,101,TOOYUMM,1100,01-VABHAV SCNAKS CENTER,1,01-LOHEGOAN,DIST-1001,FIRM-2001,MUKESH AGENCIES,true,2026-06-18T11:21:00.000Z,2026-06-18T07:40:08.337Z
6a6480de0cfec74546fb4da8,101,TOOYUMM,1101,01-SHEE GANESH GARNAL STORE,1,01-LOHEGOAN,DIST-1001,FIRM-2001,MUKESH AGENCIES,true,2026-06-18T11:21:00.000Z,2026-06-18T07:40:08.337Z
6a6480de0cfec74546fb4da9,101,TOOYUMM,1103,01-AREN SUPER MARKET,1,01-LOHEGOAN,DIST-1001,FIRM-2001,MUKESH AGENCIES,true,2026-06-18T11:21:00.000Z,2026-06-18T07:40:08.337Z
6a6480de0cfec74546fb4daa,101,TOOYUMM,1104,01-PRABEEN SUPER MARKET,1,01-LOHEGOAN,DIST-1001,FIRM-2001,MUKESH AGENCIES,true,2026-06-18T11:21:00.000Z,2026-06-18T07:40:08.337Z
6a6480de0cfec74546fb4dab,101,TOOYUMM,1105,01-PRADV GARNAL STORE,1,01-LOHEGOAN,DIST-1001,FIRM-2001,MUKESH AGENCIES,true,2026-06-18T11:21:00.000Z,2026-06-18T07:40:08.337Z
6a6480de0cfec74546fb4dac,101,TOOYUMM,1106,01-ASHRAFI HOTEL,1,01-LOHEGOAN,DIST-1001,FIRM-2001,MUKESH AGENCIES,true,2026-06-18T11:21:00.000Z,2026-06-18T07:40:08.337Z
6a6480de0cfec74546fb4dad,101,TOOYUMM,1107,01-KHATIJA GARNAL STORE,1,01-LOHEGOAN,DIST-1001,FIRM-2001,MUKESH AGENCIES,true,2026-06-18T11:21:00.000Z,2026-06-18T07:40:08.337Z
6a6480de0cfec74546fb4dae,101,TOOYUMM,1108,01-IMRAAN KIRANA STORE,1,01-LOHEGOAN,DIST-1001,FIRM-2001,MUKESH AGENCIES,true,2026-06-18T11:21:00.000Z,2026-06-18T07:40:08.337Z
6a6480de0cfec74546fb4daf,101,TOOYUMM,1109,01-PRADNYA GARNAL STORE,1,01-LOHEGOAN,DIST-1001,FIRM-2001,MUKESH AGENCIES,true,2026-06-18T11:21:00.000Z,2026-06-18T07:40:08.337Z
6a6480de0cfec74546fb4db0,101,TOOYUMM,1110,01-IRSHAD ANSARI,1,01-LOHEGOAN,DIST-1001,FIRM-2001,MUKESH AGENCIES,true,2026-06-18T11:21:00.000Z,2026-06-18T07:40:08.337Z
6a6480de0cfec74546fb4db1,101,TOOYUMM,1111,01-SHREE ENTERPRISESS,1,01-LOHEGOAN,DIST-1001,FIRM-2001,MUKESH AGENCIES,true,2026-06-18T11:21:00.000Z,2026-06-18T07:40:08.337Z
6a6480de0cfec74546fb4db2,101,TOOYUMM,1114,01-ASHAPURA SWEET.,1,01-LOHEGOAN,DIST-1001,FIRM-2001,MUKESH AGENCIES,true,2026-06-18T11:21:00.000Z,2026-06-18T07:40:08.337Z
6a6480de0cfec74546fb4db3,101,TOOYUMM,1120,01-TAJ BEKRY,1,01-LOHEGOAN,DIST-1001,FIRM-2001,MUKESH AGENCIES,true,2026-06-18T11:21:00.000Z,2026-06-18T07:40:08.337Z
6a6480de0cfec74546fb4db4,101,TOOYUMM,1121,01-CHAMUNDA SWEET,1,01-LOHEGOAN,DIST-1001,FIRM-2001,MUKESH AGENCIES,true,2026-06-18T11:21:00.000Z,2026-06-18T07:40:08.337Z
6a6480de0cfec74546fb4db5,101,TOOYUMM,1128,01-SHREE GANESH KIRANA STORE,1,01-LOHEGOAN,DIST-1001,FIRM-2001,MUKESH AGENCIES,true,2026-06-18T11:21:00.000Z,2026-06-18T07:40:08.337Z
6a6480de0cfec74546fb4db6,101,TOOYUMM,1129,01-JAI MATA JI STORE,1,01-LOHEGOAN,DIST-1001,FIRM-2001,MUKESH AGENCIES,true,2026-06-18T11:21:00.000Z,2026-06-18T07:40:08.337Z
6a6480de0cfec74546fb4db7,101,TOOYUMM,1154,01-NAVIN MEDICAL,1,01-LOHEGOAN,DIST-1001,FIRM-2001,MUKESH AGENCIES,true,2026-06-18T11:21:00.000Z,2026-06-18T07:40:08.337Z
6a6480de0cfec74546fb4db8,101,TOOYUMM,1155,01-D M MART,1,01-LOHEGOAN,DIST-1001,FIRM-2001,MUKESH AGENCIES,true,2026-06-18T11:21:00.000Z,2026-06-18T07:40:08.337Z
6a6480de0cfec74546fb4db9,101,TOOYUMM,1156,01-BHAGYALAXMI MART,1,01-LOHEGOAN,DIST-1001,FIRM-2001,MUKESH AGENCIES,true,2026-06-18T11:21:00.000Z,2026-06-18T07:40:08.337Z
6a6480de0cfec74546fb4dba,101,TOOYUMM,1172,01-SURESH SUPER SHOPEE,1,01-LOHEGOAN,DIST-1001,FIRM-2001,MUKESH AGENCIES,true,2026-06-18T11:21:00.000Z,2026-06-18T07:40:08.337Z
6a6480de0cfec74546fb4dbb,101,TOOYUMM,1173,01-MAA INGLAZ KIRANA,1,01-LOHEGOAN,DIST-1001,FIRM-2001,MUKESH AGENCIES,true,2026-06-18T11:21:00.000Z,2026-06-18T07:40:08.337Z
6a6480de0cfec74546fb4dbc,101,TOOYUMM,1226,01-KIRSNA JAI SUPER MARKET,1,01-LOHEGOAN,DIST-1001,FIRM-2001,MUKESH AGENCIES,true,2026-06-18T11:21:00.000Z,2026-06-18T07:40:08.337Z
6a6480de0cfec74546fb4dbd,101,TOOYUMM,1238,01-ROYAL FARESH MART,1,01-LOHEGOAN,DIST-1001,FIRM-2001,MUKESH AGENCIES,true,2026-06-18T11:21:00.000Z,2026-06-18T07:40:08.337Z
6a6480de0cfec74546fb4dbe,101,TOOYUMM,1244,01-MAHADEV SUPER MARKET.,1,01-LOHEGOAN,DIST-1001,FIRM-2001,MUKESH AGENCIES,true,2026-06-18T11:21:00.000Z,2026-06-18T07:40:08.337Z
6a6480de0cfec74546fb4dbf,101,TOOYUMM,1260,01-DAIMAND FOOD BAZAAR,1,01-LOHEGOAN,DIST-1001,FIRM-2001,MUKESH AGENCIES,true,2026-06-18T11:21:00.000Z,2026-06-18T07:40:08.337Z
6a6480de0cfec74546fb4dc0,101,TOOYUMM,1301,01-ROYAL FRESH MART .,1,01-LOHEGOAN,DIST-1001,FIRM-2001,MUKESH AGENCIES,true,2026-06-18T11:21:00.000Z,2026-06-18T07:40:08.337Z
6a6480de0cfec74546fb4dc1,101,TOOYUMM,1303,01-RAMDEV SUPER MARKET ..,1,01-LOHEGOAN,DIST-1001,FIRM-2001,MUKESH AGENCIES,true,2026-06-18T11:21:00.000Z,2026-06-18T07:40:08.337Z
6a6480de0cfec74546fb4dc2,101,TOOYUMM,1311,01-S M AGRAWAL,1,01-LOHEGOAN,DIST-1001,FIRM-2001,MUKESH AGENCIES,true,2026-06-18T11:21:00.000Z,2026-06-18T07:40:08.337Z
6a6480de0cfec74546fb4dc3,101,TOOYUMM,1327,01-SHRI BALAJI TRADING,1,01-LOHEGOAN,DIST-1001,FIRM-2001,MUKESH AGENCIES,true,2026-06-18T11:21:00.000Z,2026-06-18T07:40:08.337Z
6a6480de0cfec74546fb4dc4,101,TOOYUMM,1351,01-SHREERAM SALES,1,01-LOHEGOAN,DIST-1001,FIRM-2001,MUKESH AGENCIES,true,2026-06-18T11:21:00.000Z,2026-06-18T07:40:08.337Z
6a6480de0cfec74546fb4dc5,101,TOOYUMM,1363,01-CHOICE MART,1,01-LOHEGOAN,DIST-1001,FIRM-2001,MUKESH AGENCIES,true,2026-06-18T11:21:00.000Z,2026-06-18T07:40:08.337Z
6a6480de0cfec74546fb4dc6,101,TOOYUMM,1377,01-PUJA MARKET,1,01-LOHEGOAN,DIST-1001,FIRM-2001,MUKESH AGENCIES,true,2026-06-18T11:21:00.000Z,2026-06-18T07:40:08.337Z
6a6480de0cfec74546fb4dc7,101,TOOYUMM,1385,01-CLUOD 9,1,01-LOHEGOAN,DIST-1001,FIRM-2001,MUKESH AGENCIES,true,2026-06-18T11:21:00.000Z,2026-06-18T07:40:08.337Z
6a6480de0cfec74546fb4dc8,101,TOOYUMM,1414,01-BHARTI NANKEEN,1,01-LOHEGOAN,DIST-1001,FIRM-2001,MUKESH AGENCIES,true,2026-06-18T11:21:00.000Z,2026-06-18T07:40:08.337Z
6a6480de0cfec74546fb4dc9,101,TOOYUMM,1415,01-MAHADEV GEN STORE,1,01-LOHEGOAN,DIST-1001,FIRM-2001,MUKESH AGENCIES,true,2026-06-18T11:21:00.000Z,2026-06-18T07:40:08.337Z
6a6480de0cfec74546fb4dca,101,TOOYUMM,1418,01-RAJ KIRANA AND GENERAL STORES,1,01-LOHEGOAN,DIST-1001,FIRM-2001,MUKESH AGENCIES,true,2026-06-18T11:21:00.000Z,2026-06-18T07:40:08.337Z
6a6480de0cfec74546fb4dcb,101,TOOYUMM,1419,01-ROSHAN GENERAL STORES,1,01-LOHEGOAN,DIST-1001,FIRM-2001,MUKESH AGENCIES,true,2026-06-18T11:21:00.000Z,2026-06-18T07:40:08.337Z
6a6480de0cfec74546fb4dcc,101,TOOYUMM,1420,01-RAM SUPER MARKET,1,01-LOHEGOAN,DIST-1001,FIRM-2001,MUKESH AGENCIES,true,2026-06-18T11:21:00.000Z,2026-06-18T07:40:08.337Z
6a6480de0cfec74546fb4dcd,101,TOOYUMM,1421,01-OM GAHU CENTRE,1,01-LOHEGOAN,DIST-1001,FIRM-2001,MUKESH AGENCIES,true,2026-06-18T11:21:00.000Z,2026-06-18T07:40:08.337Z
6a6480de0cfec74546fb4dce,101,TOOYUMM,1423,01-S B STORE.,1,01-LOHEGOAN,DIST-1001,FIRM-2001,MUKESH AGENCIES,true,2026-06-18T11:21:00.000Z,2026-06-18T07:40:08.337Z
6a6480de0cfec74546fb4dcf,101,TOOYUMM,1430,"01-SHIVSHAKTI SUPER MARKET,.",1,01-LOHEGOAN,DIST-1001,FIRM-2001,MUKESH AGENCIES,true,2026-06-18T11:21:00.000Z,2026-06-18T07:40:08.337Z
6a6480de0cfec74546fb4dd0,101,TOOYUMM,1431,01-MATAJI SUPER MARKET,1,01-LOHEGOAN,DIST-1001,FIRM-2001,MUKESH AGENCIES,true,2026-06-18T11:21:00.000Z,2026-06-18T07:40:08.337Z
6a6480de0cfec74546fb4dd1,101,TOOYUMM,1432,01-MAMTA SWEETS HOME,1,01-LOHEGOAN,DIST-1001,FIRM-2001,MUKESH AGENCIES,true,2026-06-18T11:21:00.000Z,2026-06-18T07:40:08.337Z
6a6480de0cfec74546fb4dd2,101,TOOYUMM,1433,01-RADHESHYAM TRADERS,1,01-LOHEGOAN,DIST-1001,FIRM-2001,MUKESH AGENCIES,true,2026-06-18T11:21:00.000Z,2026-06-18T07:40:08.337Z
6a6480de0cfec74546fb4dd3,101,TOOYUMM,1443,01-COLOURS DERMANENT,1,01-LOHEGOAN,DIST-1001,FIRM-2001,MUKESH AGENCIES,true,2026-06-18T11:21:00.000Z,2026-06-18T07:40:08.337Z
6a6480de0cfec74546fb4dd4,101,TOOYUMM,1445,01-ISHWAR SUPER MARKET,1,01-LOHEGOAN,DIST-1001,FIRM-2001,MUKESH AGENCIES,true,2026-06-18T11:21:00.000Z,2026-06-18T07:40:08.337Z
6a6480de0cfec74546fb4dd5,101,TOOYUMM,1448,01-AMBIKA SUPER SHOPPY,1,01-LOHEGOAN,DIST-1001,FIRM-2001,MUKESH AGENCIES,true,2026-06-18T11:21:00.000Z,2026-06-18T07:40:08.337Z
6a6480de0cfec74546fb4dd6,101,TOOYUMM,1451,"01-MAHADEV SUPER MARKET,.",1,01-LOHEGOAN,DIST-1001,FIRM-2001,MUKESH AGENCIES,true,2026-06-18T11:21:00.000Z,2026-06-18T07:40:08.337Z
6a6480de0cfec74546fb4dd7,101,TOOYUMM,2001,2001,1,01-LOHEGOAN,DIST-1001,FIRM-2001,MUKESH AGENCIES,true,2026-06-18T11:21:00.000Z,2026-06-18T07:40:08.337Z
6a6480de0cfec74546fb4dd8,101,TOOYUMM,2418,2418,1,01-LOHEGOAN,DIST-1001,FIRM-2001,MUKESH AGENCIES,true,2026-06-18T11:21:00.000Z,2026-06-18T07:40:08.337Z
6a6480de0cfec74546fb4dd9,101,TOOYUMM,2430,2430,1,01-LOHEGOAN,DIST-1001,FIRM-2001,MUKESH AGENCIES,true,2026-06-18T11:21:00.000Z,2026-06-18T07:40:08.337Z
6a6480de0cfec74546fb4dda,101,TOOYUMM,2432,2432,1,01-LOHEGOAN,DIST-1001,FIRM-2001,MUKESH AGENCIES,true,2026-06-18T11:21:00.000Z,2026-06-18T07:40:08.337Z
6a6480de0cfec74546fb4ddb,101,TOOYUMM,2433,2433,1,01-LOHEGOAN,DIST-1001,FIRM-2001,MUKESH AGENCIES,true,2026-06-18T11:21:00.000Z,2026-06-18T07:40:08.337Z
6a6480de0cfec74546fb4ddc,101,TOOYUMM,2435,2435,1,01-LOHEGOAN,DIST-1001,FIRM-2001,MUKESH AGENCIES,true,2026-06-18T11:21:00.000Z,2026-06-18T07:40:08.337Z
6a6480de0cfec74546fb4ddd,101,TOOYUMM,2436,2436,1,01-LOHEGOAN,DIST-1001,FIRM-2001,MUKESH AGENCIES,true,2026-06-18T11:21:00.000Z,2026-06-18T07:40:08.337Z
6a6480de0cfec74546fb4dde,101,TOOYUMM,2437,2437,1,01-LOHEGOAN,DIST-1001,FIRM-2001,MUKESH AGENCIES,true,2026-06-18T11:21:00.000Z,2026-06-18T07:40:08.337Z
6a6480de0cfec74546fb4ddf,101,TOOYUMM,2438,2438,1,01-LOHEGOAN,DIST-1001,FIRM-2001,MUKESH AGENCIES,true,2026-06-18T11:21:00.000Z,2026-06-18T07:40:08.337Z
6a6480de0cfec74546fb4de0,101,TOOYUMM,2439,2439,1,01-LOHEGOAN,DIST-1001,FIRM-2001,MUKESH AGENCIES,true,2026-06-18T11:21:00.000Z,2026-06-18T07:40:08.337Z
6a6480de0cfec74546fb4de1,101,TOOYUMM,2451,2451,1,01-LOHEGOAN,DIST-1001,FIRM-2001,MUKESH AGENCIES,true,2026-06-18T11:21:00.000Z,2026-06-18T07:40:08.337Z
6a6480de0cfec74546fb4de2,101,TOOYUMM,2455,2455,1,01-LOHEGOAN,DIST-1001,FIRM-2001,MUKESH AGENCIES,true,2026-06-18T11:21:00.000Z,2026-06-18T07:40:08.337Z
6a6480de0cfec74546fb4de3,101,TOOYUMM,2456,2456,1,01-LOHEGOAN,DIST-1001,FIRM-2001,MUKESH AGENCIES,true,2026-06-18T11:21:00.000Z,2026-06-18T07:40:08.337Z
6a6480de0cfec74546fb4de4,101,TOOYUMM,2457,2457,1,01-LOHEGOAN,DIST-1001,FIRM-2001,MUKESH AGENCIES,true,2026-06-18T11:21:00.000Z,2026-06-18T07:40:08.337Z
6a6480de0cfec74546fb4de5,101,TOOYUMM,2461,2461,1,01-LOHEGOAN,DIST-1001,FIRM-2001,MUKESH AGENCIES,true,2026-06-18T11:21:00.000Z,2026-06-18T07:40:08.337Z
6a6480de0cfec74546fb4de6,101,TOOYUMM,2465,2465,1,01-LOHEGOAN,DIST-1001,FIRM-2001,MUKESH AGENCIES,true,2026-06-18T11:21:00.000Z,2026-06-18T07:40:08.337Z
6a6480de0cfec74546fb4de7,101,TOOYUMM,2468,2468,1,01-LOHEGOAN,DIST-1001,FIRM-2001,MUKESH AGENCIES,true,2026-06-18T11:21:00.000Z,2026-06-18T07:40:08.337Z
6a6480de0cfec74546fb4de8,101,TOOYUMM,2472,2472,1,01-LOHEGOAN,DIST-1001,FIRM-2001,MUKESH AGENCIES,true,2026-06-18T11:21:00.000Z,2026-06-18T07:40:08.337Z
6a6480de0cfec74546fb4de9,101,TOOYUMM,2473,2473,1,01-LOHEGOAN,DIST-1001,FIRM-2001,MUKESH AGENCIES,true,2026-06-18T11:21:00.000Z,2026-06-18T07:40:08.337Z
6a6480de0cfec74546fb4dea,101,TOOYUMM,2482,2482,1,01-LOHEGOAN,DIST-1001,FIRM-2001,MUKESH AGENCIES,true,2026-06-18T11:21:00.000Z,2026-06-18T07:40:08.337Z
6a6480de0cfec74546fb4deb,101,TOOYUMM,2485,2485,1,01-LOHEGOAN,DIST-1001,FIRM-2001,MUKESH AGENCIES,true,2026-06-18T11:21:00.000Z,2026-06-18T07:40:08.337Z
6a6480de0cfec74546fb4dec,101,TOOYUMM,2486,2486,1,01-LOHEGOAN,DIST-1001,FIRM-2001,MUKESH AGENCIES,true,2026-06-18T11:21:00.000Z,2026-06-18T07:40:08.337Z
6a6480de0cfec74546fb4ded,101,TOOYUMM,2487,2487,1,01-LOHEGOAN,DIST-1001,FIRM-2001,MUKESH AGENCIES,true,2026-06-18T11:21:00.000Z,2026-06-18T07:40:08.337Z
6a6480de0cfec74546fb4dee,101,TOOYUMM,2488,2488,1,01-LOHEGOAN,DIST-1001,FIRM-2001,MUKESH AGENCIES,true,2026-06-18T11:21:00.000Z,2026-06-18T07:40:08.337Z
6a6480de0cfec74546fb4def,101,TOOYUMM,2496,2496,1,01-LOHEGOAN,DIST-1001,FIRM-2001,MUKESH AGENCIES,true,2026-06-18T11:21:00.000Z,2026-06-18T07:40:08.337Z
6a6480de0cfec74546fb4df0,101,TOOYUMM,2500,2500,1,01-LOHEGOAN,DIST-1001,FIRM-2001,MUKESH AGENCIES,true,2026-06-18T11:21:00.000Z,2026-06-18T07:40:08.337Z
6a6480de0cfec74546fb4df1,101,TOOYUMM,2501,2501,1,01-LOHEGOAN,DIST-1001,FIRM-2001,MUKESH AGENCIES,true,2026-06-18T11:21:00.000Z,2026-06-18T07:40:08.337Z
6a6480de0cfec74546fb4df2,101,TOOYUMM,2502,2502,1,01-LOHEGOAN,DIST-1001,FIRM-2001,MUKESH AGENCIES,true,2026-06-18T11:21:00.000Z,2026-06-18T07:40:08.337Z
6a6480de0cfec74546fb4df3,101,TOOYUMM,2503,2503,1,01-LOHEGOAN,DIST-1001,FIRM-2001,MUKESH AGENCIES,true,2026-06-18T11:21:00.000Z,2026-06-18T07:40:08.337Z
6a6480de0cfec74546fb4df4,101,TOOYUMM,2509,2509,1,01-LOHEGOAN,DIST-1001,FIRM-2001,MUKESH AGENCIES,true,2026-06-18T11:21:00.000Z,2026-06-18T07:40:08.337Z
6a6480de0cfec74546fb4df5,101,TOOYUMM,2519,2519,1,01-LOHEGOAN,DIST-1001,FIRM-2001,MUKESH AGENCIES,true,2026-06-18T11:21:00.000Z,2026-06-18T07:40:08.337Z
6a6480de0cfec74546fb4df6,101,TOOYUMM,2522,2522,1,01-LOHEGOAN,DIST-1001,FIRM-2001,MUKESH AGENCIES,true,2026-06-18T11:21:00.000Z,2026-06-18T07:40:08.337Z
6a6480de0cfec74546fb4df7,101,TOOYUMM,2532,2532,1,01-LOHEGOAN,DIST-1001,FIRM-2001,MUKESH AGENCIES,true,2026-06-18T11:21:00.000Z,2026-06-18T07:40:08.337Z
6a6480de0cfec74546fb4df8,101,TOOYUMM,2539,2539,1,01-LOHEGOAN,DIST-1001,FIRM-2001,MUKESH AGENCIES,true,2026-06-18T11:21:00.000Z,2026-06-18T07:40:08.337Z
6a6480de0cfec74546fb4df9,101,TOOYUMM,2540,2540,1,01-LOHEGOAN,DIST-1001,FIRM-2001,MUKESH AGENCIES,true,2026-06-18T11:21:00.000Z,2026-06-18T07:40:08.337Z
6a6480de0cfec74546fb4dfa,101,TOOYUMM,2541,2541,1,01-LOHEGOAN,DIST-1001,FIRM-2001,MUKESH AGENCIES,true,2026-06-18T11:21:00.000Z,2026-06-18T07:40:08.337Z
6a6480de0cfec74546fb4dfb,101,TOOYUMM,2542,2542,1,01-LOHEGOAN,DIST-1001,FIRM-2001,MUKESH AGENCIES,true,2026-06-18T11:21:00.000Z,2026-06-18T07:40:08.337Z
6a6480de0cfec74546fb4dfc,101,TOOYUMM,2543,2543,1,01-LOHEGOAN,DIST-1001,FIRM-2001,MUKESH AGENCIES,true,2026-06-18T11:21:00.000Z,2026-06-18T07:40:08.337Z
6a6480de0cfec74546fb4dfd,101,TOOYUMM,2545,2545,1,01-LOHEGOAN,DIST-1001,FIRM-2001,MUKESH AGENCIES,true,2026-06-18T11:21:00.000Z,2026-06-18T07:40:08.337Z
6a6480de0cfec74546fb4dfe,101,TOOYUMM,2548,2548,1,01-LOHEGOAN,DIST-1001,FIRM-2001,MUKESH AGENCIES,true,2026-06-18T11:21:00.000Z,2026-06-18T07:40:08.337Z
6a6480de0cfec74546fb4dff,101,TOOYUMM,2549,2549,1,01-LOHEGOAN,DIST-1001,FIRM-2001,MUKESH AGENCIES,true,2026-06-18T11:21:00.000Z,2026-06-18T07:40:08.337Z
6a6480de0cfec74546fb4e00,101,TOOYUMM,2550,2550,1,01-LOHEGOAN,DIST-1001,FIRM-2001,MUKESH AGENCIES,true,2026-06-18T11:21:00.000Z,2026-06-18T07:40:08.337Z
6a6480de0cfec74546fb4e01,101,TOOYUMM,2551,2551,1,01-LOHEGOAN,DIST-1001,FIRM-2001,MUKESH AGENCIES,true,2026-06-18T11:21:00.000Z,2026-06-18T07:40:08.337Z
6a6480de0cfec74546fb4e02,101,TOOYUMM,2554,2554,1,01-LOHEGOAN,DIST-1001,FIRM-2001,MUKESH AGENCIES,true,2026-06-18T11:21:00.000Z,2026-06-18T07:40:08.337Z
6a6480de0cfec74546fb4e03,101,TOOYUMM,2555,2555,1,01-LOHEGOAN,DIST-1001,FIRM-2001,MUKESH AGENCIES,true,2026-06-18T11:21:00.000Z,2026-06-18T07:40:08.337Z
6a6480de0cfec74546fb4e04,101,TOOYUMM,2556,2556,1,01-LOHEGOAN,DIST-1001,FIRM-2001,MUKESH AGENCIES,true,2026-06-18T11:21:00.000Z,2026-06-18T07:40:08.337Z
6a6480de0cfec74546fb4e05,101,TOOYUMM,2558,2558,1,01-LOHEGOAN,DIST-1001,FIRM-2001,MUKESH AGENCIES,true,2026-06-18T11:21:00.000Z,2026-06-18T07:40:08.337Z
6a6480de0cfec74546fb4e06,101,TOOYUMM,2562,2562,1,01-LOHEGOAN,DIST-1001,FIRM-2001,MUKESH AGENCIES,true,2026-06-18T11:21:00.000Z,2026-06-18T07:40:08.337Z
6a6480de0cfec74546fb4e07,101,TOOYUMM,2563,2563,1,01-LOHEGOAN,DIST-1001,FIRM-2001,MUKESH AGENCIES,true,2026-06-18T11:21:00.000Z,2026-06-18T07:40:08.337Z
6a6480de0cfec74546fb4e08,101,TOOYUMM,2566,2566,1,01-LOHEGOAN,DIST-1001,FIRM-2001,MUKESH AGENCIES,true,2026-06-18T11:21:00.000Z,2026-06-18T07:40:08.337Z
6a6480de0cfec74546fb4e09,101,TOOYUMM,2569,2569,1,01-LOHEGOAN,DIST-1001,FIRM-2001,MUKESH AGENCIES,true,2026-06-18T11:21:00.000Z,2026-06-18T07:40:08.337Z
6a6480de0cfec74546fb4e0a,101,TOOYUMM,2574,2574,1,01-LOHEGOAN,DIST-1001,FIRM-2001,MUKESH AGENCIES,true,2026-06-18T11:21:00.000Z,2026-06-18T07:40:08.337Z
6a6480de0cfec74546fb4e0b,101,TOOYUMM,2575,2575,1,01-LOHEGOAN,DIST-1001,FIRM-2001,MUKESH AGENCIES,true,2026-06-18T11:21:00.000Z,2026-06-18T07:40:08.337Z
6a6480de0cfec74546fb4e0c,101,TOOYUMM,2576,2576,1,01-LOHEGOAN,DIST-1001,FIRM-2001,MUKESH AGENCIES,true,2026-06-18T11:21:00.000Z,2026-06-18T07:40:08.337Z
6a6480de0cfec74546fb4e0d,101,TOOYUMM,2582,2582,1,01-LOHEGOAN,DIST-1001,FIRM-2001,MUKESH AGENCIES,true,2026-06-18T11:21:00.000Z,2026-06-18T07:40:08.337Z
6a6480de0cfec74546fb4e0e,101,TOOYUMM,2587,2587,1,01-LOHEGOAN,DIST-1001,FIRM-2001,MUKESH AGENCIES,true,2026-06-18T11:21:00.000Z,2026-06-18T07:40:08.337Z
6a6480de0cfec74546fb4e0f,101,TOOYUMM,2607,2607,1,01-LOHEGOAN,DIST-1001,FIRM-2001,MUKESH AGENCIES,true,2026-06-18T11:21:00.000Z,2026-06-18T07:40:08.337Z
6a6480de0cfec74546fb4e10,101,TOOYUMM,2619,2619,1,01-LOHEGOAN,DIST-1001,FIRM-2001,MUKESH AGENCIES,true,2026-06-18T11:21:00.000Z,2026-06-18T07:40:08.337Z
6a6480de0cfec74546fb4e11,101,TOOYUMM,2623,2623,1,01-LOHEGOAN,DIST-1001,FIRM-2001,MUKESH AGENCIES,true,2026-06-18T11:21:00.000Z,2026-06-18T07:40:08.337Z
6a6480de0cfec74546fb4e12,101,TOOYUMM,2624,2624,1,01-LOHEGOAN,DIST-1001,FIRM-2001,MUKESH AGENCIES,true,2026-06-18T11:21:00.000Z,2026-06-18T07:40:08.337Z
6a6480de0cfec74546fb4e13,101,TOOYUMM,2625,2625,1,01-LOHEGOAN,DIST-1001,FIRM-2001,MUKESH AGENCIES,true,2026-06-18T11:21:00.000Z,2026-06-18T07:40:08.337Z
6a6480de0cfec74546fb4e14,101,TOOYUMM,2626,2626,1,01-LOHEGOAN,DIST-1001,FIRM-2001,MUKESH AGENCIES,true,2026-06-18T11:21:00.000Z,2026-06-18T07:40:08.337Z
6a6480de0cfec74546fb4e15,101,TOOYUMM,2629,2629,1,01-LOHEGOAN,DIST-1001,FIRM-2001,MUKESH AGENCIES,true,2026-06-18T11:21:00.000Z,2026-06-18T07:40:08.337Z
6a6480de0cfec74546fb4e16,101,TOOYUMM,2630,2630,1,01-LOHEGOAN,DIST-1001,FIRM-2001,MUKESH AGENCIES,true,2026-06-18T11:21:00.000Z,2026-06-18T07:40:08.337Z
6a6480de0cfec74546fb4e17,101,TOOYUMM,2637,2637,1,01-LOHEGOAN,DIST-1001,FIRM-2001,MUKESH AGENCIES,true,2026-06-18T11:21:00.000Z,2026-06-18T07:40:08.337Z
6a6480de0cfec74546fb4e18,101,TOOYUMM,2638,2638,1,01-LOHEGOAN,DIST-1001,FIRM-2001,MUKESH AGENCIES,true,2026-06-18T11:21:00.000Z,2026-06-18T07:40:08.337Z
6a6480de0cfec74546fb4e19,101,TOOYUMM,2639,2639,1,01-LOHEGOAN,DIST-1001,FIRM-2001,MUKESH AGENCIES,true,2026-06-18T11:21:00.000Z,2026-06-18T07:40:08.337Z
6a6480de0cfec74546fb4e1a,101,TOOYUMM,2640,2640,1,01-LOHEGOAN,DIST-1001,FIRM-2001,MUKESH AGENCIES,true,2026-06-18T11:21:00.000Z,2026-06-18T07:40:08.337Z
6a6480de0cfec74546fb4e1b,101,TOOYUMM,2641,2641,1,01-LOHEGOAN,DIST-1001,FIRM-2001,MUKESH AGENCIES,true,2026-06-18T11:21:00.000Z,2026-06-18T07:40:08.337Z
6a6480de0cfec74546fb4e1c,101,TOOYUMM,2642,2642,1,01-LOHEGOAN,DIST-1001,FIRM-2001,MUKESH AGENCIES,true,2026-06-18T11:21:00.000Z,2026-06-18T07:40:08.337Z
6a6480de0cfec74546fb4e1d,101,TOOYUMM,2644,2644,1,01-LOHEGOAN,DIST-1001,FIRM-2001,MUKESH AGENCIES,true,2026-06-18T11:21:00.000Z,2026-06-18T07:40:08.337Z
6a6480de0cfec74546fb4e1e,101,TOOYUMM,2645,2645,1,01-LOHEGOAN,DIST-1001,FIRM-2001,MUKESH AGENCIES,true,2026-06-18T11:21:00.000Z,2026-06-18T07:40:08.337Z
6a6480de0cfec74546fb4e1f,101,TOOYUMM,2646,2646,1,01-LOHEGOAN,DIST-1001,FIRM-2001,MUKESH AGENCIES,true,2026-06-18T11:21:00.000Z,2026-06-18T07:40:08.337Z
6a6480de0cfec74546fb4e20,101,TOOYUMM,2647,2647,1,01-LOHEGOAN,DIST-1001,FIRM-2001,MUKESH AGENCIES,true,2026-06-18T11:21:00.000Z,2026-06-18T07:40:08.337Z
6a6480de0cfec74546fb4e21,101,TOOYUMM,2658,2658,1,01-LOHEGOAN,DIST-1001,FIRM-2001,MUKESH AGENCIES,true,2026-06-18T11:21:00.000Z,2026-06-18T07:40:08.337Z
6a6480de0cfec74546fb4e22,101,TOOYUMM,2664,2664,1,01-LOHEGOAN,DIST-1001,FIRM-2001,MUKESH AGENCIES,true,2026-06-18T11:21:00.000Z,2026-06-18T07:40:08.337Z
6a6480de0cfec74546fb4e23,101,TOOYUMM,2670,2670,1,01-LOHEGOAN,DIST-1001,FIRM-2001,MUKESH AGENCIES,true,2026-06-18T11:21:00.000Z,2026-06-18T07:40:08.337Z
6a6480de0cfec74546fb4e24,101,TOOYUMM,2671,2671,1,01-LOHEGOAN,DIST-1001,FIRM-2001,MUKESH AGENCIES,true,2026-06-18T11:21:00.000Z,2026-06-18T07:40:08.337Z
6a6480de0cfec74546fb4e25,101,TOOYUMM,2672,2672,1,01-LOHEGOAN,DIST-1001,FIRM-2001,MUKESH AGENCIES,true,2026-06-18T11:21:00.000Z,2026-06-18T07:40:08.337Z
6a6480de0cfec74546fb4e26,101,TOOYUMM,2674,2674,1,01-LOHEGOAN,DIST-1001,FIRM-2001,MUKESH AGENCIES,true,2026-06-18T11:21:00.000Z,2026-06-18T07:40:08.337Z
6a6480de0cfec74546fb4e27,101,TOOYUMM,2675,2675,1,01-LOHEGOAN,DIST-1001,FIRM-2001,MUKESH AGENCIES,true,2026-06-18T11:21:00.000Z,2026-06-18T07:40:08.337Z
6a6480de0cfec74546fb4e28,101,TOOYUMM,2676,2676,1,01-LOHEGOAN,DIST-1001,FIRM-2001,MUKESH AGENCIES,true,2026-06-18T11:21:00.000Z,2026-06-18T07:40:08.337Z
6a6480de0cfec74546fb4e29,101,TOOYUMM,2703,2703,1,01-LOHEGOAN,DIST-1001,FIRM-2001,MUKESH AGENCIES,true,2026-06-18T11:21:00.000Z,2026-06-18T07:40:08.337Z
6a6480de0cfec74546fb4e2a,101,TOOYUMM,2757,2757,1,01-LOHEGOAN,DIST-1001,FIRM-2001,MUKESH AGENCIES,true,2026-06-18T11:21:00.000Z,2026-06-18T07:40:08.337Z
6a6480de0cfec74546fb4e2b,101,TOOYUMM,2887,2887,1,01-LOHEGOAN,DIST-1001,FIRM-2001,MUKESH AGENCIES,true,2026-06-18T11:21:00.000Z,2026-06-18T07:40:08.337Z
6a6480de0cfec74546fb4e2c,101,TOOYUMM,2908,2908,1,01-LOHEGOAN,DIST-1001,FIRM-2001,MUKESH AGENCIES,true,2026-06-18T11:21:00.000Z,2026-06-18T07:40:08.337Z
6a6480de0cfec74546fb4e2d,101,TOOYUMM,2909,2909,1,01-LOHEGOAN,DIST-1001,FIRM-2001,MUKESH AGENCIES,true,2026-06-18T11:21:00.000Z,2026-06-18T07:40:08.337Z
6a6480de0cfec74546fb4e2e,101,TOOYUMM,2932,2932,1,01-LOHEGOAN,DIST-1001,FIRM-2001,MUKESH AGENCIES,true,2026-06-18T11:21:00.000Z,2026-06-18T07:40:08.337Z
6a6480de0cfec74546fb4e2f,101,TOOYUMM,2946,2946,1,01-LOHEGOAN,DIST-1001,FIRM-2001,MUKESH AGENCIES,true,2026-06-18T11:21:00.000Z,2026-06-18T07:40:08.337Z
6a6480de0cfec74546fb4e30,101,TOOYUMM,2947,2947,1,01-LOHEGOAN,DIST-1001,FIRM-2001,MUKESH AGENCIES,true,2026-06-18T11:21:00.000Z,2026-06-18T07:40:08.337Z
6a6480de0cfec74546fb4e31,101,TOOYUMM,2948,2948,1,01-LOHEGOAN,DIST-1001,FIRM-2001,MUKESH AGENCIES,true,2026-06-18T11:21:00.000Z,2026-06-18T07:40:08.337Z
6a6480de0cfec74546fb4e32,101,TOOYUMM,2949,2949,1,01-LOHEGOAN,DIST-1001,FIRM-2001,MUKESH AGENCIES,true,2026-06-18T11:21:00.000Z,2026-06-18T07:40:08.337Z
6a6480de0cfec74546fb4e33,101,TOOYUMM,2975,2975,1,01-LOHEGOAN,DIST-1001,FIRM-2001,MUKESH AGENCIES,true,2026-06-18T11:21:00.000Z,2026-06-18T07:40:08.337Z
6a6480de0cfec74546fb4e34,101,TOOYUMM,3156,3156,1,01-LOHEGOAN,DIST-1001,FIRM-2001,MUKESH AGENCIES,true,2026-06-18T11:21:00.000Z,2026-06-18T07:40:08.337Z
6a6480de0cfec74546fb4e35,101,TOOYUMM,3157,3157,1,01-LOHEGOAN,DIST-1001,FIRM-2001,MUKESH AGENCIES,true,2026-06-18T11:21:00.000Z,2026-06-18T07:40:08.337Z
6a6480de0cfec74546fb4e36,101,TOOYUMM,3158,3158,1,01-LOHEGOAN,DIST-1001,FIRM-2001,MUKESH AGENCIES,true,2026-06-18T11:21:00.000Z,2026-06-18T07:40:08.337Z
6a6480de0cfec74546fb4e37,101,TOOYUMM,3188,3188,1,01-LOHEGOAN,DIST-1001,FIRM-2001,MUKESH AGENCIES,true,2026-06-18T11:21:00.000Z,2026-06-18T07:40:08.337Z
6a6480de0cfec74546fb4e38,101,TOOYUMM,3189,3189,1,01-LOHEGOAN,DIST-1001,FIRM-2001,MUKESH AGENCIES,true,2026-06-18T11:21:00.000Z,2026-06-18T07:40:08.337Z
6a6480de0cfec74546fb4e39,101,TOOYUMM,3203,3203,1,01-LOHEGOAN,DIST-1001,FIRM-2001,MUKESH AGENCIES,true,2026-06-18T11:21:00.000Z,2026-06-18T07:40:08.337Z
6a6480de0cfec74546fb4e3a,101,TOOYUMM,3215,3215,1,01-LOHEGOAN,DIST-1001,FIRM-2001,MUKESH AGENCIES,true,2026-06-18T11:21:00.000Z,2026-06-18T07:40:08.337Z
6a6480de0cfec74546fb4e3b,101,TOOYUMM,3223,3223,1,01-LOHEGOAN,DIST-1001,FIRM-2001,MUKESH AGENCIES,true,2026-06-18T11:21:00.000Z,2026-06-18T07:40:08.337Z
6a6480de0cfec74546fb4e3c,101,TOOYUMM,3233,3233,1,01-LOHEGOAN,DIST-1001,FIRM-2001,MUKESH AGENCIES,true,2026-06-18T11:21:00.000Z,2026-06-18T07:40:08.337Z
6a6480de0cfec74546fb4e3d,101,TOOYUMM,3243,3243,1,01-LOHEGOAN,DIST-1001,FIRM-2001,MUKESH AGENCIES,true,2026-06-18T11:21:00.000Z,2026-06-18T07:40:08.337Z
6a6480de0cfec74546fb4e3e,101,TOOYUMM,3244,3244,1,01-LOHEGOAN,DIST-1001,FIRM-2001,MUKESH AGENCIES,true,2026-06-18T11:21:00.000Z,2026-06-18T07:40:08.337Z
6a6480de0cfec74546fb4e3f,101,TOOYUMM,3263,3263,1,01-LOHEGOAN,DIST-1001,FIRM-2001,MUKESH AGENCIES,true,2026-06-18T11:21:00.000Z,2026-06-18T07:40:08.337Z
6a6480de0cfec74546fb4e40,101,TOOYUMM,3287,3287,1,01-LOHEGOAN,DIST-1001,FIRM-2001,MUKESH AGENCIES,true,2026-06-18T11:21:00.000Z,2026-06-18T07:40:08.337Z
6a6480de0cfec74546fb4e41,101,TOOYUMM,3297,3297,1,01-LOHEGOAN,DIST-1001,FIRM-2001,MUKESH AGENCIES,true,2026-06-18T11:21:00.000Z,2026-06-18T07:40:08.337Z
6a6480de0cfec74546fb4e42,101,TOOYUMM,3338,3338,1,01-LOHEGOAN,DIST-1001,FIRM-2001,MUKESH AGENCIES,true,2026-06-18T11:21:00.000Z,2026-06-18T07:40:08.337Z
6a6480de0cfec74546fb4e43,101,TOOYUMM,3339,3339,1,01-LOHEGOAN,DIST-1001,FIRM-2001,MUKESH AGENCIES,true,2026-06-18T11:21:00.000Z,2026-06-18T07:40:08.337Z
6a6480de0cfec74546fb4e44,101,TOOYUMM,3346,3346,1,01-LOHEGOAN,DIST-1001,FIRM-2001,MUKESH AGENCIES,true,2026-06-18T11:21:00.000Z,2026-06-18T07:40:08.337Z
6a6480de0cfec74546fb4e45,101,TOOYUMM,3375,3375,1,01-LOHEGOAN,DIST-1001,FIRM-2001,MUKESH AGENCIES,true,2026-06-18T11:21:00.000Z,2026-06-18T07:40:08.337Z
6a6480de0cfec74546fb4e46,101,TOOYUMM,3376,3376,1,01-LOHEGOAN,DIST-1001,FIRM-2001,MUKESH AGENCIES,true,2026-06-18T11:21:00.000Z,2026-06-18T07:40:08.337Z
6a6480de0cfec74546fb4e47,101,TOOYUMM,3381,3381,1,01-LOHEGOAN,DIST-1001,FIRM-2001,MUKESH AGENCIES,true,2026-06-18T11:21:00.000Z,2026-06-18T07:40:08.337Z
6a6480de0cfec74546fb4e48,101,TOOYUMM,3382,3382,1,01-LOHEGOAN,DIST-1001,FIRM-2001,MUKESH AGENCIES,true,2026-06-18T11:21:00.000Z,2026-06-18T07:40:08.337Z
6a6480de0cfec74546fb4e49,101,TOOYUMM,3409,3409,1,01-LOHEGOAN,DIST-1001,FIRM-2001,MUKESH AGENCIES,true,2026-06-18T11:21:00.000Z,2026-06-18T07:40:08.337Z
6a6480de0cfec74546fb4e4a,101,TOOYUMM,3435,3435,1,01-LOHEGOAN,DIST-1001,FIRM-2001,MUKESH AGENCIES,true,2026-06-18T11:21:00.000Z,2026-06-18T07:40:08.337Z
6a6480de0cfec74546fb4e4b,101,TOOYUMM,3457,3457,1,01-LOHEGOAN,DIST-1001,FIRM-2001,MUKESH AGENCIES,true,2026-06-18T11:21:00.000Z,2026-06-18T07:40:08.337Z
6a6480de0cfec74546fb4e4c,101,TOOYUMM,3465,3465,1,01-LOHEGOAN,DIST-1001,FIRM-2001,MUKESH AGENCIES,true,2026-06-18T11:21:00.000Z,2026-06-18T07:40:08.337Z
6a6480de0cfec74546fb4e4d,101,TOOYUMM,3466,3466,1,01-LOHEGOAN,DIST-1001,FIRM-2001,MUKESH AGENCIES,true,2026-06-18T11:21:00.000Z,2026-06-18T07:40:08.337Z
6a6480de0cfec74546fb4e4e,101,TOOYUMM,3470,3470,1,01-LOHEGOAN,DIST-1001,FIRM-2001,MUKESH AGENCIES,true,2026-06-18T11:21:00.000Z,2026-06-18T07:40:08.337Z
6a6480de0cfec74546fb4e4f,101,TOOYUMM,3472,3472,1,01-LOHEGOAN,DIST-1001,FIRM-2001,MUKESH AGENCIES,true,2026-06-18T11:21:00.000Z,2026-06-18T07:40:08.337Z
6a6480de0cfec74546fb4e50,101,TOOYUMM,3475,3475,1,01-LOHEGOAN,DIST-1001,FIRM-2001,MUKESH AGENCIES,true,2026-06-18T11:21:00.000Z,2026-06-18T07:40:08.337Z
6a6480de0cfec74546fb4e51,101,TOOYUMM,3494,3494,1,01-LOHEGOAN,DIST-1001,FIRM-2001,MUKESH AGENCIES,true,2026-06-18T11:21:00.000Z,2026-06-18T07:40:08.337Z
6a6480de0cfec74546fb4e52,101,TOOYUMM,3515,3515,1,01-LOHEGOAN,DIST-1001,FIRM-2001,MUKESH AGENCIES,true,2026-06-18T11:21:00.000Z,2026-06-18T07:40:08.337Z
6a6480de0cfec74546fb4e53,101,TOOYUMM,3520,3520,1,01-LOHEGOAN,DIST-1001,FIRM-2001,MUKESH AGENCIES,true,2026-06-18T11:21:00.000Z,2026-06-18T07:40:08.337Z
6a6480de0cfec74546fb4e54,101,TOOYUMM,3522,3522,1,01-LOHEGOAN,DIST-1001,FIRM-2001,MUKESH AGENCIES,true,2026-06-18T11:21:00.000Z,2026-06-18T07:40:08.337Z
6a6480de0cfec74546fb4e55,101,TOOYUMM,3523,3523,1,01-LOHEGOAN,DIST-1001,FIRM-2001,MUKESH AGENCIES,true,2026-06-18T11:21:00.000Z,2026-06-18T07:40:08.337Z
6a6480de0cfec74546fb4e56,101,TOOYUMM,3528,3528,1,01-LOHEGOAN,DIST-1001,FIRM-2001,MUKESH AGENCIES,true,2026-06-18T11:21:00.000Z,2026-06-18T07:40:08.337Z
6a6480de0cfec74546fb4e57,101,TOOYUMM,3529,3529,1,01-LOHEGOAN,DIST-1001,FIRM-2001,MUKESH AGENCIES,true,2026-06-18T11:21:00.000Z,2026-06-18T07:40:08.337Z
6a6480de0cfec74546fb4e58,101,TOOYUMM,3530,3530,1,01-LOHEGOAN,DIST-1001,FIRM-2001,MUKESH AGENCIES,true,2026-06-18T11:21:00.000Z,2026-06-18T07:40:08.337Z
6a6480de0cfec74546fb4e59,101,TOOYUMM,3546,3546,1,01-LOHEGOAN,DIST-1001,FIRM-2001,MUKESH AGENCIES,true,2026-06-18T11:21:00.000Z,2026-06-18T07:40:08.337Z
6a6480de0cfec74546fb4e5a,101,TOOYUMM,3554,3554,1,01-LOHEGOAN,DIST-1001,FIRM-2001,MUKESH AGENCIES,true,2026-06-18T11:21:00.000Z,2026-06-18T07:40:08.337Z
6a6480de0cfec74546fb4e5b,101,TOOYUMM,3555,3555,1,01-LOHEGOAN,DIST-1001,FIRM-2001,MUKESH AGENCIES,true,2026-06-18T11:21:00.000Z,2026-06-18T07:40:08.337Z
6a6480de0cfec74546fb4e5c,101,TOOYUMM,3574,3574,1,01-LOHEGOAN,DIST-1001,FIRM-2001,MUKESH AGENCIES,true,2026-06-18T11:21:00.000Z,2026-06-18T07:40:08.337Z
6a6480de0cfec74546fb4e5d,101,TOOYUMM,3579,3579,1,01-LOHEGOAN,DIST-1001,FIRM-2001,MUKESH AGENCIES,true,2026-06-18T11:21:00.000Z,2026-06-18T07:40:08.337Z
6a6480de0cfec74546fb4e5e,101,TOOYUMM,3581,3581,1,01-LOHEGOAN,DIST-1001,FIRM-2001,MUKESH AGENCIES,true,2026-06-18T11:21:00.000Z,2026-06-18T07:40:08.337Z
6a6480de0cfec74546fb4e5f,101,TOOYUMM,3597,3597,1,01-LOHEGOAN,DIST-1001,FIRM-2001,MUKESH AGENCIES,true,2026-06-18T11:21:00.000Z,2026-06-18T07:40:08.337Z
6a6480de0cfec74546fb4e60,101,TOOYUMM,3600,3600,1,01-LOHEGOAN,DIST-1001,FIRM-2001,MUKESH AGENCIES,true,2026-06-18T11:21:00.000Z,2026-06-18T07:40:08.337Z
6a6480de0cfec74546fb4e61,101,TOOYUMM,3615,3615,1,01-LOHEGOAN,DIST-1001,FIRM-2001,MUKESH AGENCIES,true,2026-06-18T11:21:00.000Z,2026-06-18T07:40:08.337Z
6a6480de0cfec74546fb4e62,101,TOOYUMM,3618,3618,1,01-LOHEGOAN,DIST-1001,FIRM-2001,MUKESH AGENCIES,true,2026-06-18T11:21:00.000Z,2026-06-18T07:40:08.337Z
6a6480de0cfec74546fb4e63,101,TOOYUMM,3623,3623,1,01-LOHEGOAN,DIST-1001,FIRM-2001,MUKESH AGENCIES,true,2026-06-18T11:21:00.000Z,2026-06-18T07:40:08.337Z
6a6480de0cfec74546fb4e64,101,TOOYUMM,3667,3667,1,01-LOHEGOAN,DIST-1001,FIRM-2001,MUKESH AGENCIES,true,2026-06-18T11:21:00.000Z,2026-06-18T07:40:08.337Z
6a6480de0cfec74546fb4e65,101,TOOYUMM,3668,3668,1,01-LOHEGOAN,DIST-1001,FIRM-2001,MUKESH AGENCIES,true,2026-06-18T11:21:00.000Z,2026-06-18T07:40:08.337Z
6a6480de0cfec74546fb4e66,101,TOOYUMM,3682,3682,1,01-LOHEGOAN,DIST-1001,FIRM-2001,MUKESH AGENCIES,true,2026-06-18T11:21:00.000Z,2026-06-18T07:40:08.337Z
6a6480de0cfec74546fb4e67,101,TOOYUMM,3683,3683,1,01-LOHEGOAN,DIST-1001,FIRM-2001,MUKESH AGENCIES,true,2026-06-18T11:21:00.000Z,2026-06-18T07:40:08.337Z
6a6480de0cfec74546fb4e68,101,TOOYUMM,3688,3688,1,01-LOHEGOAN,DIST-1001,FIRM-2001,MUKESH AGENCIES,true,2026-06-18T11:21:00.000Z,2026-06-18T07:40:08.337Z
6a6480de0cfec74546fb4e69,101,TOOYUMM,3694,3694,1,01-LOHEGOAN,DIST-1001,FIRM-2001,MUKESH AGENCIES,true,2026-06-18T11:21:00.000Z,2026-06-18T07:40:08.337Z
6a6480de0cfec74546fb4e6a,101,TOOYUMM,3695,3695,1,01-LOHEGOAN,DIST-1001,FIRM-2001,MUKESH AGENCIES,true,2026-06-18T11:21:00.000Z,2026-06-18T07:40:08.337Z
6a6480de0cfec74546fb4e6b,101,TOOYUMM,3696,3696,1,01-LOHEGOAN,DIST-1001,FIRM-2001,MUKESH AGENCIES,true,2026-06-18T11:21:00.000Z,2026-06-18T07:40:08.337Z
6a6480de0cfec74546fb4e6c,101,TOOYUMM,3704,3704,1,01-LOHEGOAN,DIST-1001,FIRM-2001,MUKESH AGENCIES,true,2026-06-18T11:21:00.000Z,2026-06-18T07:40:08.337Z
6a6480de0cfec74546fb4e6d,101,TOOYUMM,3705,3705,1,01-LOHEGOAN,DIST-1001,FIRM-2001,MUKESH AGENCIES,true,2026-06-18T11:21:00.000Z,2026-06-18T07:40:08.337Z
6a6480de0cfec74546fb4e6e,101,TOOYUMM,3708,3708,1,01-LOHEGOAN,DIST-1001,FIRM-2001,MUKESH AGENCIES,true,2026-06-18T11:21:00.000Z,2026-06-18T07:40:08.337Z
6a6480de0cfec74546fb4e6f,101,TOOYUMM,3718,3718,1,01-LOHEGOAN,DIST-1001,FIRM-2001,MUKESH AGENCIES,true,2026-06-18T11:21:00.000Z,2026-06-18T07:40:08.337Z
6a6480de0cfec74546fb4e70,101,TOOYUMM,3719,3719,1,01-LOHEGOAN,DIST-1001,FIRM-2001,MUKESH AGENCIES,true,2026-06-18T11:21:00.000Z,2026-06-18T07:40:08.337Z
6a6480de0cfec74546fb4e71,101,TOOYUMM,3720,3720,1,01-LOHEGOAN,DIST-1001,FIRM-2001,MUKESH AGENCIES,true,2026-06-18T11:21:00.000Z,2026-06-18T07:40:08.337Z
6a6480de0cfec74546fb4e72,101,TOOYUMM,3723,3723,1,01-LOHEGOAN,DIST-1001,FIRM-2001,MUKESH AGENCIES,true,2026-06-18T11:21:00.000Z,2026-06-18T07:40:08.337Z
6a6480de0cfec74546fb4e73,101,TOOYUMM,3733,3733,1,01-LOHEGOAN,DIST-1001,FIRM-2001,MUKESH AGENCIES,true,2026-06-18T11:21:00.000Z,2026-06-18T07:40:08.337Z
6a6480de0cfec74546fb4e74,101,TOOYUMM,3737,3737,1,01-LOHEGOAN,DIST-1001,FIRM-2001,MUKESH AGENCIES,true,2026-06-18T11:21:00.000Z,2026-06-18T07:40:08.337Z
6a6480de0cfec74546fb4e75,101,TOOYUMM,3740,3740,1,01-LOHEGOAN,DIST-1001,FIRM-2001,MUKESH AGENCIES,true,2026-06-18T11:21:00.000Z,2026-06-18T07:40:08.337Z
6a6480de0cfec74546fb4e76,101,TOOYUMM,3744,3744,1,01-LOHEGOAN,DIST-1001,FIRM-2001,MUKESH AGENCIES,true,2026-06-18T11:21:00.000Z,2026-06-18T07:40:08.337Z
6a6480de0cfec74546fb4e77,101,TOOYUMM,3759,3759,1,01-LOHEGOAN,DIST-1001,FIRM-2001,MUKESH AGENCIES,true,2026-06-18T11:21:00.000Z,2026-06-18T07:40:08.337Z
6a6480de0cfec74546fb4e78,101,TOOYUMM,3762,3762,1,01-LOHEGOAN,DIST-1001,FIRM-2001,MUKESH AGENCIES,true,2026-06-18T11:21:00.000Z,2026-06-18T07:40:08.337Z
6a6480de0cfec74546fb4e79,101,TOOYUMM,3775,3775,1,01-LOHEGOAN,DIST-1001,FIRM-2001,MUKESH AGENCIES,true,2026-06-18T11:21:00.000Z,2026-06-18T07:40:08.337Z
6a6480de0cfec74546fb4e7a,101,TOOYUMM,3791,3791,1,01-LOHEGOAN,DIST-1001,FIRM-2001,MUKESH AGENCIES,true,2026-06-18T11:21:00.000Z,2026-06-18T07:40:08.337Z
6a6480de0cfec74546fb4e7b,101,TOOYUMM,3812,3812,1,01-LOHEGOAN,DIST-1001,FIRM-2001,MUKESH AGENCIES,true,2026-06-18T11:21:00.000Z,2026-06-18T07:40:08.337Z
6a6480de0cfec74546fb4e7c,101,TOOYUMM,3864,3864,1,01-LOHEGOAN,DIST-1001,FIRM-2001,MUKESH AGENCIES,true,2026-06-18T11:21:00.000Z,2026-06-18T07:40:08.337Z
6a6480de0cfec74546fb4e7d,101,TOOYUMM,3876,3876,1,01-LOHEGOAN,DIST-1001,FIRM-2001,MUKESH AGENCIES,true,2026-06-18T11:21:00.000Z,2026-06-18T07:40:08.337Z
6a6480de0cfec74546fb4e7e,101,TOOYUMM,3909,3909,1,01-LOHEGOAN,DIST-1001,FIRM-2001,MUKESH AGENCIES,true,2026-06-18T11:21:00.000Z,2026-06-18T07:40:08.337Z
6a6480de0cfec74546fb4e7f,101,TOOYUMM,3910,3910,1,01-LOHEGOAN,DIST-1001,FIRM-2001,MUKESH AGENCIES,true,2026-06-18T11:21:00.000Z,2026-06-18T07:40:08.337Z
6a6480de0cfec74546fb4e80,101,TOOYUMM,3911,3911,1,01-LOHEGOAN,DIST-1001,FIRM-2001,MUKESH AGENCIES,true,2026-06-18T11:21:00.000Z,2026-06-18T07:40:08.337Z
6a6480de0cfec74546fb4e81,101,TOOYUMM,3918,3918,1,01-LOHEGOAN,DIST-1001,FIRM-2001,MUKESH AGENCIES,true,2026-06-18T11:21:00.000Z,2026-06-18T07:40:08.337Z
6a6480de0cfec74546fb4e82,101,TOOYUMM,3931,3931,1,01-LOHEGOAN,DIST-1001,FIRM-2001,MUKESH AGENCIES,true,2026-06-18T11:21:00.000Z,2026-06-18T07:40:08.337Z
6a6480de0cfec74546fb4e83,101,TOOYUMM,3932,3932,1,01-LOHEGOAN,DIST-1001,FIRM-2001,MUKESH AGENCIES,true,2026-06-18T11:21:00.000Z,2026-06-18T07:40:08.337Z
6a6480de0cfec74546fb4e84,101,TOOYUMM,3986,3986,1,01-LOHEGOAN,DIST-1001,FIRM-2001,MUKESH AGENCIES,true,2026-06-18T11:21:00.000Z,2026-06-18T07:40:08.337Z
6a6480de0cfec74546fb4e85,101,TOOYUMM,3987,3987,1,01-LOHEGOAN,DIST-1001,FIRM-2001,MUKESH AGENCIES,true,2026-06-18T11:21:00.000Z,2026-06-18T07:40:08.337Z
6a6480de0cfec74546fb4e86,101,TOOYUMM,3992,3992,1,01-LOHEGOAN,DIST-1001,FIRM-2001,MUKESH AGENCIES,true,2026-06-18T11:21:00.000Z,2026-06-18T07:40:08.337Z
6a6480de0cfec74546fb4e87,101,TOOYUMM,4023,4023,1,01-LOHEGOAN,DIST-1001,FIRM-2001,MUKESH AGENCIES,true,2026-06-18T11:21:00.000Z,2026-06-18T07:40:08.337Z
6a6480de0cfec74546fb4e88,101,TOOYUMM,4030,4030,1,01-LOHEGOAN,DIST-1001,FIRM-2001,MUKESH AGENCIES,true,2026-06-18T11:21:00.000Z,2026-06-18T07:40:08.337Z
6a6480de0cfec74546fb4e89,101,TOOYUMM,4045,4045,1,01-LOHEGOAN,DIST-1001,FIRM-2001,MUKESH AGENCIES,true,2026-06-18T11:21:00.000Z,2026-06-18T07:40:08.337Z
6a6480de0cfec74546fb4e8a,101,TOOYUMM,4072,4072,1,01-LOHEGOAN,DIST-1001,FIRM-2001,MUKESH AGENCIES,true,2026-06-18T11:21:00.000Z,2026-06-18T07:40:08.337Z
6a6480de0cfec74546fb4e8b,101,TOOYUMM,4081,4081,1,01-LOHEGOAN,DIST-1001,FIRM-2001,MUKESH AGENCIES,true,2026-06-18T11:21:00.000Z,2026-06-18T07:40:08.337Z
6a6480de0cfec74546fb4e8c,101,TOOYUMM,4082,4082,1,01-LOHEGOAN,DIST-1001,FIRM-2001,MUKESH AGENCIES,true,2026-06-18T11:21:00.000Z,2026-06-18T07:40:08.337Z
6a6480de0cfec74546fb4e8d,101,TOOYUMM,4091,4091,1,01-LOHEGOAN,DIST-1001,FIRM-2001,MUKESH AGENCIES,true,2026-06-18T11:21:00.000Z,2026-06-18T07:40:08.337Z
6a6480de0cfec74546fb4e8e,101,TOOYUMM,4103,4103,1,01-LOHEGOAN,DIST-1001,FIRM-2001,MUKESH AGENCIES,true,2026-06-18T11:21:00.000Z,2026-06-18T07:40:08.337Z
6a6480de0cfec74546fb4e8f,101,TOOYUMM,4104,4104,1,01-LOHEGOAN,DIST-1001,FIRM-2001,MUKESH AGENCIES,true,2026-06-18T11:21:00.000Z,2026-06-18T07:40:08.337Z
6a6480de0cfec74546fb4e90,101,TOOYUMM,4105,4105,1,01-LOHEGOAN,DIST-1001,FIRM-2001,MUKESH AGENCIES,true,2026-06-18T11:21:00.000Z,2026-06-18T07:40:08.337Z
6a6480de0cfec74546fb4e91,101,TOOYUMM,4106,4106,1,01-LOHEGOAN,DIST-1001,FIRM-2001,MUKESH AGENCIES,true,2026-06-18T11:21:00.000Z,2026-06-18T07:40:08.337Z
6a6480de0cfec74546fb4e92,101,TOOYUMM,4109,4109,1,01-LOHEGOAN,DIST-1001,FIRM-2001,MUKESH AGENCIES,true,2026-06-18T11:21:00.000Z,2026-06-18T07:40:08.337Z
6a6480de0cfec74546fb4e93,101,TOOYUMM,4110,4110,1,01-LOHEGOAN,DIST-1001,FIRM-2001,MUKESH AGENCIES,true,2026-06-18T11:21:00.000Z,2026-06-18T07:40:08.337Z
6a6480de0cfec74546fb4e94,101,TOOYUMM,4113,4113,1,01-LOHEGOAN,DIST-1001,FIRM-2001,MUKESH AGENCIES,true,2026-06-18T11:21:00.000Z,2026-06-18T07:40:08.337Z
6a6480de0cfec74546fb4e95,101,TOOYUMM,4127,4127,1,01-LOHEGOAN,DIST-1001,FIRM-2001,MUKESH AGENCIES,true,2026-06-18T11:21:00.000Z,2026-06-18T07:40:08.337Z
6a6480de0cfec74546fb4e96,101,TOOYUMM,4147,4147,1,01-LOHEGOAN,DIST-1001,FIRM-2001,MUKESH AGENCIES,true,2026-06-18T11:21:00.000Z,2026-06-18T07:40:08.337Z
6a6480de0cfec74546fb4e97,101,TOOYUMM,4151,4151,1,01-LOHEGOAN,DIST-1001,FIRM-2001,MUKESH AGENCIES,true,2026-06-18T11:21:00.000Z,2026-06-18T07:40:08.337Z
6a6480de0cfec74546fb4e98,101,TOOYUMM,4152,4152,1,01-LOHEGOAN,DIST-1001,FIRM-2001,MUKESH AGENCIES,true,2026-06-18T11:21:00.000Z,2026-06-18T07:40:08.337Z
6a6480de0cfec74546fb4e99,101,TOOYUMM,4153,4153,1,01-LOHEGOAN,DIST-1001,FIRM-2001,MUKESH AGENCIES,true,2026-06-18T11:21:00.000Z,2026-06-18T07:40:08.337Z
6a6480de0cfec74546fb4e9a,101,TOOYUMM,4154,4154,1,01-LOHEGOAN,DIST-1001,FIRM-2001,MUKESH AGENCIES,true,2026-06-18T11:21:00.000Z,2026-06-18T07:40:08.337Z
6a6480de0cfec74546fb4e9b,101,TOOYUMM,4164,4164,1,01-LOHEGOAN,DIST-1001,FIRM-2001,MUKESH AGENCIES,true,2026-06-18T11:21:00.000Z,2026-06-18T07:40:08.337Z
6a6480de0cfec74546fb4e9c,101,TOOYUMM,4167,4167,1,01-LOHEGOAN,DIST-1001,FIRM-2001,MUKESH AGENCIES,true,2026-06-18T11:21:00.000Z,2026-06-18T07:40:08.337Z
6a6480de0cfec74546fb4e9d,101,TOOYUMM,4168,4168,1,01-LOHEGOAN,DIST-1001,FIRM-2001,MUKESH AGENCIES,true,2026-06-18T11:21:00.000Z,2026-06-18T07:40:08.337Z
6a6480de0cfec74546fb4e9e,101,TOOYUMM,4173,4173,1,01-LOHEGOAN,DIST-1001,FIRM-2001,MUKESH AGENCIES,true,2026-06-18T11:21:00.000Z,2026-06-18T07:40:08.337Z
6a6480de0cfec74546fb4e9f,101,TOOYUMM,4174,4174,1,01-LOHEGOAN,DIST-1001,FIRM-2001,MUKESH AGENCIES,true,2026-06-18T11:21:00.000Z,2026-06-18T07:40:08.337Z
6a6480de0cfec74546fb4ea0,101,TOOYUMM,4178,4178,1,01-LOHEGOAN,DIST-1001,FIRM-2001,MUKESH AGENCIES,true,2026-06-18T11:21:00.000Z,2026-06-18T07:40:08.337Z
6a6480de0cfec74546fb4ea1,101,TOOYUMM,4190,4190,1,01-LOHEGOAN,DIST-1001,FIRM-2001,MUKESH AGENCIES,true,2026-06-18T11:21:00.000Z,2026-06-18T07:40:08.337Z
6a6480de0cfec74546fb4ea2,101,TOOYUMM,4192,4192,1,01-LOHEGOAN,DIST-1001,FIRM-2001,MUKESH AGENCIES,true,2026-06-18T11:21:00.000Z,2026-06-18T07:40:08.337Z
6a6480de0cfec74546fb4ea3,101,TOOYUMM,4203,4203,1,01-LOHEGOAN,DIST-1001,FIRM-2001,MUKESH AGENCIES,true,2026-06-18T11:21:00.000Z,2026-06-18T07:40:08.337Z
6a6480de0cfec74546fb4ea4,101,TOOYUMM,4208,4208,1,01-LOHEGOAN,DIST-1001,FIRM-2001,MUKESH AGENCIES,true,2026-06-18T11:21:00.000Z,2026-06-18T07:40:08.337Z
6a6480de0cfec74546fb4ea5,101,TOOYUMM,4225,4225,1,01-LOHEGOAN,DIST-1001,FIRM-2001,MUKESH AGENCIES,true,2026-06-18T11:21:00.000Z,2026-06-18T07:40:08.337Z
6a6480de0cfec74546fb4ea6,101,TOOYUMM,1001,02-AAJI SHOPING CENTER,2,02-DHANORI,DIST-1001,FIRM-2001,MUKESH AGENCIES,true,2026-06-18T11:21:00.000Z,2026-06-18T07:40:08.337Z
6a6480de0cfec74546fb4ea7,101,TOOYUMM,1045,02-SAI KIRANA STORE,2,02-DHANORI,DIST-1001,FIRM-2001,MUKESH AGENCIES,true,2026-06-18T11:21:00.000Z,2026-06-18T07:40:08.337Z
6a6480de0cfec74546fb4ea8,101,TOOYUMM,1070,02-BEST BEKARS,2,02-DHANORI,DIST-1001,FIRM-2001,MUKESH AGENCIES,true,2026-06-18T11:21:00.000Z,2026-06-18T07:40:08.337Z
6a6480de0cfec74546fb4ea9,101,TOOYUMM,1071,02-MAHALAXMI FOOD,2,02-DHANORI,DIST-1001,FIRM-2001,MUKESH AGENCIES,true,2026-06-18T11:21:00.000Z,2026-06-18T07:40:08.337Z
6a6480de0cfec74546fb4eaa,101,TOOYUMM,1072,02-SWEET TREAT,2,02-DHANORI,DIST-1001,FIRM-2001,MUKESH AGENCIES,true,2026-06-18T11:21:00.000Z,2026-06-18T07:40:08.337Z
6a6480de0cfec74546fb4eab,101,TOOYUMM,1073,02-PURE DESI MILK,2,02-DHANORI,DIST-1001,FIRM-2001,MUKESH AGENCIES,true,2026-06-18T11:21:00.000Z,2026-06-18T07:40:08.337Z
6a6480de0cfec74546fb4eac,101,TOOYUMM,1094,"02-LAXMI SUPER MARKET,,",2,02-DHANORI,DIST-1001,FIRM-2001,MUKESH AGENCIES,true,2026-06-18T11:21:00.000Z,2026-06-18T07:40:08.337Z
6a6480de0cfec74546fb4ead,101,TOOYUMM,1119,02-NEW FARMESEE MARKET,2,02-DHANORI,DIST-1001,FIRM-2001,MUKESH AGENCIES,true,2026-06-18T11:21:00.000Z,2026-06-18T07:40:08.337Z
6a6480de0cfec74546fb4eae,101,TOOYUMM,1127,02-AKASH PAN SHOP,2,02-DHANORI,DIST-1001,FIRM-2001,MUKESH AGENCIES,true,2026-06-18T11:21:00.000Z,2026-06-18T07:40:08.337Z
6a6480de0cfec74546fb4eaf,101,TOOYUMM,1130,02-MANAN TREDARS,2,02-DHANORI,DIST-1001,FIRM-2001,MUKESH AGENCIES,true,2026-06-18T11:21:00.000Z,2026-06-18T07:40:08.337Z
6a6480de0cfec74546fb4eb0,101,TOOYUMM,1131,02-DURGAMATA TEA HOUSE,2,02-DHANORI,DIST-1001,FIRM-2001,MUKESH AGENCIES,true,2026-06-18T11:21:00.000Z,2026-06-18T07:40:08.337Z
6a6480de0cfec74546fb4eb1,101,TOOYUMM,1132,"02-MATAJI SUPER MARKET .,",2,02-DHANORI,DIST-1001,FIRM-2001,MUKESH AGENCIES,true,2026-06-18T11:21:00.000Z,2026-06-18T07:40:08.337Z
6a6480de0cfec74546fb4eb2,101,TOOYUMM,1133,02-ARADHNA SWEETS,2,02-DHANORI,DIST-1001,FIRM-2001,MUKESH AGENCIES,true,2026-06-18T11:21:00.000Z,2026-06-18T07:40:08.337Z
6a6480de0cfec74546fb4eb3,101,TOOYUMM,1135,02-DAVA POINT,2,02-DHANORI,DIST-1001,FIRM-2001,MUKESH AGENCIES,true,2026-06-18T11:21:00.000Z,2026-06-18T07:40:08.337Z
6a6480de0cfec74546fb4eb4,101,TOOYUMM,1136,02-ART CHIPS,2,02-DHANORI,DIST-1001,FIRM-2001,MUKESH AGENCIES,true,2026-06-18T11:21:00.000Z,2026-06-18T07:40:08.337Z
6a6480de0cfec74546fb4eb5,101,TOOYUMM,1161,02-SHREE PURAB JI NOVELTY,2,02-DHANORI,DIST-1001,FIRM-2001,MUKESH AGENCIES,true,2026-06-18T11:21:00.000Z,2026-06-18T07:40:08.337Z
6a6480de0cfec74546fb4eb6,101,TOOYUMM,1166,"02-LAXMI SUPER MARKET.,",2,02-DHANORI,DIST-1001,FIRM-2001,MUKESH AGENCIES,true,2026-06-18T11:21:00.000Z,2026-06-18T07:40:08.337Z
6a6480de0cfec74546fb4eb7,101,TOOYUMM,1179,02-RASRUNG SWEET,2,02-DHANORI,DIST-1001,FIRM-2001,MUKESH AGENCIES,true,2026-06-18T11:21:00.000Z,2026-06-18T07:40:08.337Z
6a6480de0cfec74546fb4eb8,101,TOOYUMM,1180,02-MAHALXMI SWEETS,2,02-DHANORI,DIST-1001,FIRM-2001,MUKESH AGENCIES,true,2026-06-18T11:21:00.000Z,2026-06-18T07:40:08.337Z
6a6480de0cfec74546fb4eb9,101,TOOYUMM,1181,02-PARIJAT MITHAI,2,02-DHANORI,DIST-1001,FIRM-2001,MUKESH AGENCIES,true,2026-06-18T11:21:00.000Z,2026-06-18T07:40:08.337Z
6a6480de0cfec74546fb4eba,101,TOOYUMM,1182,02-WELLNESS 365 CHEMIST,2,02-DHANORI,DIST-1001,FIRM-2001,MUKESH AGENCIES,true,2026-06-18T11:21:00.000Z,2026-06-18T07:40:08.337Z
6a6480de0cfec74546fb4ebb,101,TOOYUMM,1183,02-GANESH TRADRS,2,02-DHANORI,DIST-1001,FIRM-2001,MUKESH AGENCIES,true,2026-06-18T11:21:00.000Z,2026-06-18T07:40:08.337Z
6a6480de0cfec74546fb4ebc,101,TOOYUMM,1184,02-SANRAIS BAKERY,2,02-DHANORI,DIST-1001,FIRM-2001,MUKESH AGENCIES,true,2026-06-18T11:21:00.000Z,2026-06-18T07:40:08.337Z
6a6480de0cfec74546fb4ebd,101,TOOYUMM,1185,02-SMART BAZAAR,2,02-DHANORI,DIST-1001,FIRM-2001,MUKESH AGENCIES,true,2026-06-18T11:21:00.000Z,2026-06-18T07:40:08.337Z
6a6480de0cfec74546fb4ebe,101,TOOYUMM,1186,02-RICHFEEL PHARMACY,2,02-DHANORI,DIST-1001,FIRM-2001,MUKESH AGENCIES,true,2026-06-18T11:21:00.000Z,2026-06-18T07:40:08.337Z
6a6480de0cfec74546fb4ebf,101,TOOYUMM,1211,"02-NEW MANMOHAN SWEET,.",2,02-DHANORI,DIST-1001,FIRM-2001,MUKESH AGENCIES,true,2026-06-18T11:21:00.000Z,2026-06-18T07:40:08.337Z
6a6480de0cfec74546fb4ec0,101,TOOYUMM,1212,02-M BIKANER SWEET,2,02-DHANORI,DIST-1001,FIRM-2001,MUKESH AGENCIES,true,2026-06-18T11:21:00.000Z,2026-06-18T07:40:08.337Z
6a6480de0cfec74546fb4ec1,101,TOOYUMM,1213,02-LUCKY SUPER MARKET,2,02-DHANORI,DIST-1001,FIRM-2001,MUKESH AGENCIES,true,2026-06-18T11:21:00.000Z,2026-06-18T07:40:08.337Z
6a6480de0cfec74546fb4ec2,101,TOOYUMM,1214,02-DIPAK SUPER MARKET.,2,02-DHANORI,DIST-1001,FIRM-2001,MUKESH AGENCIES,true,2026-06-18T11:21:00.000Z,2026-06-18T07:40:08.337Z
6a6480de0cfec74546fb4ec3,101,TOOYUMM,1239,02-GURUKUPA PAN SHOP,2,02-DHANORI,DIST-1001,FIRM-2001,MUKESH AGENCIES,true,2026-06-18T11:21:00.000Z,2026-06-18T07:40:08.337Z
6a6480de0cfec74546fb4ec4,101,TOOYUMM,1240,02-BADEKA KIRANA STORE,2,02-DHANORI,DIST-1001,FIRM-2001,MUKESH AGENCIES,true,2026-06-18T11:21:00.000Z,2026-06-18T07:40:08.337Z
6a6480de0cfec74546fb4ec5,101,TOOYUMM,1241,02-MANGESH PAN SHOP,2,02-DHANORI,DIST-1001,FIRM-2001,MUKESH AGENCIES,true,2026-06-18T11:21:00.000Z,2026-06-18T07:40:08.337Z
6a6480de0cfec74546fb4ec6,101,TOOYUMM,1242,02-GANESH GARNAL STORE,2,02-DHANORI,DIST-1001,FIRM-2001,MUKESH AGENCIES,true,2026-06-18T11:21:00.000Z,2026-06-18T07:40:08.337Z
6a6480de0cfec74546fb4ec7,101,TOOYUMM,1243,02-MATA JI SUPER MARKET,2,02-DHANORI,DIST-1001,FIRM-2001,MUKESH AGENCIES,true,2026-06-18T11:21:00.000Z,2026-06-18T07:40:08.337Z
6a6480de0cfec74546fb4ec8,101,TOOYUMM,1245,02-LALITA SUPER SHOPPI,2,02-DHANORI,DIST-1001,FIRM-2001,MUKESH AGENCIES,true,2026-06-18T11:21:00.000Z,2026-06-18T07:40:08.337Z
6a6480de0cfec74546fb4ec9,101,TOOYUMM,1261,02-POONE MITHAI,2,02-DHANORI,DIST-1001,FIRM-2001,MUKESH AGENCIES,true,2026-06-18T11:21:00.000Z,2026-06-18T07:40:08.337Z
6a6480de0cfec74546fb4eca,101,TOOYUMM,1263,02-MAHADEV SUPER MARKET.,2,02-DHANORI,DIST-1001,FIRM-2001,MUKESH AGENCIES,true,2026-06-18T11:21:00.000Z,2026-06-18T07:40:08.337Z
6a6480de0cfec74546fb4ecb,101,TOOYUMM,1264,02-GOKUL SWEET.,2,02-DHANORI,DIST-1001,FIRM-2001,MUKESH AGENCIES,true,2026-06-18T11:21:00.000Z,2026-06-18T07:40:08.337Z
6a6480de0cfec74546fb4ecc,101,TOOYUMM,1265,02-H MART,2,02-DHANORI,DIST-1001,FIRM-2001,MUKESH AGENCIES,true,2026-06-18T11:21:00.000Z,2026-06-18T07:40:08.337Z
6a6480de0cfec74546fb4ecd,101,TOOYUMM,1266,02-GAURAV FARCH MART.,2,02-DHANORI,DIST-1001,FIRM-2001,MUKESH AGENCIES,true,2026-06-18T11:21:00.000Z,2026-06-18T07:40:08.337Z
6a6480de0cfec74546fb4ece,101,TOOYUMM,1271,02-PRAGATI SUPER MARKET,2,02-DHANORI,DIST-1001,FIRM-2001,MUKESH AGENCIES,true,2026-06-18T11:21:00.000Z,2026-06-18T07:40:08.337Z
6a6480de0cfec74546fb4ecf,101,TOOYUMM,1290,02-MAULI MEDICAL,2,02-DHANORI,DIST-1001,FIRM-2001,MUKESH AGENCIES,true,2026-06-18T11:21:00.000Z,2026-06-18T07:40:08.337Z
6a6480de0cfec74546fb4ed0,101,TOOYUMM,1291,02-KRISHNA BALAJI SUPER MARKET,2,02-DHANORI,DIST-1001,FIRM-2001,MUKESH AGENCIES,true,2026-06-18T11:21:00.000Z,2026-06-18T07:40:08.337Z
6a6480de0cfec74546fb4ed1,101,TOOYUMM,1296,02-GUDEKAR DAIRY,2,02-DHANORI,DIST-1001,FIRM-2001,MUKESH AGENCIES,true,2026-06-18T11:21:00.000Z,2026-06-18T07:40:08.337Z
6a6480de0cfec74546fb4ed2,101,TOOYUMM,1299,02-DAILY NID SHOPEE,2,02-DHANORI,DIST-1001,FIRM-2001,MUKESH AGENCIES,true,2026-06-18T11:21:00.000Z,2026-06-18T07:40:08.337Z
6a6480de0cfec74546fb4ed3,101,TOOYUMM,1300,02-MAHALAXMI SUPER MARKET.,2,02-DHANORI,DIST-1001,FIRM-2001,MUKESH AGENCIES,true,2026-06-18T11:21:00.000Z,2026-06-18T07:40:08.337Z
6a6480de0cfec74546fb4ed4,101,TOOYUMM,1302,02-KRISHNA PAN SHOP .,2,02-DHANORI,DIST-1001,FIRM-2001,MUKESH AGENCIES,true,2026-06-18T11:21:00.000Z,2026-06-18T07:40:08.337Z
6a6480de0cfec74546fb4ed5,101,TOOYUMM,1304,02-RAM SUPER MARKET ..,2,02-DHANORI,DIST-1001,FIRM-2001,MUKESH AGENCIES,true,2026-06-18T11:21:00.000Z,2026-06-18T07:40:08.337Z
6a6480de0cfec74546fb4ed6,101,TOOYUMM,1305,02-PRAID MEDICO,2,02-DHANORI,DIST-1001,FIRM-2001,MUKESH AGENCIES,true,2026-06-18T11:21:00.000Z,2026-06-18T07:40:08.337Z
6a6480de0cfec74546fb4ed7,101,TOOYUMM,1306,02-SWAMI PANDURANG KRUPA,2,02-DHANORI,DIST-1001,FIRM-2001,MUKESH AGENCIES,true,2026-06-18T11:21:00.000Z,2026-06-18T07:40:08.337Z
6a6480de0cfec74546fb4ed8,101,TOOYUMM,1307,02-PURABJI SUPER MARKET,2,02-DHANORI,DIST-1001,FIRM-2001,MUKESH AGENCIES,true,2026-06-18T11:21:00.000Z,2026-06-18T07:40:08.337Z
6a6480de0cfec74546fb4ed9,101,TOOYUMM,1308,02-YOGIRAJ DUDH DAIRY,2,02-DHANORI,DIST-1001,FIRM-2001,MUKESH AGENCIES,true,2026-06-18T11:21:00.000Z,2026-06-18T07:40:08.337Z
6a6480de0cfec74546fb4eda,101,TOOYUMM,1309,02-LAXMI PROVISION STORE .,2,02-DHANORI,DIST-1001,FIRM-2001,MUKESH AGENCIES,true,2026-06-18T11:21:00.000Z,2026-06-18T07:40:08.337Z
6a6480de0cfec74546fb4edb,101,TOOYUMM,1310,02-MAHALAXMI SUPER MARKET..,2,02-DHANORI,DIST-1001,FIRM-2001,MUKESH AGENCIES,true,2026-06-18T11:21:00.000Z,2026-06-18T07:40:08.337Z
6a6480de0cfec74546fb4edc,101,TOOYUMM,1321,02-SIRVI SUP MARKET ..,2,02-DHANORI,DIST-1001,FIRM-2001,MUKESH AGENCIES,true,2026-06-18T11:21:00.000Z,2026-06-18T07:40:08.337Z
6a6480de0cfec74546fb4edd,101,TOOYUMM,1322,02-VAKRATUND DAIRY,2,02-DHANORI,DIST-1001,FIRM-2001,MUKESH AGENCIES,true,2026-06-18T11:21:00.000Z,2026-06-18T07:40:08.337Z
6a6480de0cfec74546fb4ede,101,TOOYUMM,1323,02-S F MART,2,02-DHANORI,DIST-1001,FIRM-2001,MUKESH AGENCIES,true,2026-06-18T11:21:00.000Z,2026-06-18T07:40:08.337Z
6a6480de0cfec74546fb4edf,101,TOOYUMM,1324,02-AAKASH CHEMIST,2,02-DHANORI,DIST-1001,FIRM-2001,MUKESH AGENCIES,true,2026-06-18T11:21:00.000Z,2026-06-18T07:40:08.337Z
6a6480de0cfec74546fb4ee0,101,TOOYUMM,1325,02-BABA SNACKS AND COLD DRINKS,2,02-DHANORI,DIST-1001,FIRM-2001,MUKESH AGENCIES,true,2026-06-18T11:21:00.000Z,2026-06-18T07:40:08.337Z
6a6480de0cfec74546fb4ee1,101,TOOYUMM,1326,02-DEEPAK SUPER MARKET.,2,02-DHANORI,DIST-1001,FIRM-2001,MUKESH AGENCIES,true,2026-06-18T11:21:00.000Z,2026-06-18T07:40:08.337Z
6a6480de0cfec74546fb4ee2,101,TOOYUMM,1337,02-LAXMI SUPER MARKET .,2,02-DHANORI,DIST-1001,FIRM-2001,MUKESH AGENCIES,true,2026-06-18T11:21:00.000Z,2026-06-18T07:40:08.337Z
6a6480de0cfec74546fb4ee3,101,TOOYUMM,1338,02-MAHALAXMI SWEETS,2,02-DHANORI,DIST-1001,FIRM-2001,MUKESH AGENCIES,true,2026-06-18T11:21:00.000Z,2026-06-18T07:40:08.337Z
6a6480de0cfec74546fb4ee4,101,TOOYUMM,1339,02-FOOD STREETS,2,02-DHANORI,DIST-1001,FIRM-2001,MUKESH AGENCIES,true,2026-06-18T11:21:00.000Z,2026-06-18T07:40:08.337Z
6a6480de0cfec74546fb4ee5,101,TOOYUMM,1346,02-REAL MART .,2,02-DHANORI,DIST-1001,FIRM-2001,MUKESH AGENCIES,true,2026-06-18T11:21:00.000Z,2026-06-18T07:40:08.337Z
6a6480de0cfec74546fb4ee6,101,TOOYUMM,1347,02-SWASTIK MEDICAL,2,02-DHANORI,DIST-1001,FIRM-2001,MUKESH AGENCIES,true,2026-06-18T11:21:00.000Z,2026-06-18T07:40:08.337Z
6a6480de0cfec74546fb4ee7,101,TOOYUMM,1348,02-KRUSHNA FRESH MART .,2,02-DHANORI,DIST-1001,FIRM-2001,MUKESH AGENCIES,true,2026-06-18T11:21:00.000Z,2026-06-18T07:40:08.337Z
6a6480de0cfec74546fb4ee8,101,TOOYUMM,1349,02-UNITY MEDICARE,2,02-DHANORI,DIST-1001,FIRM-2001,MUKESH AGENCIES,true,2026-06-18T11:21:00.000Z,2026-06-18T07:40:08.337Z
6a6480de0cfec74546fb4ee9,101,TOOYUMM,1350,02-HARI OM SUPER SHOPPEE,2,02-DHANORI,DIST-1001,FIRM-2001,MUKESH AGENCIES,true,2026-06-18T11:21:00.000Z,2026-06-18T07:40:08.337Z
6a6480de0cfec74546fb4eea,101,TOOYUMM,1352,02-SUNIL SUPER MARKET,2,02-DHANORI,DIST-1001,FIRM-2001,MUKESH AGENCIES,true,2026-06-18T11:21:00.000Z,2026-06-18T07:40:08.337Z
6a6480de0cfec74546fb4eeb,101,TOOYUMM,1355,02-LAXMI SUPER MARKET.,2,02-DHANORI,DIST-1001,FIRM-2001,MUKESH AGENCIES,true,2026-06-18T11:21:00.000Z,2026-06-18T07:40:08.337Z
6a6480de0cfec74546fb4eec,101,TOOYUMM,1356,02-ADITYA PHARMA,2,02-DHANORI,DIST-1001,FIRM-2001,MUKESH AGENCIES,true,2026-06-18T11:21:00.000Z,2026-06-18T07:40:08.337Z
6a6480de0cfec74546fb4eed,101,TOOYUMM,1357,02-MAHALAXMI SUPER SHOPPEE,2,02-DHANORI,DIST-1001,FIRM-2001,MUKESH AGENCIES,true,2026-06-18T11:21:00.000Z,2026-06-18T07:40:08.337Z
6a6480de0cfec74546fb4eee,101,TOOYUMM,1361,02-APPUS MINI MART,2,02-DHANORI,DIST-1001,FIRM-2001,MUKESH AGENCIES,true,2026-06-18T11:21:00.000Z,2026-06-18T07:40:08.337Z
6a6480de0cfec74546fb4eef,101,TOOYUMM,1364,02-DEEPAK SUPER MARKET.,2,02-DHANORI,DIST-1001,FIRM-2001,MUKESH AGENCIES,true,2026-06-18T11:21:00.000Z,2026-06-18T07:40:08.337Z
6a6480de0cfec74546fb4ef0,101,TOOYUMM,1375,02-JANATMA ENTERPRISE,2,02-DHANORI,DIST-1001,FIRM-2001,MUKESH AGENCIES,true,2026-06-18T11:21:00.000Z,2026-06-18T07:40:08.337Z
6a6480de0cfec74546fb4ef1,101,TOOYUMM,1376,02-SHREE GANESH MARKET,2,02-DHANORI,DIST-1001,FIRM-2001,MUKESH AGENCIES,true,2026-06-18T11:21:00.000Z,2026-06-18T07:40:08.337Z
6a6480de0cfec74546fb4ef2,101,TOOYUMM,1384,02-GANESH SUPER MARKET.,2,02-DHANORI,DIST-1001,FIRM-2001,MUKESH AGENCIES,true,2026-06-18T11:21:00.000Z,2026-06-18T07:40:08.337Z
6a6480de0cfec74546fb4ef3,101,TOOYUMM,1387,02-ABHAY MEDICO,2,02-DHANORI,DIST-1001,FIRM-2001,MUKESH AGENCIES,true,2026-06-18T11:21:00.000Z,2026-06-18T07:40:08.337Z
6a6480de0cfec74546fb4ef4,101,TOOYUMM,1388,02-MEDPLUS POINTS,2,02-DHANORI,DIST-1001,FIRM-2001,MUKESH AGENCIES,true,2026-06-18T11:21:00.000Z,2026-06-18T07:40:08.337Z
6a6480de0cfec74546fb4ef5,101,TOOYUMM,1389,02-ASHTA MEDICO GEN STORE,2,02-DHANORI,DIST-1001,FIRM-2001,MUKESH AGENCIES,true,2026-06-18T11:21:00.000Z,2026-06-18T07:40:08.337Z
6a6480de0cfec74546fb4ef6,101,TOOYUMM,1392,02-MED PLUS POINT,2,02-DHANORI,DIST-1001,FIRM-2001,MUKESH AGENCIES,true,2026-06-18T11:21:00.000Z,2026-06-18T07:40:08.337Z
6a6480de0cfec74546fb4ef7,101,TOOYUMM,1393,02-ASTA MEDICO,2,02-DHANORI,DIST-1001,FIRM-2001,MUKESH AGENCIES,true,2026-06-18T11:21:00.000Z,2026-06-18T07:40:08.337Z
6a6480de0cfec74546fb4ef8,101,TOOYUMM,1396,02-WELLOCITY MEDICO,2,02-DHANORI,DIST-1001,FIRM-2001,MUKESH AGENCIES,true,2026-06-18T11:21:00.000Z,2026-06-18T07:40:08.337Z
6a6480de0cfec74546fb4ef9,101,TOOYUMM,1400,02-PEARL MEDICO,2,02-DHANORI,DIST-1001,FIRM-2001,MUKESH AGENCIES,true,2026-06-18T11:21:00.000Z,2026-06-18T07:40:08.337Z
6a6480de0cfec74546fb4efa,101,TOOYUMM,1401,02-NEW SHRI GANESH TRADERS,2,02-DHANORI,DIST-1001,FIRM-2001,MUKESH AGENCIES,true,2026-06-18T11:21:00.000Z,2026-06-18T07:40:08.337Z
6a6480de0cfec74546fb4efb,101,TOOYUMM,1425,02-PRATAP SUPER MARKET,2,02-DHANORI,DIST-1001,FIRM-2001,MUKESH AGENCIES,true,2026-06-18T11:21:00.000Z,2026-06-18T07:40:08.337Z
6a6480de0cfec74546fb4efc,101,TOOYUMM,1426,02-LA CRACE SUPER SHOPPE,2,02-DHANORI,DIST-1001,FIRM-2001,MUKESH AGENCIES,true,2026-06-18T11:21:00.000Z,2026-06-18T07:40:08.337Z
6a6480de0cfec74546fb4efd,101,TOOYUMM,1429,02-RAMDEV SUPER MARKET,2,02-DHANORI,DIST-1001,FIRM-2001,MUKESH AGENCIES,true,2026-06-18T11:21:00.000Z,2026-06-18T07:40:08.337Z
6a6480de0cfec74546fb4efe,101,TOOYUMM,1434,02-PURBAJI SUPER MARKET,2,02-DHANORI,DIST-1001,FIRM-2001,MUKESH AGENCIES,true,2026-06-18T11:21:00.000Z,2026-06-18T07:40:08.337Z
6a6480de0cfec74546fb4eff,101,TOOYUMM,1436,02-DEEPA STORE,2,02-DHANORI,DIST-1001,FIRM-2001,MUKESH AGENCIES,true,2026-06-18T11:21:00.000Z,2026-06-18T07:40:08.337Z
6a6480de0cfec74546fb4f00,101,TOOYUMM,1439,02-MAULI TRADERS,2,02-DHANORI,DIST-1001,FIRM-2001,MUKESH AGENCIES,true,2026-06-18T11:21:00.000Z,2026-06-18T07:40:08.337Z
6a6480de0cfec74546fb4f01,101,TOOYUMM,1447,02-MUKESH MARKET,2,02-DHANORI,DIST-1001,FIRM-2001,MUKESH AGENCIES,true,2026-06-18T11:21:00.000Z,2026-06-18T07:40:08.337Z
6a6480de0cfec74546fb4f02,101,TOOYUMM,1452,02-BALAJI BAKERY STORE,2,02-DHANORI,DIST-1001,FIRM-2001,MUKESH AGENCIES,true,2026-06-18T11:21:00.000Z,2026-06-18T07:40:08.337Z
6a6480de0cfec74546fb4f03,101,TOOYUMM,1453,02-PUNE MORDEN DAIRY,2,02-DHANORI,DIST-1001,FIRM-2001,MUKESH AGENCIES,true,2026-06-18T11:21:00.000Z,2026-06-18T07:40:08.337Z
6a6480de0cfec74546fb4f04,101,TOOYUMM,2012,2012,2,02-DHANORI,DIST-1001,FIRM-2001,MUKESH AGENCIES,true,2026-06-18T11:21:00.000Z,2026-06-18T07:40:08.337Z
6a6480de0cfec74546fb4f05,101,TOOYUMM,2404,2404,2,02-DHANORI,DIST-1001,FIRM-2001,MUKESH AGENCIES,true,2026-06-18T11:21:00.000Z,2026-06-18T07:40:08.337Z
6a6480de0cfec74546fb4f06,101,TOOYUMM,2407,2407,2,02-DHANORI,DIST-1001,FIRM-2001,MUKESH AGENCIES,true,2026-06-18T11:21:00.000Z,2026-06-18T07:40:08.337Z
6a6480de0cfec74546fb4f07,101,TOOYUMM,2408,2408,2,02-DHANORI,DIST-1001,FIRM-2001,MUKESH AGENCIES,true,2026-06-18T11:21:00.000Z,2026-06-18T07:40:08.337Z
6a6480de0cfec74546fb4f08,101,TOOYUMM,2414,2414,2,02-DHANORI,DIST-1001,FIRM-2001,MUKESH AGENCIES,true,2026-06-18T11:21:00.000Z,2026-06-18T07:40:08.337Z
6a6480de0cfec74546fb4f09,101,TOOYUMM,2415,2415,2,02-DHANORI,DIST-1001,FIRM-2001,MUKESH AGENCIES,true,2026-06-18T11:21:00.000Z,2026-06-18T07:40:08.337Z
6a6480de0cfec74546fb4f0a,101,TOOYUMM,2416,2416,2,02-DHANORI,DIST-1001,FIRM-2001,MUKESH AGENCIES,true,2026-06-18T11:21:00.000Z,2026-06-18T07:40:08.337Z
6a6480de0cfec74546fb4f0b,101,TOOYUMM,2448,2448,2,02-DHANORI,DIST-1001,FIRM-2001,MUKESH AGENCIES,true,2026-06-18T11:21:00.000Z,2026-06-18T07:40:08.337Z
6a6480de0cfec74546fb4f0c,101,TOOYUMM,2449,2449,2,02-DHANORI,DIST-1001,FIRM-2001,MUKESH AGENCIES,true,2026-06-18T11:21:00.000Z,2026-06-18T07:40:08.337Z
6a6480de0cfec74546fb4f0d,101,TOOYUMM,2450,2450,2,02-DHANORI,DIST-1001,FIRM-2001,MUKESH AGENCIES,true,2026-06-18T11:21:00.000Z,2026-06-18T07:40:08.337Z
6a6480de0cfec74546fb4f0e,101,TOOYUMM,2474,2474,2,02-DHANORI,DIST-1001,FIRM-2001,MUKESH AGENCIES,true,2026-06-18T11:21:00.000Z,2026-06-18T07:40:08.337Z
6a6480de0cfec74546fb4f0f,101,TOOYUMM,2475,2475,2,02-DHANORI,DIST-1001,FIRM-2001,MUKESH AGENCIES,true,2026-06-18T11:21:00.000Z,2026-06-18T07:40:08.337Z
6a6480de0cfec74546fb4f10,101,TOOYUMM,2489,2489,2,02-DHANORI,DIST-1001,FIRM-2001,MUKESH AGENCIES,true,2026-06-18T11:21:00.000Z,2026-06-18T07:40:08.337Z
6a6480de0cfec74546fb4f11,101,TOOYUMM,2493,2493,2,02-DHANORI,DIST-1001,FIRM-2001,MUKESH AGENCIES,true,2026-06-18T11:21:00.000Z,2026-06-18T07:40:08.337Z
6a6480de0cfec74546fb4f12,101,TOOYUMM,2494,2494,2,02-DHANORI,DIST-1001,FIRM-2001,MUKESH AGENCIES,true,2026-06-18T11:21:00.000Z,2026-06-18T07:40:08.337Z
6a6480de0cfec74546fb4f13,101,TOOYUMM,2495,2495,2,02-DHANORI,DIST-1001,FIRM-2001,MUKESH AGENCIES,true,2026-06-18T11:21:00.000Z,2026-06-18T07:40:08.337Z
6a6480de0cfec74546fb4f14,101,TOOYUMM,2514,2514,2,02-DHANORI,DIST-1001,FIRM-2001,MUKESH AGENCIES,true,2026-06-18T11:21:00.000Z,2026-06-18T07:40:08.337Z
6a6480de0cfec74546fb4f15,101,TOOYUMM,2520,2520,2,02-DHANORI,DIST-1001,FIRM-2001,MUKESH AGENCIES,true,2026-06-18T11:21:00.000Z,2026-06-18T07:40:08.337Z
6a6480de0cfec74546fb4f16,101,TOOYUMM,2521,2521,2,02-DHANORI,DIST-1001,FIRM-2001,MUKESH AGENCIES,true,2026-06-18T11:21:00.000Z,2026-06-18T07:40:08.337Z
6a6480de0cfec74546fb4f17,101,TOOYUMM,2523,2523,2,02-DHANORI,DIST-1001,FIRM-2001,MUKESH AGENCIES,true,2026-06-18T11:21:00.000Z,2026-06-18T07:40:08.337Z
6a6480de0cfec74546fb4f18,101,TOOYUMM,2526,2526,2,02-DHANORI,DIST-1001,FIRM-2001,MUKESH AGENCIES,true,2026-06-18T11:21:00.000Z,2026-06-18T07:40:08.337Z
6a6480de0cfec74546fb4f19,101,TOOYUMM,2527,2527,2,02-DHANORI,DIST-1001,FIRM-2001,MUKESH AGENCIES,true,2026-06-18T11:21:00.000Z,2026-06-18T07:40:08.337Z
6a6480de0cfec74546fb4f1a,101,TOOYUMM,2528,2528,2,02-DHANORI,DIST-1001,FIRM-2001,MUKESH AGENCIES,true,2026-06-18T11:21:00.000Z,2026-06-18T07:40:08.337Z
6a6480de0cfec74546fb4f1b,101,TOOYUMM,2529,2529,2,02-DHANORI,DIST-1001,FIRM-2001,MUKESH AGENCIES,true,2026-06-18T11:21:00.000Z,2026-06-18T07:40:08.337Z
6a6480de0cfec74546fb4f1c,101,TOOYUMM,2530,2530,2,02-DHANORI,DIST-1001,FIRM-2001,MUKESH AGENCIES,true,2026-06-18T11:21:00.000Z,2026-06-18T07:40:08.337Z
6a6480de0cfec74546fb4f1d,101,TOOYUMM,2531,2531,2,02-DHANORI,DIST-1001,FIRM-2001,MUKESH AGENCIES,true,2026-06-18T11:21:00.000Z,2026-06-18T07:40:08.337Z
6a6480de0cfec74546fb4f1e,101,TOOYUMM,2533,2533,2,02-DHANORI,DIST-1001,FIRM-2001,MUKESH AGENCIES,true,2026-06-18T11:21:00.000Z,2026-06-18T07:40:08.337Z
6a6480de0cfec74546fb4f1f,101,TOOYUMM,2534,2534,2,02-DHANORI,DIST-1001,FIRM-2001,MUKESH AGENCIES,true,2026-06-18T11:21:00.000Z,2026-06-18T07:40:08.337Z
6a6480de0cfec74546fb4f20,101,TOOYUMM,2547,2547,2,02-DHANORI,DIST-1001,FIRM-2001,MUKESH AGENCIES,true,2026-06-18T11:21:00.000Z,2026-06-18T07:40:08.337Z
6a6480de0cfec74546fb4f21,101,TOOYUMM,2559,2559,2,02-DHANORI,DIST-1001,FIRM-2001,MUKESH AGENCIES,true,2026-06-18T11:21:00.000Z,2026-06-18T07:40:08.337Z
6a6480de0cfec74546fb4f22,101,TOOYUMM,2560,2560,2,02-DHANORI,DIST-1001,FIRM-2001,MUKESH AGENCIES,true,2026-06-18T11:21:00.000Z,2026-06-18T07:40:08.337Z
6a6480de0cfec74546fb4f23,101,TOOYUMM,2561,2561,2,02-DHANORI,DIST-1001,FIRM-2001,MUKESH AGENCIES,true,2026-06-18T11:21:00.000Z,2026-06-18T07:40:08.337Z
6a6480de0cfec74546fb4f24,101,TOOYUMM,2564,2564,2,02-DHANORI,DIST-1001,FIRM-2001,MUKESH AGENCIES,true,2026-06-18T11:21:00.000Z,2026-06-18T07:40:08.337Z
6a6480de0cfec74546fb4f25,101,TOOYUMM,2577,2577,2,02-DHANORI,DIST-1001,FIRM-2001,MUKESH AGENCIES,true,2026-06-18T11:21:00.000Z,2026-06-18T07:40:08.337Z
6a6480de0cfec74546fb4f26,101,TOOYUMM,2599,2599,2,02-DHANORI,DIST-1001,FIRM-2001,MUKESH AGENCIES,true,2026-06-18T11:21:00.000Z,2026-06-18T07:40:08.337Z
6a6480de0cfec74546fb4f27,101,TOOYUMM,2600,2600,2,02-DHANORI,DIST-1001,FIRM-2001,MUKESH AGENCIES,true,2026-06-18T11:21:00.000Z,2026-06-18T07:40:08.337Z
6a6480de0cfec74546fb4f28,101,TOOYUMM,2615,2615,2,02-DHANORI,DIST-1001,FIRM-2001,MUKESH AGENCIES,true,2026-06-18T11:21:00.000Z,2026-06-18T07:40:08.337Z
6a6480de0cfec74546fb4f29,101,TOOYUMM,2632,2632,2,02-DHANORI,DIST-1001,FIRM-2001,MUKESH AGENCIES,true,2026-06-18T11:21:00.000Z,2026-06-18T07:40:08.337Z
6a6480de0cfec74546fb4f2a,101,TOOYUMM,2636,2636,2,02-DHANORI,DIST-1001,FIRM-2001,MUKESH AGENCIES,true,2026-06-18T11:21:00.000Z,2026-06-18T07:40:08.337Z
6a6480de0cfec74546fb4f2b,101,TOOYUMM,2650,2650,2,02-DHANORI,DIST-1001,FIRM-2001,MUKESH AGENCIES,true,2026-06-18T11:21:00.000Z,2026-06-18T07:40:08.337Z
6a6480de0cfec74546fb4f2c,101,TOOYUMM,2651,2651,2,02-DHANORI,DIST-1001,FIRM-2001,MUKESH AGENCIES,true,2026-06-18T11:21:00.000Z,2026-06-18T07:40:08.337Z
6a6480de0cfec74546fb4f2d,101,TOOYUMM,2668,2668,2,02-DHANORI,DIST-1001,FIRM-2001,MUKESH AGENCIES,true,2026-06-18T11:21:00.000Z,2026-06-18T07:40:08.337Z
6a6480de0cfec74546fb4f2e,101,TOOYUMM,2678,2678,2,02-DHANORI,DIST-1001,FIRM-2001,MUKESH AGENCIES,true,2026-06-18T11:21:00.000Z,2026-06-18T07:40:08.337Z
6a6480de0cfec74546fb4f2f,101,TOOYUMM,2685,2685,2,02-DHANORI,DIST-1001,FIRM-2001,MUKESH AGENCIES,true,2026-06-18T11:21:00.000Z,2026-06-18T07:40:08.337Z
6a6480de0cfec74546fb4f30,101,TOOYUMM,2886,2886,2,02-DHANORI,DIST-1001,FIRM-2001,MUKESH AGENCIES,true,2026-06-18T11:21:00.000Z,2026-06-18T07:40:08.337Z
6a6480de0cfec74546fb4f31,101,TOOYUMM,3053,3053,2,02-DHANORI,DIST-1001,FIRM-2001,MUKESH AGENCIES,true,2026-06-18T11:21:00.000Z,2026-06-18T07:40:08.337Z
6a6480de0cfec74546fb4f32,101,TOOYUMM,3054,3054,2,02-DHANORI,DIST-1001,FIRM-2001,MUKESH AGENCIES,true,2026-06-18T11:21:00.000Z,2026-06-18T07:40:08.337Z
6a6480de0cfec74546fb4f33,101,TOOYUMM,3063,3063,2,02-DHANORI,DIST-1001,FIRM-2001,MUKESH AGENCIES,true,2026-06-18T11:21:00.000Z,2026-06-18T07:40:08.337Z
6a6480de0cfec74546fb4f34,101,TOOYUMM,3087,3087,2,02-DHANORI,DIST-1001,FIRM-2001,MUKESH AGENCIES,true,2026-06-18T11:21:00.000Z,2026-06-18T07:40:08.337Z
6a6480de0cfec74546fb4f35,101,TOOYUMM,3119,3119,2,02-DHANORI,DIST-1001,FIRM-2001,MUKESH AGENCIES,true,2026-06-18T11:21:00.000Z,2026-06-18T07:40:08.337Z
6a6480de0cfec74546fb4f36,101,TOOYUMM,3204,3204,2,02-DHANORI,DIST-1001,FIRM-2001,MUKESH AGENCIES,true,2026-06-18T11:21:00.000Z,2026-06-18T07:40:08.337Z
6a6480de0cfec74546fb4f37,101,TOOYUMM,3239,3239,2,02-DHANORI,DIST-1001,FIRM-2001,MUKESH AGENCIES,true,2026-06-18T11:21:00.000Z,2026-06-18T07:40:08.337Z
6a6480de0cfec74546fb4f38,101,TOOYUMM,3300,3300,2,02-DHANORI,DIST-1001,FIRM-2001,MUKESH AGENCIES,true,2026-06-18T11:21:00.000Z,2026-06-18T07:40:08.337Z
6a6480de0cfec74546fb4f39,101,TOOYUMM,3547,3547,2,02-DHANORI,DIST-1001,FIRM-2001,MUKESH AGENCIES,true,2026-06-18T11:21:00.000Z,2026-06-18T07:40:08.337Z
6a6480de0cfec74546fb4f3a,101,TOOYUMM,3550,3550,2,02-DHANORI,DIST-1001,FIRM-2001,MUKESH AGENCIES,true,2026-06-18T11:21:00.000Z,2026-06-18T07:40:08.337Z
6a6480de0cfec74546fb4f3b,101,TOOYUMM,3565,3565,2,02-DHANORI,DIST-1001,FIRM-2001,MUKESH AGENCIES,true,2026-06-18T11:21:00.000Z,2026-06-18T07:40:08.337Z
6a6480de0cfec74546fb4f3c,101,TOOYUMM,3566,3566,2,02-DHANORI,DIST-1001,FIRM-2001,MUKESH AGENCIES,true,2026-06-18T11:21:00.000Z,2026-06-18T07:40:08.337Z
6a6480de0cfec74546fb4f3d,101,TOOYUMM,3567,3567,2,02-DHANORI,DIST-1001,FIRM-2001,MUKESH AGENCIES,true,2026-06-18T11:21:00.000Z,2026-06-18T07:40:08.337Z
6a6480de0cfec74546fb4f3e,101,TOOYUMM,3569,3569,2,02-DHANORI,DIST-1001,FIRM-2001,MUKESH AGENCIES,true,2026-06-18T11:21:00.000Z,2026-06-18T07:40:08.337Z
6a6480de0cfec74546fb4f3f,101,TOOYUMM,3570,3570,2,02-DHANORI,DIST-1001,FIRM-2001,MUKESH AGENCIES,true,2026-06-18T11:21:00.000Z,2026-06-18T07:40:08.337Z
6a6480de0cfec74546fb4f40,101,TOOYUMM,3573,3573,2,02-DHANORI,DIST-1001,FIRM-2001,MUKESH AGENCIES,true,2026-06-18T11:21:00.000Z,2026-06-18T07:40:08.337Z
6a6480de0cfec74546fb4f41,101,TOOYUMM,3590,3590,2,02-DHANORI,DIST-1001,FIRM-2001,MUKESH AGENCIES,true,2026-06-18T11:21:00.000Z,2026-06-18T07:40:08.337Z
6a6480de0cfec74546fb4f42,101,TOOYUMM,3598,3598,2,02-DHANORI,DIST-1001,FIRM-2001,MUKESH AGENCIES,true,2026-06-18T11:21:00.000Z,2026-06-18T07:40:08.337Z
6a6480de0cfec74546fb4f43,101,TOOYUMM,3610,3610,2,02-DHANORI,DIST-1001,FIRM-2001,MUKESH AGENCIES,true,2026-06-18T11:21:00.000Z,2026-06-18T07:40:08.337Z
6a6480de0cfec74546fb4f44,101,TOOYUMM,3624,3624,2,02-DHANORI,DIST-1001,FIRM-2001,MUKESH AGENCIES,true,2026-06-18T11:21:00.000Z,2026-06-18T07:40:08.337Z
6a6480de0cfec74546fb4f45,101,TOOYUMM,3635,3635,2,02-DHANORI,DIST-1001,FIRM-2001,MUKESH AGENCIES,true,2026-06-18T11:21:00.000Z,2026-06-18T07:40:08.337Z
6a6480de0cfec74546fb4f46,101,TOOYUMM,3636,3636,2,02-DHANORI,DIST-1001,FIRM-2001,MUKESH AGENCIES,true,2026-06-18T11:21:00.000Z,2026-06-18T07:40:08.337Z
6a6480de0cfec74546fb4f47,101,TOOYUMM,3637,3637,2,02-DHANORI,DIST-1001,FIRM-2001,MUKESH AGENCIES,true,2026-06-18T11:21:00.000Z,2026-06-18T07:40:08.337Z
6a6480de0cfec74546fb4f48,101,TOOYUMM,3643,3643,2,02-DHANORI,DIST-1001,FIRM-2001,MUKESH AGENCIES,true,2026-06-18T11:21:00.000Z,2026-06-18T07:40:08.337Z
6a6480de0cfec74546fb4f49,101,TOOYUMM,3684,3684,2,02-DHANORI,DIST-1001,FIRM-2001,MUKESH AGENCIES,true,2026-06-18T11:21:00.000Z,2026-06-18T07:40:08.337Z
6a6480de0cfec74546fb4f4a,101,TOOYUMM,3700,3700,2,02-DHANORI,DIST-1001,FIRM-2001,MUKESH AGENCIES,true,2026-06-18T11:21:00.000Z,2026-06-18T07:40:08.337Z
6a6480de0cfec74546fb4f4b,101,TOOYUMM,3701,3701,2,02-DHANORI,DIST-1001,FIRM-2001,MUKESH AGENCIES,true,2026-06-18T11:21:00.000Z,2026-06-18T07:40:08.337Z
6a6480de0cfec74546fb4f4c,101,TOOYUMM,3716,3716,2,02-DHANORI,DIST-1001,FIRM-2001,MUKESH AGENCIES,true,2026-06-18T11:21:00.000Z,2026-06-18T07:40:08.337Z
6a6480de0cfec74546fb4f4d,101,TOOYUMM,3725,3725,2,02-DHANORI,DIST-1001,FIRM-2001,MUKESH AGENCIES,true,2026-06-18T11:21:00.000Z,2026-06-18T07:40:08.337Z
6a6480de0cfec74546fb4f4e,101,TOOYUMM,3734,3734,2,02-DHANORI,DIST-1001,FIRM-2001,MUKESH AGENCIES,true,2026-06-18T11:21:00.000Z,2026-06-18T07:40:08.337Z
6a6480de0cfec74546fb4f4f,101,TOOYUMM,3735,3735,2,02-DHANORI,DIST-1001,FIRM-2001,MUKESH AGENCIES,true,2026-06-18T11:21:00.000Z,2026-06-18T07:40:08.337Z
6a6480de0cfec74546fb4f50,101,TOOYUMM,3736,3736,2,02-DHANORI,DIST-1001,FIRM-2001,MUKESH AGENCIES,true,2026-06-18T11:21:00.000Z,2026-06-18T07:40:08.337Z
6a6480de0cfec74546fb4f51,101,TOOYUMM,3825,3825,2,02-DHANORI,DIST-1001,FIRM-2001,MUKESH AGENCIES,true,2026-06-18T11:21:00.000Z,2026-06-18T07:40:08.337Z
6a6480de0cfec74546fb4f52,101,TOOYUMM,3872,3872,2,02-DHANORI,DIST-1001,FIRM-2001,MUKESH AGENCIES,true,2026-06-18T11:21:00.000Z,2026-06-18T07:40:08.337Z
6a6480de0cfec74546fb4f53,101,TOOYUMM,3889,3889,2,02-DHANORI,DIST-1001,FIRM-2001,MUKESH AGENCIES,true,2026-06-18T11:21:00.000Z,2026-06-18T07:40:08.337Z
6a6480de0cfec74546fb4f54,101,TOOYUMM,4046,4046,2,02-DHANORI,DIST-1001,FIRM-2001,MUKESH AGENCIES,true,2026-06-18T11:21:00.000Z,2026-06-18T07:40:08.337Z
6a6480de0cfec74546fb4f55,101,TOOYUMM,4047,4047,2,02-DHANORI,DIST-1001,FIRM-2001,MUKESH AGENCIES,true,2026-06-18T11:21:00.000Z,2026-06-18T07:40:08.337Z
6a6480de0cfec74546fb4f56,101,TOOYUMM,4063,4063,2,02-DHANORI,DIST-1001,FIRM-2001,MUKESH AGENCIES,true,2026-06-18T11:21:00.000Z,2026-06-18T07:40:08.337Z
6a6480de0cfec74546fb4f57,101,TOOYUMM,4069,4069,2,02-DHANORI,DIST-1001,FIRM-2001,MUKESH AGENCIES,true,2026-06-18T11:21:00.000Z,2026-06-18T07:40:08.337Z
6a6480de0cfec74546fb4f58,101,TOOYUMM,4071,4071,2,02-DHANORI,DIST-1001,FIRM-2001,MUKESH AGENCIES,true,2026-06-18T11:21:00.000Z,2026-06-18T07:40:08.337Z
6a6480de0cfec74546fb4f59,101,TOOYUMM,4111,4111,2,02-DHANORI,DIST-1001,FIRM-2001,MUKESH AGENCIES,true,2026-06-18T11:21:00.000Z,2026-06-18T07:40:08.337Z
6a6480de0cfec74546fb4f5a,101,TOOYUMM,4140,4140,2,02-DHANORI,DIST-1001,FIRM-2001,MUKESH AGENCIES,true,2026-06-18T11:21:00.000Z,2026-06-18T07:40:08.337Z
6a6480de0cfec74546fb4f5b,101,TOOYUMM,4148,4148,2,02-DHANORI,DIST-1001,FIRM-2001,MUKESH AGENCIES,true,2026-06-18T11:21:00.000Z,2026-06-18T07:40:08.337Z
6a6480de0cfec74546fb4f5c,101,TOOYUMM,4155,4155,2,02-DHANORI,DIST-1001,FIRM-2001,MUKESH AGENCIES,true,2026-06-18T11:21:00.000Z,2026-06-18T07:40:08.337Z
6a6480de0cfec74546fb4f5d,101,TOOYUMM,4156,4156,2,02-DHANORI,DIST-1001,FIRM-2001,MUKESH AGENCIES,true,2026-06-18T11:21:00.000Z,2026-06-18T07:40:08.337Z
6a6480de0cfec74546fb4f5e,101,TOOYUMM,4171,4171,2,02-DHANORI,DIST-1001,FIRM-2001,MUKESH AGENCIES,true,2026-06-18T11:21:00.000Z,2026-06-18T07:40:08.337Z
6a6480de0cfec74546fb4f5f,101,TOOYUMM,4172,4172,2,02-DHANORI,DIST-1001,FIRM-2001,MUKESH AGENCIES,true,2026-06-18T11:21:00.000Z,2026-06-18T07:40:08.337Z
6a6480de0cfec74546fb4f60,101,TOOYUMM,4205,4205,2,02-DHANORI,DIST-1001,FIRM-2001,MUKESH AGENCIES,true,2026-06-18T11:21:00.000Z,2026-06-18T07:40:08.337Z
6a6480de0cfec74546fb4f61,101,TOOYUMM,4206,4206,2,02-DHANORI,DIST-1001,FIRM-2001,MUKESH AGENCIES,true,2026-06-18T11:21:00.000Z,2026-06-18T07:40:08.337Z
6a6480de0cfec74546fb4f62,101,TOOYUMM,4207,4207,2,02-DHANORI,DIST-1001,FIRM-2001,MUKESH AGENCIES,true,2026-06-18T11:21:00.000Z,2026-06-18T07:40:08.337Z
6a6480de0cfec74546fb4f63,101,TOOYUMM,4213,4213,2,02-DHANORI,DIST-1001,FIRM-2001,MUKESH AGENCIES,true,2026-06-18T11:21:00.000Z,2026-06-18T07:40:08.337Z
6a6480de0cfec74546fb4f64,101,TOOYUMM,4218,4218,2,02-DHANORI,DIST-1001,FIRM-2001,MUKESH AGENCIES,true,2026-06-18T11:21:00.000Z,2026-06-18T07:40:08.337Z
6a6480de0cfec74546fb4f65,101,TOOYUMM,1035,03-AALIYA PAN SHOP,3,03-VISHAWANTWADI,DIST-1001,FIRM-2001,MUKESH AGENCIES,true,2026-06-18T11:21:00.000Z,2026-06-18T07:40:08.337Z
6a6480de0cfec74546fb4f66,101,TOOYUMM,1122,03-PAWAN SHUPER MARKET,3,03-VISHAWANTWADI,DIST-1001,FIRM-2001,MUKESH AGENCIES,true,2026-06-18T11:21:00.000Z,2026-06-18T07:40:08.337Z
6a6480de0cfec74546fb4f67,101,TOOYUMM,1195,03-OM GANRAL STORE,3,03-VISHAWANTWADI,DIST-1001,FIRM-2001,MUKESH AGENCIES,true,2026-06-18T11:21:00.000Z,2026-06-18T07:40:08.337Z
6a6480de0cfec74546fb4f68,101,TOOYUMM,1216,03-VIWA SUPER SHOPI,3,03-VISHAWANTWADI,DIST-1001,FIRM-2001,MUKESH AGENCIES,true,2026-06-18T11:21:00.000Z,2026-06-18T07:40:08.337Z
6a6480de0cfec74546fb4f69,101,TOOYUMM,1259,03-KUMUDNI GARNAL STORE,3,03-VISHAWANTWADI,DIST-1001,FIRM-2001,MUKESH AGENCIES,true,2026-06-18T11:21:00.000Z,2026-06-18T07:40:08.337Z
6a6480de0cfec74546fb4f6a,101,TOOYUMM,1287,03-GOVIND SUPER MARKET,3,03-VISHAWANTWADI,DIST-1001,FIRM-2001,MUKESH AGENCIES,true,2026-06-18T11:21:00.000Z,2026-06-18T07:40:08.337Z
6a6480de0cfec74546fb4f6b,101,TOOYUMM,1335,03-KANHAIYA SUP MARKET,3,03-VISHAWANTWADI,DIST-1001,FIRM-2001,MUKESH AGENCIES,true,2026-06-18T11:21:00.000Z,2026-06-18T07:40:08.337Z
6a6480de0cfec74546fb4f6c,101,TOOYUMM,1344,03-TAMBOLI SUPER SHOPEE,3,03-VISHAWANTWADI,DIST-1001,FIRM-2001,MUKESH AGENCIES,true,2026-06-18T11:21:00.000Z,2026-06-18T07:40:08.337Z
6a6480de0cfec74546fb4f6d,101,TOOYUMM,1345,03-BHAGYASRI DAIRY,3,03-VISHAWANTWADI,DIST-1001,FIRM-2001,MUKESH AGENCIES,true,2026-06-18T11:21:00.000Z,2026-06-18T07:40:08.337Z
6a6480de0cfec74546fb4f6e,101,TOOYUMM,1380,03-AKANKSHA GEN STORE,3,03-VISHAWANTWADI,DIST-1001,FIRM-2001,MUKESH AGENCIES,true,2026-06-18T11:21:00.000Z,2026-06-18T07:40:08.337Z
6a6480de0cfec74546fb4f6f,101,TOOYUMM,1437,03-LAXMI SWEET AND DAIRY FAM,3,03-VISHAWANTWADI,DIST-1001,FIRM-2001,MUKESH AGENCIES,true,2026-06-18T11:21:00.000Z,2026-06-18T07:40:08.337Z
6a6480de0cfec74546fb4f70,101,TOOYUMM,2578,2578,3,03-VISHAWANTWADI,DIST-1001,FIRM-2001,MUKESH AGENCIES,true,2026-06-18T11:21:00.000Z,2026-06-18T07:40:08.337Z
6a6480de0cfec74546fb4f71,101,TOOYUMM,2631,2631,3,03-VISHAWANTWADI,DIST-1001,FIRM-2001,MUKESH AGENCIES,true,2026-06-18T11:21:00.000Z,2026-06-18T07:40:08.337Z
6a6480de0cfec74546fb4f72,101,TOOYUMM,2669,2669,3,03-VISHAWANTWADI,DIST-1001,FIRM-2001,MUKESH AGENCIES,true,2026-06-18T11:21:00.000Z,2026-06-18T07:40:08.337Z
6a6480de0cfec74546fb4f73,101,TOOYUMM,3224,3224,3,03-VISHAWANTWADI,DIST-1001,FIRM-2001,MUKESH AGENCIES,true,2026-06-18T11:21:00.000Z,2026-06-18T07:40:08.337Z
6a6480de0cfec74546fb4f74,101,TOOYUMM,3468,3468,3,03-VISHAWANTWADI,DIST-1001,FIRM-2001,MUKESH AGENCIES,true,2026-06-18T11:21:00.000Z,2026-06-18T07:40:08.337Z
6a6480de0cfec74546fb4f75,101,TOOYUMM,3548,3548,3,03-VISHAWANTWADI,DIST-1001,FIRM-2001,MUKESH AGENCIES,true,2026-06-18T11:21:00.000Z,2026-06-18T07:40:08.337Z
6a6480de0cfec74546fb4f76,101,TOOYUMM,3584,3584,3,03-VISHAWANTWADI,DIST-1001,FIRM-2001,MUKESH AGENCIES,true,2026-06-18T11:21:00.000Z,2026-06-18T07:40:08.337Z
6a6480de0cfec74546fb4f77,101,TOOYUMM,3629,3629,3,03-VISHAWANTWADI,DIST-1001,FIRM-2001,MUKESH AGENCIES,true,2026-06-18T11:21:00.000Z,2026-06-18T07:40:08.337Z
6a6480de0cfec74546fb4f78,101,TOOYUMM,3641,3641,3,03-VISHAWANTWADI,DIST-1001,FIRM-2001,MUKESH AGENCIES,true,2026-06-18T11:21:00.000Z,2026-06-18T07:40:08.337Z
6a6480de0cfec74546fb4f79,101,TOOYUMM,3650,3650,3,03-VISHAWANTWADI,DIST-1001,FIRM-2001,MUKESH AGENCIES,true,2026-06-18T11:21:00.000Z,2026-06-18T07:40:08.337Z
6a6480de0cfec74546fb4f7a,101,TOOYUMM,3713,3713,3,03-VISHAWANTWADI,DIST-1001,FIRM-2001,MUKESH AGENCIES,true,2026-06-18T11:21:00.000Z,2026-06-18T07:40:08.337Z
6a6480de0cfec74546fb4f7b,101,TOOYUMM,3748,3748,3,03-VISHAWANTWADI,DIST-1001,FIRM-2001,MUKESH AGENCIES,true,2026-06-18T11:21:00.000Z,2026-06-18T07:40:08.337Z
6a6480de0cfec74546fb4f7c,101,TOOYUMM,3804,3804,3,03-VISHAWANTWADI,DIST-1001,FIRM-2001,MUKESH AGENCIES,true,2026-06-18T11:21:00.000Z,2026-06-18T07:40:08.337Z
6a6480de0cfec74546fb4f7d,101,TOOYUMM,3813,3813,3,03-VISHAWANTWADI,DIST-1001,FIRM-2001,MUKESH AGENCIES,true,2026-06-18T11:21:00.000Z,2026-06-18T07:40:08.337Z
6a6480de0cfec74546fb4f7e,101,TOOYUMM,3879,3879,3,03-VISHAWANTWADI,DIST-1001,FIRM-2001,MUKESH AGENCIES,true,2026-06-18T11:21:00.000Z,2026-06-18T07:40:08.337Z
6a6480de0cfec74546fb4f7f,101,TOOYUMM,3887,3887,3,03-VISHAWANTWADI,DIST-1001,FIRM-2001,MUKESH AGENCIES,true,2026-06-18T11:21:00.000Z,2026-06-18T07:40:08.337Z
6a6480de0cfec74546fb4f80,101,TOOYUMM,3904,3904,3,03-VISHAWANTWADI,DIST-1001,FIRM-2001,MUKESH AGENCIES,true,2026-06-18T11:21:00.000Z,2026-06-18T07:40:08.337Z
6a6480de0cfec74546fb4f81,101,TOOYUMM,3917,3917,3,03-VISHAWANTWADI,DIST-1001,FIRM-2001,MUKESH AGENCIES,true,2026-06-18T11:21:00.000Z,2026-06-18T07:40:08.337Z
6a6480de0cfec74546fb4f82,101,TOOYUMM,3977,3977,3,03-VISHAWANTWADI,DIST-1001,FIRM-2001,MUKESH AGENCIES,true,2026-06-18T11:21:00.000Z,2026-06-18T07:40:08.337Z
6a6480de0cfec74546fb4f83,101,TOOYUMM,3978,3978,3,03-VISHAWANTWADI,DIST-1001,FIRM-2001,MUKESH AGENCIES,true,2026-06-18T11:21:00.000Z,2026-06-18T07:40:08.337Z
6a6480de0cfec74546fb4f84,101,TOOYUMM,3979,3979,3,03-VISHAWANTWADI,DIST-1001,FIRM-2001,MUKESH AGENCIES,true,2026-06-18T11:21:00.000Z,2026-06-18T07:40:08.337Z
6a6480de0cfec74546fb4f85,101,TOOYUMM,3993,3993,3,03-VISHAWANTWADI,DIST-1001,FIRM-2001,MUKESH AGENCIES,true,2026-06-18T11:21:00.000Z,2026-06-18T07:40:08.337Z
6a6480de0cfec74546fb4f86,101,TOOYUMM,3994,3994,3,03-VISHAWANTWADI,DIST-1001,FIRM-2001,MUKESH AGENCIES,true,2026-06-18T11:21:00.000Z,2026-06-18T07:40:08.337Z
6a6480de0cfec74546fb4f87,101,TOOYUMM,3995,3995,3,03-VISHAWANTWADI,DIST-1001,FIRM-2001,MUKESH AGENCIES,true,2026-06-18T11:21:00.000Z,2026-06-18T07:40:08.337Z
6a6480de0cfec74546fb4f88,101,TOOYUMM,3996,3996,3,03-VISHAWANTWADI,DIST-1001,FIRM-2001,MUKESH AGENCIES,true,2026-06-18T11:21:00.000Z,2026-06-18T07:40:08.337Z
6a6480de0cfec74546fb4f89,101,TOOYUMM,3997,3997,3,03-VISHAWANTWADI,DIST-1001,FIRM-2001,MUKESH AGENCIES,true,2026-06-18T11:21:00.000Z,2026-06-18T07:40:08.337Z
6a6480de0cfec74546fb4f8a,101,TOOYUMM,3998,3998,3,03-VISHAWANTWADI,DIST-1001,FIRM-2001,MUKESH AGENCIES,true,2026-06-18T11:21:00.000Z,2026-06-18T07:40:08.337Z
6a6480de0cfec74546fb4f8b,101,TOOYUMM,3999,3999,3,03-VISHAWANTWADI,DIST-1001,FIRM-2001,MUKESH AGENCIES,true,2026-06-18T11:21:00.000Z,2026-06-18T07:40:08.337Z
6a6480de0cfec74546fb4f8c,101,TOOYUMM,4010,4010,3,03-VISHAWANTWADI,DIST-1001,FIRM-2001,MUKESH AGENCIES,true,2026-06-18T11:21:00.000Z,2026-06-18T07:40:08.337Z
6a6480de0cfec74546fb4f8d,101,TOOYUMM,4021,4021,3,03-VISHAWANTWADI,DIST-1001,FIRM-2001,MUKESH AGENCIES,true,2026-06-18T11:21:00.000Z,2026-06-18T07:40:08.337Z
6a6480de0cfec74546fb4f8e,101,TOOYUMM,4025,4025,3,03-VISHAWANTWADI,DIST-1001,FIRM-2001,MUKESH AGENCIES,true,2026-06-18T11:21:00.000Z,2026-06-18T07:40:08.337Z
6a6480de0cfec74546fb4f8f,101,TOOYUMM,4026,4026,3,03-VISHAWANTWADI,DIST-1001,FIRM-2001,MUKESH AGENCIES,true,2026-06-18T11:21:00.000Z,2026-06-18T07:40:08.337Z
6a6480de0cfec74546fb4f90,101,TOOYUMM,4041,4041,3,03-VISHAWANTWADI,DIST-1001,FIRM-2001,MUKESH AGENCIES,true,2026-06-18T11:21:00.000Z,2026-06-18T07:40:08.337Z
6a6480de0cfec74546fb4f91,101,TOOYUMM,4042,4042,3,03-VISHAWANTWADI,DIST-1001,FIRM-2001,MUKESH AGENCIES,true,2026-06-18T11:21:00.000Z,2026-06-18T07:40:08.337Z
6a6480de0cfec74546fb4f92,101,TOOYUMM,4048,4048,3,03-VISHAWANTWADI,DIST-1001,FIRM-2001,MUKESH AGENCIES,true,2026-06-18T11:21:00.000Z,2026-06-18T07:40:08.337Z
6a6480de0cfec74546fb4f93,101,TOOYUMM,4087,4087,3,03-VISHAWANTWADI,DIST-1001,FIRM-2001,MUKESH AGENCIES,true,2026-06-18T11:21:00.000Z,2026-06-18T07:40:08.337Z
6a6480de0cfec74546fb4f94,101,TOOYUMM,4098,4098,3,03-VISHAWANTWADI,DIST-1001,FIRM-2001,MUKESH AGENCIES,true,2026-06-18T11:21:00.000Z,2026-06-18T07:40:08.337Z
6a6480de0cfec74546fb4f95,101,TOOYUMM,4100,4100,3,03-VISHAWANTWADI,DIST-1001,FIRM-2001,MUKESH AGENCIES,true,2026-06-18T11:21:00.000Z,2026-06-18T07:40:08.337Z
6a6480de0cfec74546fb4f96,101,TOOYUMM,4117,4117,3,03-VISHAWANTWADI,DIST-1001,FIRM-2001,MUKESH AGENCIES,true,2026-06-18T11:21:00.000Z,2026-06-18T07:40:08.337Z
6a6480de0cfec74546fb4f97,101,TOOYUMM,4118,4118,3,03-VISHAWANTWADI,DIST-1001,FIRM-2001,MUKESH AGENCIES,true,2026-06-18T11:21:00.000Z,2026-06-18T07:40:08.337Z
6a6480de0cfec74546fb4f98,101,TOOYUMM,4136,4136,3,03-VISHAWANTWADI,DIST-1001,FIRM-2001,MUKESH AGENCIES,true,2026-06-18T11:21:00.000Z,2026-06-18T07:40:08.337Z
6a6480de0cfec74546fb4f99,101,TOOYUMM,4138,4138,3,03-VISHAWANTWADI,DIST-1001,FIRM-2001,MUKESH AGENCIES,true,2026-06-18T11:21:00.000Z,2026-06-18T07:40:08.337Z
6a6480de0cfec74546fb4f9a,101,TOOYUMM,1162,04-PRABHAT SUPER MARKET,4,04-FULEGANAGR,DIST-1001,FIRM-2001,MUKESH AGENCIES,true,2026-06-18T11:21:00.000Z,2026-06-18T07:40:08.337Z
6a6480de0cfec74546fb4f9b,101,TOOYUMM,1163,04-PALAKH SWEETS,4,04-FULEGANAGR,DIST-1001,FIRM-2001,MUKESH AGENCIES,true,2026-06-18T11:21:00.000Z,2026-06-18T07:40:08.337Z
6a6480de0cfec74546fb4f9c,101,TOOYUMM,1188,04-CAKE CASTAL,4,04-FULEGANAGR,DIST-1001,FIRM-2001,MUKESH AGENCIES,true,2026-06-18T11:21:00.000Z,2026-06-18T07:40:08.337Z
6a6480de0cfec74546fb4f9d,101,TOOYUMM,1210,04-SAIDEEP SUPER MARKET,4,04-FULEGANAGR,DIST-1001,FIRM-2001,MUKESH AGENCIES,true,2026-06-18T11:21:00.000Z,2026-06-18T07:40:08.337Z
6a6480de0cfec74546fb4f9e,101,TOOYUMM,1365,04-BHARAT BAKERY,4,04-FULEGANAGR,DIST-1001,FIRM-2001,MUKESH AGENCIES,true,2026-06-18T11:21:00.000Z,2026-06-18T07:40:08.337Z
6a6480de0cfec74546fb4f9f,101,TOOYUMM,2401,2401,4,04-FULEGANAGR,DIST-1001,FIRM-2001,MUKESH AGENCIES,true,2026-06-18T11:21:00.000Z,2026-06-18T07:40:08.337Z
6a6480de0cfec74546fb4fa0,101,TOOYUMM,2402,2402,4,04-FULEGANAGR,DIST-1001,FIRM-2001,MUKESH AGENCIES,true,2026-06-18T11:21:00.000Z,2026-06-18T07:40:08.337Z
6a6480de0cfec74546fb4fa1,101,TOOYUMM,2403,2403,4,04-FULEGANAGR,DIST-1001,FIRM-2001,MUKESH AGENCIES,true,2026-06-18T11:21:00.000Z,2026-06-18T07:40:08.337Z
6a6480de0cfec74546fb4fa2,101,TOOYUMM,2608,2608,4,04-FULEGANAGR,DIST-1001,FIRM-2001,MUKESH AGENCIES,true,2026-06-18T11:21:00.000Z,2026-06-18T07:40:08.337Z
6a6480de0cfec74546fb4fa3,101,TOOYUMM,2649,2649,4,04-FULEGANAGR,DIST-1001,FIRM-2001,MUKESH AGENCIES,true,2026-06-18T11:21:00.000Z,2026-06-18T07:40:08.337Z
6a6480de0cfec74546fb4fa4,101,TOOYUMM,3543,3543,4,04-FULEGANAGR,DIST-1001,FIRM-2001,MUKESH AGENCIES,true,2026-06-18T11:21:00.000Z,2026-06-18T07:40:08.337Z
6a6480de0cfec74546fb4fa5,101,TOOYUMM,3587,3587,4,04-FULEGANAGR,DIST-1001,FIRM-2001,MUKESH AGENCIES,true,2026-06-18T11:21:00.000Z,2026-06-18T07:40:08.337Z
6a6480de0cfec74546fb4fa6,101,TOOYUMM,3628,3628,4,04-FULEGANAGR,DIST-1001,FIRM-2001,MUKESH AGENCIES,true,2026-06-18T11:21:00.000Z,2026-06-18T07:40:08.337Z
6a6480de0cfec74546fb4fa7,101,TOOYUMM,3969,3969,4,04-FULEGANAGR,DIST-1001,FIRM-2001,MUKESH AGENCIES,true,2026-06-18T11:21:00.000Z,2026-06-18T07:40:08.337Z
6a6480de0cfec74546fb4fa8,101,TOOYUMM,4086,4086,4,04-FULEGANAGR,DIST-1001,FIRM-2001,MUKESH AGENCIES,true,2026-06-18T11:21:00.000Z,2026-06-18T07:40:08.337Z
6a6480de0cfec74546fb4fa9,101,TOOYUMM,4088,4088,4,04-FULEGANAGR,DIST-1001,FIRM-2001,MUKESH AGENCIES,true,2026-06-18T11:21:00.000Z,2026-06-18T07:40:08.337Z
6a6480de0cfec74546fb4faa,101,TOOYUMM,4089,4089,4,04-FULEGANAGR,DIST-1001,FIRM-2001,MUKESH AGENCIES,true,2026-06-18T11:21:00.000Z,2026-06-18T07:40:08.337Z
6a6480de0cfec74546fb4fab,101,TOOYUMM,1138,05-MANJUNATHA FOOD MART,5,05-KALASH,DIST-1001,FIRM-2001,MUKESH AGENCIES,true,2026-06-18T11:21:00.000Z,2026-06-18T07:40:08.337Z
6a6480de0cfec74546fb4fac,101,TOOYUMM,1139,05-RAMDEV SUPER MARKET.,5,05-KALASH,DIST-1001,FIRM-2001,MUKESH AGENCIES,true,2026-06-18T11:21:00.000Z,2026-06-18T07:40:08.337Z
6a6480de0cfec74546fb4fad,101,TOOYUMM,1140,05-BHAGWATI MINI MARKET,5,05-KALASH,DIST-1001,FIRM-2001,MUKESH AGENCIES,true,2026-06-18T11:21:00.000Z,2026-06-18T07:40:08.337Z
6a6480de0cfec74546fb4fae,101,TOOYUMM,1204,05-OM SAI ENTERPRISES,5,05-KALASH,DIST-1001,FIRM-2001,MUKESH AGENCIES,true,2026-06-18T11:21:00.000Z,2026-06-18T07:40:08.337Z
6a6480de0cfec74546fb4faf,101,TOOYUMM,1205,05-RAMDEV SUPER MARKET.,5,05-KALASH,DIST-1001,FIRM-2001,MUKESH AGENCIES,true,2026-06-18T11:21:00.000Z,2026-06-18T07:40:08.337Z
6a6480de0cfec74546fb4fb0,101,TOOYUMM,1270,05-RAHUL TRADERS.,5,05-KALASH,DIST-1001,FIRM-2001,MUKESH AGENCIES,true,2026-06-18T11:21:00.000Z,2026-06-18T07:40:08.337Z
6a6480de0cfec74546fb4fb1,101,TOOYUMM,1284,05-RAJDHANI SWEET,5,05-KALASH,DIST-1001,FIRM-2001,MUKESH AGENCIES,true,2026-06-18T11:21:00.000Z,2026-06-18T07:40:08.337Z
6a6480de0cfec74546fb4fb2,101,TOOYUMM,1285,05-MANJUNATHA FOOD MART ..,5,05-KALASH,DIST-1001,FIRM-2001,MUKESH AGENCIES,true,2026-06-18T11:21:00.000Z,2026-06-18T07:40:08.337Z
6a6480de0cfec74546fb4fb3,101,TOOYUMM,1286,05-SAI PRIYAG BEKARY,5,05-KALASH,DIST-1001,FIRM-2001,MUKESH AGENCIES,true,2026-06-18T11:21:00.000Z,2026-06-18T07:40:08.337Z
6a6480de0cfec74546fb4fb4,101,TOOYUMM,1288,05-HARI OM SUPER MARKET .,5,05-KALASH,DIST-1001,FIRM-2001,MUKESH AGENCIES,true,2026-06-18T11:21:00.000Z,2026-06-18T07:40:08.337Z
6a6480de0cfec74546fb4fb5,101,TOOYUMM,1289,05-HARI OM SUPER MARKET ..,5,05-KALASH,DIST-1001,FIRM-2001,MUKESH AGENCIES,true,2026-06-18T11:21:00.000Z,2026-06-18T07:40:08.337Z
6a6480de0cfec74546fb4fb6,101,TOOYUMM,1313,05-MAHALAXMI SUPER MARKET.,5,05-KALASH,DIST-1001,FIRM-2001,MUKESH AGENCIES,true,2026-06-18T11:21:00.000Z,2026-06-18T07:40:08.337Z
6a6480de0cfec74546fb4fb7,101,TOOYUMM,1314,05-FAIZ GAN STORE,5,05-KALASH,DIST-1001,FIRM-2001,MUKESH AGENCIES,true,2026-06-18T11:21:00.000Z,2026-06-18T07:40:08.337Z
6a6480de0cfec74546fb4fb8,101,TOOYUMM,1315,05-SAAD BAKERY ...,5,05-KALASH,DIST-1001,FIRM-2001,MUKESH AGENCIES,true,2026-06-18T11:21:00.000Z,2026-06-18T07:40:08.337Z
6a6480de0cfec74546fb4fb9,101,TOOYUMM,1316,05-JAI SHRI SUPER MARKET,5,05-KALASH,DIST-1001,FIRM-2001,MUKESH AGENCIES,true,2026-06-18T11:21:00.000Z,2026-06-18T07:40:08.337Z
6a6480de0cfec74546fb4fba,101,TOOYUMM,2396,2396,5,05-KALASH,DIST-1001,FIRM-2001,MUKESH AGENCIES,true,2026-06-18T11:21:00.000Z,2026-06-18T07:40:08.337Z
6a6480de0cfec74546fb4fbb,101,TOOYUMM,2397,2397,5,05-KALASH,DIST-1001,FIRM-2001,MUKESH AGENCIES,true,2026-06-18T11:21:00.000Z,2026-06-18T07:40:08.337Z
6a6480de0cfec74546fb4fbc,101,TOOYUMM,2398,2398,5,05-KALASH,DIST-1001,FIRM-2001,MUKESH AGENCIES,true,2026-06-18T11:21:00.000Z,2026-06-18T07:40:08.337Z
6a6480de0cfec74546fb4fbd,101,TOOYUMM,2399,2399,5,05-KALASH,DIST-1001,FIRM-2001,MUKESH AGENCIES,true,2026-06-18T11:21:00.000Z,2026-06-18T07:40:08.337Z
6a6480de0cfec74546fb4fbe,101,TOOYUMM,2400,2400,5,05-KALASH,DIST-1001,FIRM-2001,MUKESH AGENCIES,true,2026-06-18T11:21:00.000Z,2026-06-18T07:40:08.337Z
6a6480de0cfec74546fb4fbf,101,TOOYUMM,2405,2405,5,05-KALASH,DIST-1001,FIRM-2001,MUKESH AGENCIES,true,2026-06-18T11:21:00.000Z,2026-06-18T07:40:08.337Z
6a6480de0cfec74546fb4fc0,101,TOOYUMM,2440,2440,5,05-KALASH,DIST-1001,FIRM-2001,MUKESH AGENCIES,true,2026-06-18T11:21:00.000Z,2026-06-18T07:40:08.337Z
6a6480de0cfec74546fb4fc1,101,TOOYUMM,2441,2441,5,05-KALASH,DIST-1001,FIRM-2001,MUKESH AGENCIES,true,2026-06-18T11:21:00.000Z,2026-06-18T07:40:08.337Z
6a6480de0cfec74546fb4fc2,101,TOOYUMM,2442,2442,5,05-KALASH,DIST-1001,FIRM-2001,MUKESH AGENCIES,true,2026-06-18T11:21:00.000Z,2026-06-18T07:40:08.337Z
6a6480de0cfec74546fb4fc3,101,TOOYUMM,2443,2443,5,05-KALASH,DIST-1001,FIRM-2001,MUKESH AGENCIES,true,2026-06-18T11:21:00.000Z,2026-06-18T07:40:08.337Z
6a6480de0cfec74546fb4fc4,101,TOOYUMM,2444,2444,5,05-KALASH,DIST-1001,FIRM-2001,MUKESH AGENCIES,true,2026-06-18T11:21:00.000Z,2026-06-18T07:40:08.337Z
6a6480de0cfec74546fb4fc5,101,TOOYUMM,2445,2445,5,05-KALASH,DIST-1001,FIRM-2001,MUKESH AGENCIES,true,2026-06-18T11:21:00.000Z,2026-06-18T07:40:08.337Z
6a6480de0cfec74546fb4fc6,101,TOOYUMM,2446,2446,5,05-KALASH,DIST-1001,FIRM-2001,MUKESH AGENCIES,true,2026-06-18T11:21:00.000Z,2026-06-18T07:40:08.337Z
6a6480de0cfec74546fb4fc7,101,TOOYUMM,2447,2447,5,05-KALASH,DIST-1001,FIRM-2001,MUKESH AGENCIES,true,2026-06-18T11:21:00.000Z,2026-06-18T07:40:08.337Z
6a6480de0cfec74546fb4fc8,101,TOOYUMM,2480,2480,5,05-KALASH,DIST-1001,FIRM-2001,MUKESH AGENCIES,true,2026-06-18T11:21:00.000Z,2026-06-18T07:40:08.337Z
6a6480de0cfec74546fb4fc9,101,TOOYUMM,2481,2481,5,05-KALASH,DIST-1001,FIRM-2001,MUKESH AGENCIES,true,2026-06-18T11:21:00.000Z,2026-06-18T07:40:08.337Z
6a6480de0cfec74546fb4fca,101,TOOYUMM,2498,2498,5,05-KALASH,DIST-1001,FIRM-2001,MUKESH AGENCIES,true,2026-06-18T11:21:00.000Z,2026-06-18T07:40:08.337Z
6a6480de0cfec74546fb4fcb,101,TOOYUMM,2516,2516,5,05-KALASH,DIST-1001,FIRM-2001,MUKESH AGENCIES,true,2026-06-18T11:21:00.000Z,2026-06-18T07:40:08.337Z
6a6480de0cfec74546fb4fcc,101,TOOYUMM,2517,2517,5,05-KALASH,DIST-1001,FIRM-2001,MUKESH AGENCIES,true,2026-06-18T11:21:00.000Z,2026-06-18T07:40:08.337Z
6a6480de0cfec74546fb4fcd,101,TOOYUMM,2518,2518,5,05-KALASH,DIST-1001,FIRM-2001,MUKESH AGENCIES,true,2026-06-18T11:21:00.000Z,2026-06-18T07:40:08.337Z
6a6480de0cfec74546fb4fce,101,TOOYUMM,2567,2567,5,05-KALASH,DIST-1001,FIRM-2001,MUKESH AGENCIES,true,2026-06-18T11:21:00.000Z,2026-06-18T07:40:08.337Z
6a6480de0cfec74546fb4fcf,101,TOOYUMM,2659,2659,5,05-KALASH,DIST-1001,FIRM-2001,MUKESH AGENCIES,true,2026-06-18T11:21:00.000Z,2026-06-18T07:40:08.337Z
6a6480de0cfec74546fb4fd0,101,TOOYUMM,2660,2660,5,05-KALASH,DIST-1001,FIRM-2001,MUKESH AGENCIES,true,2026-06-18T11:21:00.000Z,2026-06-18T07:40:08.337Z
6a6480de0cfec74546fb4fd1,101,TOOYUMM,2661,2661,5,05-KALASH,DIST-1001,FIRM-2001,MUKESH AGENCIES,true,2026-06-18T11:21:00.000Z,2026-06-18T07:40:08.337Z
6a6480de0cfec74546fb4fd2,101,TOOYUMM,2662,2662,5,05-KALASH,DIST-1001,FIRM-2001,MUKESH AGENCIES,true,2026-06-18T11:21:00.000Z,2026-06-18T07:40:08.337Z
6a6480de0cfec74546fb4fd3,101,TOOYUMM,2663,2663,5,05-KALASH,DIST-1001,FIRM-2001,MUKESH AGENCIES,true,2026-06-18T11:21:00.000Z,2026-06-18T07:40:08.337Z
6a6480de0cfec74546fb4fd4,101,TOOYUMM,2673,2673,5,05-KALASH,DIST-1001,FIRM-2001,MUKESH AGENCIES,true,2026-06-18T11:21:00.000Z,2026-06-18T07:40:08.337Z
6a6480de0cfec74546fb4fd5,101,TOOYUMM,2680,2680,5,05-KALASH,DIST-1001,FIRM-2001,MUKESH AGENCIES,true,2026-06-18T11:21:00.000Z,2026-06-18T07:40:08.337Z
6a6480de0cfec74546fb4fd6,101,TOOYUMM,2681,2681,5,05-KALASH,DIST-1001,FIRM-2001,MUKESH AGENCIES,true,2026-06-18T11:21:00.000Z,2026-06-18T07:40:08.337Z
6a6480de0cfec74546fb4fd7,101,TOOYUMM,2682,2682,5,05-KALASH,DIST-1001,FIRM-2001,MUKESH AGENCIES,true,2026-06-18T11:21:00.000Z,2026-06-18T07:40:08.337Z
6a6480de0cfec74546fb4fd8,101,TOOYUMM,2683,2683,5,05-KALASH,DIST-1001,FIRM-2001,MUKESH AGENCIES,true,2026-06-18T11:21:00.000Z,2026-06-18T07:40:08.337Z
6a6480de0cfec74546fb4fd9,101,TOOYUMM,2684,2684,5,05-KALASH,DIST-1001,FIRM-2001,MUKESH AGENCIES,true,2026-06-18T11:21:00.000Z,2026-06-18T07:40:08.337Z
6a6480de0cfec74546fb4fda,101,TOOYUMM,2929,2929,5,05-KALASH,DIST-1001,FIRM-2001,MUKESH AGENCIES,true,2026-06-18T11:21:00.000Z,2026-06-18T07:40:08.337Z
6a6480de0cfec74546fb4fdb,101,TOOYUMM,2930,2930,5,05-KALASH,DIST-1001,FIRM-2001,MUKESH AGENCIES,true,2026-06-18T11:21:00.000Z,2026-06-18T07:40:08.337Z
6a6480de0cfec74546fb4fdc,101,TOOYUMM,2931,2931,5,05-KALASH,DIST-1001,FIRM-2001,MUKESH AGENCIES,true,2026-06-18T11:21:00.000Z,2026-06-18T07:40:08.337Z
6a6480de0cfec74546fb4fdd,101,TOOYUMM,3295,3295,5,05-KALASH,DIST-1001,FIRM-2001,MUKESH AGENCIES,true,2026-06-18T11:21:00.000Z,2026-06-18T07:40:08.337Z
6a6480de0cfec74546fb4fde,101,TOOYUMM,3325,3325,5,05-KALASH,DIST-1001,FIRM-2001,MUKESH AGENCIES,true,2026-06-18T11:21:00.000Z,2026-06-18T07:40:08.337Z
6a6480de0cfec74546fb4fdf,101,TOOYUMM,3326,3326,5,05-KALASH,DIST-1001,FIRM-2001,MUKESH AGENCIES,true,2026-06-18T11:21:00.000Z,2026-06-18T07:40:08.337Z
6a6480de0cfec74546fb4fe0,101,TOOYUMM,3327,3327,5,05-KALASH,DIST-1001,FIRM-2001,MUKESH AGENCIES,true,2026-06-18T11:21:00.000Z,2026-06-18T07:40:08.337Z
6a6480de0cfec74546fb4fe1,101,TOOYUMM,3328,3328,5,05-KALASH,DIST-1001,FIRM-2001,MUKESH AGENCIES,true,2026-06-18T11:21:00.000Z,2026-06-18T07:40:08.337Z
6a6480de0cfec74546fb4fe2,101,TOOYUMM,3329,3329,5,05-KALASH,DIST-1001,FIRM-2001,MUKESH AGENCIES,true,2026-06-18T11:21:00.000Z,2026-06-18T07:40:08.337Z
6a6480de0cfec74546fb4fe3,101,TOOYUMM,3335,3335,5,05-KALASH,DIST-1001,FIRM-2001,MUKESH AGENCIES,true,2026-06-18T11:21:00.000Z,2026-06-18T07:40:08.337Z
6a6480de0cfec74546fb4fe4,101,TOOYUMM,3526,3526,5,05-KALASH,DIST-1001,FIRM-2001,MUKESH AGENCIES,true,2026-06-18T11:21:00.000Z,2026-06-18T07:40:08.337Z
6a6480de0cfec74546fb4fe5,101,TOOYUMM,3527,3527,5,05-KALASH,DIST-1001,FIRM-2001,MUKESH AGENCIES,true,2026-06-18T11:21:00.000Z,2026-06-18T07:40:08.337Z
6a6480de0cfec74546fb4fe6,101,TOOYUMM,3549,3549,5,05-KALASH,DIST-1001,FIRM-2001,MUKESH AGENCIES,true,2026-06-18T11:21:00.000Z,2026-06-18T07:40:08.337Z
6a6480de0cfec74546fb4fe7,101,TOOYUMM,3577,3577,5,05-KALASH,DIST-1001,FIRM-2001,MUKESH AGENCIES,true,2026-06-18T11:21:00.000Z,2026-06-18T07:40:08.337Z
6a6480de0cfec74546fb4fe8,101,TOOYUMM,3585,3585,5,05-KALASH,DIST-1001,FIRM-2001,MUKESH AGENCIES,true,2026-06-18T11:21:00.000Z,2026-06-18T07:40:08.337Z
6a6480de0cfec74546fb4fe9,101,TOOYUMM,3630,3630,5,05-KALASH,DIST-1001,FIRM-2001,MUKESH AGENCIES,true,2026-06-18T11:21:00.000Z,2026-06-18T07:40:08.337Z
6a6480de0cfec74546fb4fea,101,TOOYUMM,3631,3631,5,05-KALASH,DIST-1001,FIRM-2001,MUKESH AGENCIES,true,2026-06-18T11:21:00.000Z,2026-06-18T07:40:08.337Z
6a6480de0cfec74546fb4feb,101,TOOYUMM,3632,3632,5,05-KALASH,DIST-1001,FIRM-2001,MUKESH AGENCIES,true,2026-06-18T11:21:00.000Z,2026-06-18T07:40:08.337Z
6a6480de0cfec74546fb4fec,101,TOOYUMM,3649,3649,5,05-KALASH,DIST-1001,FIRM-2001,MUKESH AGENCIES,true,2026-06-18T11:21:00.000Z,2026-06-18T07:40:08.337Z
6a6480de0cfec74546fb4fed,101,TOOYUMM,3661,3661,5,05-KALASH,DIST-1001,FIRM-2001,MUKESH AGENCIES,true,2026-06-18T11:21:00.000Z,2026-06-18T07:40:08.337Z
6a6480de0cfec74546fb4fee,101,TOOYUMM,3670,3670,5,05-KALASH,DIST-1001,FIRM-2001,MUKESH AGENCIES,true,2026-06-18T11:21:00.000Z,2026-06-18T07:40:08.337Z
6a6480de0cfec74546fb4fef,101,TOOYUMM,3671,3671,5,05-KALASH,DIST-1001,FIRM-2001,MUKESH AGENCIES,true,2026-06-18T11:21:00.000Z,2026-06-18T07:40:08.337Z
6a6480de0cfec74546fb4ff0,101,TOOYUMM,3672,3672,5,05-KALASH,DIST-1001,FIRM-2001,MUKESH AGENCIES,true,2026-06-18T11:21:00.000Z,2026-06-18T07:40:08.337Z
6a6480de0cfec74546fb4ff1,101,TOOYUMM,3673,3673,5,05-KALASH,DIST-1001,FIRM-2001,MUKESH AGENCIES,true,2026-06-18T11:21:00.000Z,2026-06-18T07:40:08.337Z
6a6480de0cfec74546fb4ff2,101,TOOYUMM,3681,3681,5,05-KALASH,DIST-1001,FIRM-2001,MUKESH AGENCIES,true,2026-06-18T11:21:00.000Z,2026-06-18T07:40:08.337Z
6a6480de0cfec74546fb4ff3,101,TOOYUMM,3697,3697,5,05-KALASH,DIST-1001,FIRM-2001,MUKESH AGENCIES,true,2026-06-18T11:21:00.000Z,2026-06-18T07:40:08.337Z
6a6480de0cfec74546fb4ff4,101,TOOYUMM,3754,3754,5,05-KALASH,DIST-1001,FIRM-2001,MUKESH AGENCIES,true,2026-06-18T11:21:00.000Z,2026-06-18T07:40:08.337Z
6a6480de0cfec74546fb4ff5,101,TOOYUMM,3824,3824,5,05-KALASH,DIST-1001,FIRM-2001,MUKESH AGENCIES,true,2026-06-18T11:21:00.000Z,2026-06-18T07:40:08.337Z
6a6480de0cfec74546fb4ff6,101,TOOYUMM,3831,3831,5,05-KALASH,DIST-1001,FIRM-2001,MUKESH AGENCIES,true,2026-06-18T11:21:00.000Z,2026-06-18T07:40:08.337Z
6a6480de0cfec74546fb4ff7,101,TOOYUMM,3850,3850,5,05-KALASH,DIST-1001,FIRM-2001,MUKESH AGENCIES,true,2026-06-18T11:21:00.000Z,2026-06-18T07:40:08.337Z
6a6480de0cfec74546fb4ff8,101,TOOYUMM,3920,3920,5,05-KALASH,DIST-1001,FIRM-2001,MUKESH AGENCIES,true,2026-06-18T11:21:00.000Z,2026-06-18T07:40:08.337Z
6a6480de0cfec74546fb4ff9,101,TOOYUMM,3948,3948,5,05-KALASH,DIST-1001,FIRM-2001,MUKESH AGENCIES,true,2026-06-18T11:21:00.000Z,2026-06-18T07:40:08.337Z
6a6480de0cfec74546fb4ffa,101,TOOYUMM,4029,4029,5,05-KALASH,DIST-1001,FIRM-2001,MUKESH AGENCIES,true,2026-06-18T11:21:00.000Z,2026-06-18T07:40:08.337Z
6a6480de0cfec74546fb4ffb,101,TOOYUMM,4149,4149,5,05-KALASH,DIST-1001,FIRM-2001,MUKESH AGENCIES,true,2026-06-18T11:21:00.000Z,2026-06-18T07:40:08.337Z
6a6480de0cfec74546fb4ffc,101,TOOYUMM,4181,4181,5,05-KALASH,DIST-1001,FIRM-2001,MUKESH AGENCIES,true,2026-06-18T11:21:00.000Z,2026-06-18T07:40:08.337Z
6a6480de0cfec74546fb4ffd,101,TOOYUMM,4185,4185,5,05-KALASH,DIST-1001,FIRM-2001,MUKESH AGENCIES,true,2026-06-18T11:21:00.000Z,2026-06-18T07:40:08.337Z
6a6480de0cfec74546fb4ffe,101,TOOYUMM,4188,4188,5,05-KALASH,DIST-1001,FIRM-2001,MUKESH AGENCIES,true,2026-06-18T11:21:00.000Z,2026-06-18T07:40:08.337Z
6a6480de0cfec74546fb4fff,101,TOOYUMM,4193,4193,5,05-KALASH,DIST-1001,FIRM-2001,MUKESH AGENCIES,true,2026-06-18T11:21:00.000Z,2026-06-18T07:40:08.337Z
6a6480de0cfec74546fb5000,101,TOOYUMM,4204,4204,5,05-KALASH,DIST-1001,FIRM-2001,MUKESH AGENCIES,true,2026-06-18T11:21:00.000Z,2026-06-18T07:40:08.337Z
6a6480de0cfec74546fb5001,101,TOOYUMM,1294,06-BIKANER SWEET .,6,06-MUNJEWASTI,DIST-1001,FIRM-2001,MUKESH AGENCIES,true,2026-06-18T11:21:00.000Z,2026-06-18T07:40:08.337Z
6a6480de0cfec74546fb5002,101,TOOYUMM,1295,06-SHRI SAI MEDICAL,6,06-MUNJEWASTI,DIST-1001,FIRM-2001,MUKESH AGENCIES,true,2026-06-18T11:21:00.000Z,2026-06-18T07:40:08.337Z
6a6480de0cfec74546fb5003,101,TOOYUMM,1402,06-KAILASH SUPER SHOPEE,6,06-MUNJEWASTI,DIST-1001,FIRM-2001,MUKESH AGENCIES,true,2026-06-18T11:21:00.000Z,2026-06-18T07:40:08.337Z
6a6480de0cfec74546fb5004,101,TOOYUMM,1403,06-KRISHNAI MOBILE SHOPI,6,06-MUNJEWASTI,DIST-1001,FIRM-2001,MUKESH AGENCIES,true,2026-06-18T11:21:00.000Z,2026-06-18T07:40:08.337Z
6a6480de0cfec74546fb5005,101,TOOYUMM,1405,06-BHAVANA SUPER MARKET,6,06-MUNJEWASTI,DIST-1001,FIRM-2001,MUKESH AGENCIES,true,2026-06-18T11:21:00.000Z,2026-06-18T07:40:08.337Z
6a6480de0cfec74546fb5006,101,TOOYUMM,1408,06-HUSEN PROV STORE,6,06-MUNJEWASTI,DIST-1001,FIRM-2001,MUKESH AGENCIES,true,2026-06-18T11:21:00.000Z,2026-06-18T07:40:08.337Z
6a6480de0cfec74546fb5007,101,TOOYUMM,1449,06-MAHADEV SUPER MARKET,6,06-MUNJEWASTI,DIST-1001,FIRM-2001,MUKESH AGENCIES,true,2026-06-18T11:21:00.000Z,2026-06-18T07:40:08.337Z
6a6480de0cfec74546fb5008,101,TOOYUMM,1450,06-MAJISA SUPER MARKET,6,06-MUNJEWASTI,DIST-1001,FIRM-2001,MUKESH AGENCIES,true,2026-06-18T11:21:00.000Z,2026-06-18T07:40:08.337Z
6a6480de0cfec74546fb5009,101,TOOYUMM,2394,2394,6,06-MUNJEWASTI,DIST-1001,FIRM-2001,MUKESH AGENCIES,true,2026-06-18T11:21:00.000Z,2026-06-18T07:40:08.337Z
6a6480de0cfec74546fb500a,101,TOOYUMM,2462,2462,6,06-MUNJEWASTI,DIST-1001,FIRM-2001,MUKESH AGENCIES,true,2026-06-18T11:21:00.000Z,2026-06-18T07:40:08.337Z
6a6480de0cfec74546fb500b,101,TOOYUMM,2515,2515,6,06-MUNJEWASTI,DIST-1001,FIRM-2001,MUKESH AGENCIES,true,2026-06-18T11:21:00.000Z,2026-06-18T07:40:08.337Z
6a6480de0cfec74546fb500c,101,TOOYUMM,2565,2565,6,06-MUNJEWASTI,DIST-1001,FIRM-2001,MUKESH AGENCIES,true,2026-06-18T11:21:00.000Z,2026-06-18T07:40:08.337Z
6a6480de0cfec74546fb500d,101,TOOYUMM,2579,2579,6,06-MUNJEWASTI,DIST-1001,FIRM-2001,MUKESH AGENCIES,true,2026-06-18T11:21:00.000Z,2026-06-18T07:40:08.337Z
6a6480de0cfec74546fb500e,101,TOOYUMM,2583,2583,6,06-MUNJEWASTI,DIST-1001,FIRM-2001,MUKESH AGENCIES,true,2026-06-18T11:21:00.000Z,2026-06-18T07:40:08.337Z
6a6480de0cfec74546fb500f,101,TOOYUMM,2614,2614,6,06-MUNJEWASTI,DIST-1001,FIRM-2001,MUKESH AGENCIES,true,2026-06-18T11:21:00.000Z,2026-06-18T07:40:08.337Z
6a6480de0cfec74546fb5010,101,TOOYUMM,2618,2618,6,06-MUNJEWASTI,DIST-1001,FIRM-2001,MUKESH AGENCIES,true,2026-06-18T11:21:00.000Z,2026-06-18T07:40:08.337Z
6a6480de0cfec74546fb5011,101,TOOYUMM,2635,2635,6,06-MUNJEWASTI,DIST-1001,FIRM-2001,MUKESH AGENCIES,true,2026-06-18T11:21:00.000Z,2026-06-18T07:40:08.337Z
6a6480de0cfec74546fb5012,101,TOOYUMM,2654,2654,6,06-MUNJEWASTI,DIST-1001,FIRM-2001,MUKESH AGENCIES,true,2026-06-18T11:21:00.000Z,2026-06-18T07:40:08.337Z
6a6480de0cfec74546fb5013,101,TOOYUMM,2655,2655,6,06-MUNJEWASTI,DIST-1001,FIRM-2001,MUKESH AGENCIES,true,2026-06-18T11:21:00.000Z,2026-06-18T07:40:08.337Z
6a6480de0cfec74546fb5014,101,TOOYUMM,2656,2656,6,06-MUNJEWASTI,DIST-1001,FIRM-2001,MUKESH AGENCIES,true,2026-06-18T11:21:00.000Z,2026-06-18T07:40:08.337Z
6a6480de0cfec74546fb5015,101,TOOYUMM,2657,2657,6,06-MUNJEWASTI,DIST-1001,FIRM-2001,MUKESH AGENCIES,true,2026-06-18T11:21:00.000Z,2026-06-18T07:40:08.337Z
6a6480de0cfec74546fb5016,101,TOOYUMM,2665,2665,6,06-MUNJEWASTI,DIST-1001,FIRM-2001,MUKESH AGENCIES,true,2026-06-18T11:21:00.000Z,2026-06-18T07:40:08.337Z
6a6480de0cfec74546fb5017,101,TOOYUMM,2677,2677,6,06-MUNJEWASTI,DIST-1001,FIRM-2001,MUKESH AGENCIES,true,2026-06-18T11:21:00.000Z,2026-06-18T07:40:08.337Z
6a6480de0cfec74546fb5018,101,TOOYUMM,2762,2762,6,06-MUNJEWASTI,DIST-1001,FIRM-2001,MUKESH AGENCIES,true,2026-06-18T11:21:00.000Z,2026-06-18T07:40:08.337Z
6a6480de0cfec74546fb5019,101,TOOYUMM,2888,2888,6,06-MUNJEWASTI,DIST-1001,FIRM-2001,MUKESH AGENCIES,true,2026-06-18T11:21:00.000Z,2026-06-18T07:40:08.337Z
6a6480de0cfec74546fb501a,101,TOOYUMM,3050,3050,6,06-MUNJEWASTI,DIST-1001,FIRM-2001,MUKESH AGENCIES,true,2026-06-18T11:21:00.000Z,2026-06-18T07:40:08.337Z
6a6480de0cfec74546fb501b,101,TOOYUMM,3131,3131,6,06-MUNJEWASTI,DIST-1001,FIRM-2001,MUKESH AGENCIES,true,2026-06-18T11:21:00.000Z,2026-06-18T07:40:08.337Z
6a6480de0cfec74546fb501c,101,TOOYUMM,3176,3176,6,06-MUNJEWASTI,DIST-1001,FIRM-2001,MUKESH AGENCIES,true,2026-06-18T11:21:00.000Z,2026-06-18T07:40:08.337Z
6a6480de0cfec74546fb501d,101,TOOYUMM,3211,3211,6,06-MUNJEWASTI,DIST-1001,FIRM-2001,MUKESH AGENCIES,true,2026-06-18T11:21:00.000Z,2026-06-18T07:40:08.337Z
6a6480de0cfec74546fb501e,101,TOOYUMM,3276,3276,6,06-MUNJEWASTI,DIST-1001,FIRM-2001,MUKESH AGENCIES,true,2026-06-18T11:21:00.000Z,2026-06-18T07:40:08.337Z
6a6480de0cfec74546fb501f,101,TOOYUMM,3404,3404,6,06-MUNJEWASTI,DIST-1001,FIRM-2001,MUKESH AGENCIES,true,2026-06-18T11:21:00.000Z,2026-06-18T07:40:08.337Z
6a6480de0cfec74546fb5020,101,TOOYUMM,3408,3408,6,06-MUNJEWASTI,DIST-1001,FIRM-2001,MUKESH AGENCIES,true,2026-06-18T11:21:00.000Z,2026-06-18T07:40:08.337Z
6a6480de0cfec74546fb5021,101,TOOYUMM,3460,3460,6,06-MUNJEWASTI,DIST-1001,FIRM-2001,MUKESH AGENCIES,true,2026-06-18T11:21:00.000Z,2026-06-18T07:40:08.337Z
6a6480de0cfec74546fb5022,101,TOOYUMM,3483,3483,6,06-MUNJEWASTI,DIST-1001,FIRM-2001,MUKESH AGENCIES,true,2026-06-18T11:21:00.000Z,2026-06-18T07:40:08.337Z
6a6480de0cfec74546fb5023,101,TOOYUMM,3501,3501,6,06-MUNJEWASTI,DIST-1001,FIRM-2001,MUKESH AGENCIES,true,2026-06-18T11:21:00.000Z,2026-06-18T07:40:08.337Z
6a6480de0cfec74546fb5024,101,TOOYUMM,3502,3502,6,06-MUNJEWASTI,DIST-1001,FIRM-2001,MUKESH AGENCIES,true,2026-06-18T11:21:00.000Z,2026-06-18T07:40:08.337Z
6a6480de0cfec74546fb5025,101,TOOYUMM,3503,3503,6,06-MUNJEWASTI,DIST-1001,FIRM-2001,MUKESH AGENCIES,true,2026-06-18T11:21:00.000Z,2026-06-18T07:40:08.337Z
6a6480de0cfec74546fb5026,101,TOOYUMM,3504,3504,6,06-MUNJEWASTI,DIST-1001,FIRM-2001,MUKESH AGENCIES,true,2026-06-18T11:21:00.000Z,2026-06-18T07:40:08.337Z
6a6480de0cfec74546fb5027,101,TOOYUMM,3505,3505,6,06-MUNJEWASTI,DIST-1001,FIRM-2001,MUKESH AGENCIES,true,2026-06-18T11:21:00.000Z,2026-06-18T07:40:08.337Z
6a6480de0cfec74546fb5028,101,TOOYUMM,3506,3506,6,06-MUNJEWASTI,DIST-1001,FIRM-2001,MUKESH AGENCIES,true,2026-06-18T11:21:00.000Z,2026-06-18T07:40:08.337Z
6a6480de0cfec74546fb5029,101,TOOYUMM,3558,3558,6,06-MUNJEWASTI,DIST-1001,FIRM-2001,MUKESH AGENCIES,true,2026-06-18T11:21:00.000Z,2026-06-18T07:40:08.337Z
6a6480de0cfec74546fb502a,101,TOOYUMM,3644,3644,6,06-MUNJEWASTI,DIST-1001,FIRM-2001,MUKESH AGENCIES,true,2026-06-18T11:21:00.000Z,2026-06-18T07:40:08.337Z
6a6480de0cfec74546fb502b,101,TOOYUMM,3669,3669,6,06-MUNJEWASTI,DIST-1001,FIRM-2001,MUKESH AGENCIES,true,2026-06-18T11:21:00.000Z,2026-06-18T07:40:08.337Z
6a6480de0cfec74546fb502c,101,TOOYUMM,3724,3724,6,06-MUNJEWASTI,DIST-1001,FIRM-2001,MUKESH AGENCIES,true,2026-06-18T11:21:00.000Z,2026-06-18T07:40:08.337Z
6a6480de0cfec74546fb502d,101,TOOYUMM,3871,3871,6,06-MUNJEWASTI,DIST-1001,FIRM-2001,MUKESH AGENCIES,true,2026-06-18T11:21:00.000Z,2026-06-18T07:40:08.337Z
6a6480de0cfec74546fb502e,101,TOOYUMM,3891,3891,6,06-MUNJEWASTI,DIST-1001,FIRM-2001,MUKESH AGENCIES,true,2026-06-18T11:21:00.000Z,2026-06-18T07:40:08.337Z
6a6480de0cfec74546fb502f,101,TOOYUMM,3922,3922,6,06-MUNJEWASTI,DIST-1001,FIRM-2001,MUKESH AGENCIES,true,2026-06-18T11:21:00.000Z,2026-06-18T07:40:08.337Z
6a6480de0cfec74546fb5030,101,TOOYUMM,4009,4009,6,06-MUNJEWASTI,DIST-1001,FIRM-2001,MUKESH AGENCIES,true,2026-06-18T11:21:00.000Z,2026-06-18T07:40:08.337Z
6a6480de0cfec74546fb5031,101,TOOYUMM,4011,4011,6,06-MUNJEWASTI,DIST-1001,FIRM-2001,MUKESH AGENCIES,true,2026-06-18T11:21:00.000Z,2026-06-18T07:40:08.337Z
6a6480de0cfec74546fb5032,101,TOOYUMM,4024,4024,6,06-MUNJEWASTI,DIST-1001,FIRM-2001,MUKESH AGENCIES,true,2026-06-18T11:21:00.000Z,2026-06-18T07:40:08.337Z
6a6480de0cfec74546fb5033,101,TOOYUMM,4037,4037,6,06-MUNJEWASTI,DIST-1001,FIRM-2001,MUKESH AGENCIES,true,2026-06-18T11:21:00.000Z,2026-06-18T07:40:08.337Z
6a6480de0cfec74546fb5034,101,TOOYUMM,4119,4119,6,06-MUNJEWASTI,DIST-1001,FIRM-2001,MUKESH AGENCIES,true,2026-06-18T11:21:00.000Z,2026-06-18T07:40:08.337Z
6a6480de0cfec74546fb5035,101,TOOYUMM,4120,4120,6,06-MUNJEWASTI,DIST-1001,FIRM-2001,MUKESH AGENCIES,true,2026-06-18T11:21:00.000Z,2026-06-18T07:40:08.337Z
6a6480de0cfec74546fb5036,101,TOOYUMM,4121,4121,6,06-MUNJEWASTI,DIST-1001,FIRM-2001,MUKESH AGENCIES,true,2026-06-18T11:21:00.000Z,2026-06-18T07:40:08.337Z
6a6480de0cfec74546fb5037,101,TOOYUMM,4150,4150,6,06-MUNJEWASTI,DIST-1001,FIRM-2001,MUKESH AGENCIES,true,2026-06-18T11:21:00.000Z,2026-06-18T07:40:08.337Z
6a6480de0cfec74546fb5038,101,TOOYUMM,4163,4163,6,06-MUNJEWASTI,DIST-1001,FIRM-2001,MUKESH AGENCIES,true,2026-06-18T11:21:00.000Z,2026-06-18T07:40:08.337Z
6a6480de0cfec74546fb5039,101,TOOYUMM,4169,4169,6,06-MUNJEWASTI,DIST-1001,FIRM-2001,MUKESH AGENCIES,true,2026-06-18T11:21:00.000Z,2026-06-18T07:40:08.337Z
6a6480de0cfec74546fb503a,101,TOOYUMM,4170,4170,6,06-MUNJEWASTI,DIST-1001,FIRM-2001,MUKESH AGENCIES,true,2026-06-18T11:21:00.000Z,2026-06-18T07:40:08.337Z
6a6480de0cfec74546fb503b,101,TOOYUMM,4176,4176,6,06-MUNJEWASTI,DIST-1001,FIRM-2001,MUKESH AGENCIES,true,2026-06-18T11:21:00.000Z,2026-06-18T07:40:08.337Z
6a6480de0cfec74546fb503c,101,TOOYUMM,4191,4191,6,06-MUNJEWASTI,DIST-1001,FIRM-2001,MUKESH AGENCIES,true,2026-06-18T11:21:00.000Z,2026-06-18T07:40:08.337Z
6a6480de0cfec74546fb503d,101,TOOYUMM,4210,4210,6,06-MUNJEWASTI,DIST-1001,FIRM-2001,MUKESH AGENCIES,true,2026-06-18T11:21:00.000Z,2026-06-18T07:40:08.337Z
6a6480de0cfec74546fb503e,101,TOOYUMM,7,07-VIHAN BOOK STORE,7,07-TINGRE NAGAR,DIST-1001,FIRM-2001,MUKESH AGENCIES,true,2026-06-18T11:21:00.000Z,2026-06-18T07:40:08.337Z
6a6480de0cfec74546fb503f,101,TOOYUMM,1116,07-BALAJI DARIY,7,07-TINGRE NAGAR,DIST-1001,FIRM-2001,MUKESH AGENCIES,true,2026-06-18T11:21:00.000Z,2026-06-18T07:40:08.337Z
6a6480de0cfec74546fb5040,101,TOOYUMM,1117,07-SHRI SAI MINI MARKET,7,07-TINGRE NAGAR,DIST-1001,FIRM-2001,MUKESH AGENCIES,true,2026-06-18T11:21:00.000Z,2026-06-18T07:40:08.337Z
6a6480de0cfec74546fb5041,101,TOOYUMM,1118,07-JANMATA ENTERPRISES,7,07-TINGRE NAGAR,DIST-1001,FIRM-2001,MUKESH AGENCIES,true,2026-06-18T11:21:00.000Z,2026-06-18T07:40:08.337Z
6a6480de0cfec74546fb5042,101,TOOYUMM,1123,07-KIRSNA ENTERPRISE,7,07-TINGRE NAGAR,DIST-1001,FIRM-2001,MUKESH AGENCIES,true,2026-06-18T11:21:00.000Z,2026-06-18T07:40:08.337Z
6a6480de0cfec74546fb5043,101,TOOYUMM,1124,07-JAI BHARAT KIRANA STORE,7,07-TINGRE NAGAR,DIST-1001,FIRM-2001,MUKESH AGENCIES,true,2026-06-18T11:21:00.000Z,2026-06-18T07:40:08.337Z
6a6480de0cfec74546fb5044,101,TOOYUMM,1125,07-RAJPUROHIT SUPER MARKET,7,07-TINGRE NAGAR,DIST-1001,FIRM-2001,MUKESH AGENCIES,true,2026-06-18T11:21:00.000Z,2026-06-18T07:40:08.337Z
6a6480de0cfec74546fb5045,101,TOOYUMM,1126,07-RAMDEV TREDERS,7,07-TINGRE NAGAR,DIST-1001,FIRM-2001,MUKESH AGENCIES,true,2026-06-18T11:21:00.000Z,2026-06-18T07:40:08.337Z
6a6480de0cfec74546fb5046,101,TOOYUMM,1141,07-MUKESH SHOPPY CENTER,7,07-TINGRE NAGAR,DIST-1001,FIRM-2001,MUKESH AGENCIES,true,2026-06-18T11:21:00.000Z,2026-06-18T07:40:08.337Z
6a6480de0cfec74546fb5047,101,TOOYUMM,1147,07-ARUN DAIRY,7,07-TINGRE NAGAR,DIST-1001,FIRM-2001,MUKESH AGENCIES,true,2026-06-18T11:21:00.000Z,2026-06-18T07:40:08.337Z
6a6480de0cfec74546fb5048,101,TOOYUMM,1148,07-JANHVI TRADARS,7,07-TINGRE NAGAR,DIST-1001,FIRM-2001,MUKESH AGENCIES,true,2026-06-18T11:21:00.000Z,2026-06-18T07:40:08.337Z
6a6480de0cfec74546fb5049,101,TOOYUMM,1149,07-GANESH SWEETS.,7,07-TINGRE NAGAR,DIST-1001,FIRM-2001,MUKESH AGENCIES,true,2026-06-18T11:21:00.000Z,2026-06-18T07:40:08.337Z
6a6480de0cfec74546fb504a,101,TOOYUMM,1150,07-SMART SOILE,7,07-TINGRE NAGAR,DIST-1001,FIRM-2001,MUKESH AGENCIES,true,2026-06-18T11:21:00.000Z,2026-06-18T07:40:08.337Z
6a6480de0cfec74546fb504b,101,TOOYUMM,1151,07-REAL TASTY SWEETS,7,07-TINGRE NAGAR,DIST-1001,FIRM-2001,MUKESH AGENCIES,true,2026-06-18T11:21:00.000Z,2026-06-18T07:40:08.337Z
6a6480de0cfec74546fb504c,101,TOOYUMM,1158,07-SHRI MAHADEV SUPER SHOPEE,7,07-TINGRE NAGAR,DIST-1001,FIRM-2001,MUKESH AGENCIES,true,2026-06-18T11:21:00.000Z,2026-06-18T07:40:08.337Z
6a6480de0cfec74546fb504d,101,TOOYUMM,1159,07-SAMRAT DAIRY,7,07-TINGRE NAGAR,DIST-1001,FIRM-2001,MUKESH AGENCIES,true,2026-06-18T11:21:00.000Z,2026-06-18T07:40:08.337Z
6a6480de0cfec74546fb504e,101,TOOYUMM,1160,07-MAMTA SUPER SHOPEE,7,07-TINGRE NAGAR,DIST-1001,FIRM-2001,MUKESH AGENCIES,true,2026-06-18T11:21:00.000Z,2026-06-18T07:40:08.337Z
6a6480de0cfec74546fb504f,101,TOOYUMM,1167,07-SOYAL SUPER SHOPEE,7,07-TINGRE NAGAR,DIST-1001,FIRM-2001,MUKESH AGENCIES,true,2026-06-18T11:21:00.000Z,2026-06-18T07:40:08.337Z
6a6480de0cfec74546fb5050,101,TOOYUMM,1196,07-POOJA MINI MARKET,7,07-TINGRE NAGAR,DIST-1001,FIRM-2001,MUKESH AGENCIES,true,2026-06-18T11:21:00.000Z,2026-06-18T07:40:08.337Z
6a6480de0cfec74546fb5051,101,TOOYUMM,1197,07-SHREE BALAJI KIRANA,7,07-TINGRE NAGAR,DIST-1001,FIRM-2001,MUKESH AGENCIES,true,2026-06-18T11:21:00.000Z,2026-06-18T07:40:08.337Z
6a6480de0cfec74546fb5052,101,TOOYUMM,1198,07-NEW POONA SUPER SHOOPI,7,07-TINGRE NAGAR,DIST-1001,FIRM-2001,MUKESH AGENCIES,true,2026-06-18T11:21:00.000Z,2026-06-18T07:40:08.337Z
6a6480de0cfec74546fb5053,101,TOOYUMM,1199,07-GANESH SUPER MARKET.,7,07-TINGRE NAGAR,DIST-1001,FIRM-2001,MUKESH AGENCIES,true,2026-06-18T11:21:00.000Z,2026-06-18T07:40:08.337Z
6a6480de0cfec74546fb5054,101,TOOYUMM,1200,07-GANESH SWEET.,7,07-TINGRE NAGAR,DIST-1001,FIRM-2001,MUKESH AGENCIES,true,2026-06-18T11:21:00.000Z,2026-06-18T07:40:08.337Z
6a6480de0cfec74546fb5055,101,TOOYUMM,1201,07-BALAJI TREDES,7,07-TINGRE NAGAR,DIST-1001,FIRM-2001,MUKESH AGENCIES,true,2026-06-18T11:21:00.000Z,2026-06-18T07:40:08.337Z
6a6480de0cfec74546fb5056,101,TOOYUMM,1202,07-JAI BHARAT PROV STORE,7,07-TINGRE NAGAR,DIST-1001,FIRM-2001,MUKESH AGENCIES,true,2026-06-18T11:21:00.000Z,2026-06-18T07:40:08.337Z
6a6480de0cfec74546fb5057,101,TOOYUMM,1203,07-SAILI DRY FOODS,7,07-TINGRE NAGAR,DIST-1001,FIRM-2001,MUKESH AGENCIES,true,2026-06-18T11:21:00.000Z,2026-06-18T07:40:08.337Z
6a6480de0cfec74546fb5058,101,TOOYUMM,1227,07-GANESH SWEET  AND SNECK,7,07-TINGRE NAGAR,DIST-1001,FIRM-2001,MUKESH AGENCIES,true,2026-06-18T11:21:00.000Z,2026-06-18T07:40:08.337Z
6a6480de0cfec74546fb5059,101,TOOYUMM,1229,07-NAMOH SHIVAY ENTERPRISE,7,07-TINGRE NAGAR,DIST-1001,FIRM-2001,MUKESH AGENCIES,true,2026-06-18T11:21:00.000Z,2026-06-18T07:40:08.337Z
6a6480de0cfec74546fb505a,101,TOOYUMM,1230,07-VITTHAL RUKMINI SUPER MARKET,7,07-TINGRE NAGAR,DIST-1001,FIRM-2001,MUKESH AGENCIES,true,2026-06-18T11:21:00.000Z,2026-06-18T07:40:08.337Z
6a6480de0cfec74546fb505b,101,TOOYUMM,1231,07-SHARI BALAJI KIRANA,7,07-TINGRE NAGAR,DIST-1001,FIRM-2001,MUKESH AGENCIES,true,2026-06-18T11:21:00.000Z,2026-06-18T07:40:08.337Z
6a6480de0cfec74546fb505c,101,TOOYUMM,1256,07-SAI SANKAR SNACKS,7,07-TINGRE NAGAR,DIST-1001,FIRM-2001,MUKESH AGENCIES,true,2026-06-18T11:21:00.000Z,2026-06-18T07:40:08.337Z
6a6480de0cfec74546fb505d,101,TOOYUMM,1269,07-ANOOP BAKERY,7,07-TINGRE NAGAR,DIST-1001,FIRM-2001,MUKESH AGENCIES,true,2026-06-18T11:21:00.000Z,2026-06-18T07:40:08.337Z
6a6480de0cfec74546fb505e,101,TOOYUMM,1275,07-MUKESH SOPI SENTER,7,07-TINGRE NAGAR,DIST-1001,FIRM-2001,MUKESH AGENCIES,true,2026-06-18T11:21:00.000Z,2026-06-18T07:40:08.337Z
6a6480de0cfec74546fb505f,101,TOOYUMM,1276,07-NEW POONA SUPER SHOPI,7,07-TINGRE NAGAR,DIST-1001,FIRM-2001,MUKESH AGENCIES,true,2026-06-18T11:21:00.000Z,2026-06-18T07:40:08.337Z
6a6480de0cfec74546fb5060,101,TOOYUMM,1277,07-PRAEM SWEET,7,07-TINGRE NAGAR,DIST-1001,FIRM-2001,MUKESH AGENCIES,true,2026-06-18T11:21:00.000Z,2026-06-18T07:40:08.337Z
6a6480de0cfec74546fb5061,101,TOOYUMM,1278,07-PANKAJ SUPER SHOPI,7,07-TINGRE NAGAR,DIST-1001,FIRM-2001,MUKESH AGENCIES,true,2026-06-18T11:21:00.000Z,2026-06-18T07:40:08.337Z
6a6480de0cfec74546fb5062,101,TOOYUMM,1279,07-BALAJI TRADRS,7,07-TINGRE NAGAR,DIST-1001,FIRM-2001,MUKESH AGENCIES,true,2026-06-18T11:21:00.000Z,2026-06-18T07:40:08.337Z
6a6480de0cfec74546fb5063,101,TOOYUMM,1280,07-CHAUDHARY DIPARTMENT STORS,7,07-TINGRE NAGAR,DIST-1001,FIRM-2001,MUKESH AGENCIES,true,2026-06-18T11:21:00.000Z,2026-06-18T07:40:08.337Z
6a6480de0cfec74546fb5064,101,TOOYUMM,1281,07-JAI BHARAT STORE,7,07-TINGRE NAGAR,DIST-1001,FIRM-2001,MUKESH AGENCIES,true,2026-06-18T11:21:00.000Z,2026-06-18T07:40:08.337Z
6a6480de0cfec74546fb5065,101,TOOYUMM,1282,07-ANIL JANRAL STORE,7,07-TINGRE NAGAR,DIST-1001,FIRM-2001,MUKESH AGENCIES,true,2026-06-18T11:21:00.000Z,2026-06-18T07:40:08.337Z
6a6480de0cfec74546fb5066,101,TOOYUMM,1298,07-SAGAR SWEET ..,7,07-TINGRE NAGAR,DIST-1001,FIRM-2001,MUKESH AGENCIES,true,2026-06-18T11:21:00.000Z,2026-06-18T07:40:08.337Z
6a6480de0cfec74546fb5067,101,TOOYUMM,1318,07-MATAJI TRADRS,7,07-TINGRE NAGAR,DIST-1001,FIRM-2001,MUKESH AGENCIES,true,2026-06-18T11:21:00.000Z,2026-06-18T07:40:08.337Z
6a6480de0cfec74546fb5068,101,TOOYUMM,1320,07-KRISHNA ENTERPRISES,7,07-TINGRE NAGAR,DIST-1001,FIRM-2001,MUKESH AGENCIES,true,2026-06-18T11:21:00.000Z,2026-06-18T07:40:08.337Z
6a6480de0cfec74546fb5069,101,TOOYUMM,1333,07-DHANLAXMI SUPER SHOPEE.,7,07-TINGRE NAGAR,DIST-1001,FIRM-2001,MUKESH AGENCIES,true,2026-06-18T11:21:00.000Z,2026-06-18T07:40:08.337Z
6a6480de0cfec74546fb506a,101,TOOYUMM,1334,07-SMART CHOICE FOOD BAZAR,7,07-TINGRE NAGAR,DIST-1001,FIRM-2001,MUKESH AGENCIES,true,2026-06-18T11:21:00.000Z,2026-06-18T07:40:08.337Z
6a6480de0cfec74546fb506b,101,TOOYUMM,1336,07-SAI SUPER SHOPEE,7,07-TINGRE NAGAR,DIST-1001,FIRM-2001,MUKESH AGENCIES,true,2026-06-18T11:21:00.000Z,2026-06-18T07:40:08.337Z
6a6480de0cfec74546fb506c,101,TOOYUMM,1340,07-NEW BHAVANI SUPER SHOPEE.,7,07-TINGRE NAGAR,DIST-1001,FIRM-2001,MUKESH AGENCIES,true,2026-06-18T11:21:00.000Z,2026-06-18T07:40:08.337Z
6a6480de0cfec74546fb506d,101,TOOYUMM,1341,07-NIKHIL DRY FRUIT,7,07-TINGRE NAGAR,DIST-1001,FIRM-2001,MUKESH AGENCIES,true,2026-06-18T11:21:00.000Z,2026-06-18T07:40:08.337Z
6a6480de0cfec74546fb506e,101,TOOYUMM,1360,"07-LAXMI SUPER MARKET,....",7,07-TINGRE NAGAR,DIST-1001,FIRM-2001,MUKESH AGENCIES,true,2026-06-18T11:21:00.000Z,2026-06-18T07:40:08.337Z
6a6480de0cfec74546fb506f,101,TOOYUMM,1362,07-MAHALAXMI TRADERS.,7,07-TINGRE NAGAR,DIST-1001,FIRM-2001,MUKESH AGENCIES,true,2026-06-18T11:21:00.000Z,2026-06-18T07:40:08.337Z
6a6480de0cfec74546fb5070,101,TOOYUMM,1366,"07-TULSI SUPER MARKET.,",7,07-TINGRE NAGAR,DIST-1001,FIRM-2001,MUKESH AGENCIES,true,2026-06-18T11:21:00.000Z,2026-06-18T07:40:08.337Z
6a6480de0cfec74546fb5071,101,TOOYUMM,1381,07-RAMDEV SUPER MARKET .,7,07-TINGRE NAGAR,DIST-1001,FIRM-2001,MUKESH AGENCIES,true,2026-06-18T11:21:00.000Z,2026-06-18T07:40:08.337Z
6a6480de0cfec74546fb5072,101,TOOYUMM,1386,07-BHAVANI SHOPPING CENTRE,7,07-TINGRE NAGAR,DIST-1001,FIRM-2001,MUKESH AGENCIES,true,2026-06-18T11:21:00.000Z,2026-06-18T07:40:08.337Z
6a6480de0cfec74546fb5073,101,TOOYUMM,1404,07-SHIVSHAKTI SUPER MARKET,7,07-TINGRE NAGAR,DIST-1001,FIRM-2001,MUKESH AGENCIES,true,2026-06-18T11:21:00.000Z,2026-06-18T07:40:08.337Z
6a6480de0cfec74546fb5074,101,TOOYUMM,1406,07-SHRI SAI FOODS,7,07-TINGRE NAGAR,DIST-1001,FIRM-2001,MUKESH AGENCIES,true,2026-06-18T11:21:00.000Z,2026-06-18T07:40:08.337Z
6a6480de0cfec74546fb5075,101,TOOYUMM,2412,2412,7,07-TINGRE NAGAR,DIST-1001,FIRM-2001,MUKESH AGENCIES,true,2026-06-18T11:21:00.000Z,2026-06-18T07:40:08.337Z
6a6480de0cfec74546fb5076,101,TOOYUMM,2413,2413,7,07-TINGRE NAGAR,DIST-1001,FIRM-2001,MUKESH AGENCIES,true,2026-06-18T11:21:00.000Z,2026-06-18T07:40:08.337Z
6a6480de0cfec74546fb5077,101,TOOYUMM,2431,2431,7,07-TINGRE NAGAR,DIST-1001,FIRM-2001,MUKESH AGENCIES,true,2026-06-18T11:21:00.000Z,2026-06-18T07:40:08.337Z
6a6480de0cfec74546fb5078,101,TOOYUMM,2434,2434,7,07-TINGRE NAGAR,DIST-1001,FIRM-2001,MUKESH AGENCIES,true,2026-06-18T11:21:00.000Z,2026-06-18T07:40:08.337Z
6a6480de0cfec74546fb5079,101,TOOYUMM,2491,2491,7,07-TINGRE NAGAR,DIST-1001,FIRM-2001,MUKESH AGENCIES,true,2026-06-18T11:21:00.000Z,2026-06-18T07:40:08.337Z
6a6480de0cfec74546fb507a,101,TOOYUMM,2497,2497,7,07-TINGRE NAGAR,DIST-1001,FIRM-2001,MUKESH AGENCIES,true,2026-06-18T11:21:00.000Z,2026-06-18T07:40:08.337Z
6a6480de0cfec74546fb507b,101,TOOYUMM,2525,2525,7,07-TINGRE NAGAR,DIST-1001,FIRM-2001,MUKESH AGENCIES,true,2026-06-18T11:21:00.000Z,2026-06-18T07:40:08.337Z
6a6480de0cfec74546fb507c,101,TOOYUMM,2553,2553,7,07-TINGRE NAGAR,DIST-1001,FIRM-2001,MUKESH AGENCIES,true,2026-06-18T11:21:00.000Z,2026-06-18T07:40:08.337Z
6a6480de0cfec74546fb507d,101,TOOYUMM,2605,2605,7,07-TINGRE NAGAR,DIST-1001,FIRM-2001,MUKESH AGENCIES,true,2026-06-18T11:21:00.000Z,2026-06-18T07:40:08.337Z
6a6480de0cfec74546fb507e,101,TOOYUMM,2620,2620,7,07-TINGRE NAGAR,DIST-1001,FIRM-2001,MUKESH AGENCIES,true,2026-06-18T11:21:00.000Z,2026-06-18T07:40:08.337Z
6a6480de0cfec74546fb507f,101,TOOYUMM,2666,2666,7,07-TINGRE NAGAR,DIST-1001,FIRM-2001,MUKESH AGENCIES,true,2026-06-18T11:21:00.000Z,2026-06-18T07:40:08.337Z
6a6480de0cfec74546fb5080,101,TOOYUMM,2686,2686,7,07-TINGRE NAGAR,DIST-1001,FIRM-2001,MUKESH AGENCIES,true,2026-06-18T11:21:00.000Z,2026-06-18T07:40:08.337Z
6a6480de0cfec74546fb5081,101,TOOYUMM,2889,2889,7,07-TINGRE NAGAR,DIST-1001,FIRM-2001,MUKESH AGENCIES,true,2026-06-18T11:21:00.000Z,2026-06-18T07:40:08.337Z
6a6480de0cfec74546fb5082,101,TOOYUMM,3122,3122,7,07-TINGRE NAGAR,DIST-1001,FIRM-2001,MUKESH AGENCIES,true,2026-06-18T11:21:00.000Z,2026-06-18T07:40:08.337Z
6a6480de0cfec74546fb5083,101,TOOYUMM,3123,3123,7,07-TINGRE NAGAR,DIST-1001,FIRM-2001,MUKESH AGENCIES,true,2026-06-18T11:21:00.000Z,2026-06-18T07:40:08.337Z
6a6480de0cfec74546fb5084,101,TOOYUMM,3482,3482,7,07-TINGRE NAGAR,DIST-1001,FIRM-2001,MUKESH AGENCIES,true,2026-06-18T11:21:00.000Z,2026-06-18T07:40:08.337Z
6a6480de0cfec74546fb5085,101,TOOYUMM,3589,3589,7,07-TINGRE NAGAR,DIST-1001,FIRM-2001,MUKESH AGENCIES,true,2026-06-18T11:21:00.000Z,2026-06-18T07:40:08.337Z
6a6480de0cfec74546fb5086,101,TOOYUMM,3593,3593,7,07-TINGRE NAGAR,DIST-1001,FIRM-2001,MUKESH AGENCIES,true,2026-06-18T11:21:00.000Z,2026-06-18T07:40:08.337Z
6a6480de0cfec74546fb5087,101,TOOYUMM,3638,3638,7,07-TINGRE NAGAR,DIST-1001,FIRM-2001,MUKESH AGENCIES,true,2026-06-18T11:21:00.000Z,2026-06-18T07:40:08.337Z
6a6480de0cfec74546fb5088,101,TOOYUMM,3639,3639,7,07-TINGRE NAGAR,DIST-1001,FIRM-2001,MUKESH AGENCIES,true,2026-06-18T11:21:00.000Z,2026-06-18T07:40:08.337Z
6a6480de0cfec74546fb5089,101,TOOYUMM,3640,3640,7,07-TINGRE NAGAR,DIST-1001,FIRM-2001,MUKESH AGENCIES,true,2026-06-18T11:21:00.000Z,2026-06-18T07:40:08.337Z
6a6480de0cfec74546fb508a,101,TOOYUMM,3652,3652,7,07-TINGRE NAGAR,DIST-1001,FIRM-2001,MUKESH AGENCIES,true,2026-06-18T11:21:00.000Z,2026-06-18T07:40:08.337Z
6a6480de0cfec74546fb508b,101,TOOYUMM,3664,3664,7,07-TINGRE NAGAR,DIST-1001,FIRM-2001,MUKESH AGENCIES,true,2026-06-18T11:21:00.000Z,2026-06-18T07:40:08.337Z
6a6480de0cfec74546fb508c,101,TOOYUMM,3746,3746,7,07-TINGRE NAGAR,DIST-1001,FIRM-2001,MUKESH AGENCIES,true,2026-06-18T11:21:00.000Z,2026-06-18T07:40:08.337Z
6a6480de0cfec74546fb508d,101,TOOYUMM,3747,3747,7,07-TINGRE NAGAR,DIST-1001,FIRM-2001,MUKESH AGENCIES,true,2026-06-18T11:21:00.000Z,2026-06-18T07:40:08.337Z
6a6480de0cfec74546fb508e,101,TOOYUMM,3764,3764,7,07-TINGRE NAGAR,DIST-1001,FIRM-2001,MUKESH AGENCIES,true,2026-06-18T11:21:00.000Z,2026-06-18T07:40:08.337Z
6a6480de0cfec74546fb508f,101,TOOYUMM,3801,3801,7,07-TINGRE NAGAR,DIST-1001,FIRM-2001,MUKESH AGENCIES,true,2026-06-18T11:21:00.000Z,2026-06-18T07:40:08.337Z
6a6480de0cfec74546fb5090,101,TOOYUMM,3802,3802,7,07-TINGRE NAGAR,DIST-1001,FIRM-2001,MUKESH AGENCIES,true,2026-06-18T11:21:00.000Z,2026-06-18T07:40:08.337Z
6a6480de0cfec74546fb5091,101,TOOYUMM,3874,3874,7,07-TINGRE NAGAR,DIST-1001,FIRM-2001,MUKESH AGENCIES,true,2026-06-18T11:21:00.000Z,2026-06-18T07:40:08.337Z
6a6480de0cfec74546fb5092,101,TOOYUMM,3883,3883,7,07-TINGRE NAGAR,DIST-1001,FIRM-2001,MUKESH AGENCIES,true,2026-06-18T11:21:00.000Z,2026-06-18T07:40:08.337Z
6a6480de0cfec74546fb5093,101,TOOYUMM,3884,3884,7,07-TINGRE NAGAR,DIST-1001,FIRM-2001,MUKESH AGENCIES,true,2026-06-18T11:21:00.000Z,2026-06-18T07:40:08.337Z
6a6480de0cfec74546fb5094,101,TOOYUMM,3885,3885,7,07-TINGRE NAGAR,DIST-1001,FIRM-2001,MUKESH AGENCIES,true,2026-06-18T11:21:00.000Z,2026-06-18T07:40:08.337Z
6a6480de0cfec74546fb5095,101,TOOYUMM,3893,3893,7,07-TINGRE NAGAR,DIST-1001,FIRM-2001,MUKESH AGENCIES,true,2026-06-18T11:21:00.000Z,2026-06-18T07:40:08.337Z
6a6480de0cfec74546fb5096,101,TOOYUMM,3894,3894,7,07-TINGRE NAGAR,DIST-1001,FIRM-2001,MUKESH AGENCIES,true,2026-06-18T11:21:00.000Z,2026-06-18T07:40:08.337Z
6a6480de0cfec74546fb5097,101,TOOYUMM,3895,3895,7,07-TINGRE NAGAR,DIST-1001,FIRM-2001,MUKESH AGENCIES,true,2026-06-18T11:21:00.000Z,2026-06-18T07:40:08.337Z
6a6480de0cfec74546fb5098,101,TOOYUMM,3896,3896,7,07-TINGRE NAGAR,DIST-1001,FIRM-2001,MUKESH AGENCIES,true,2026-06-18T11:21:00.000Z,2026-06-18T07:40:08.337Z
6a6480de0cfec74546fb5099,101,TOOYUMM,3905,3905,7,07-TINGRE NAGAR,DIST-1001,FIRM-2001,MUKESH AGENCIES,true,2026-06-18T11:21:00.000Z,2026-06-18T07:40:08.337Z
6a6480de0cfec74546fb509a,101,TOOYUMM,3906,3906,7,07-TINGRE NAGAR,DIST-1001,FIRM-2001,MUKESH AGENCIES,true,2026-06-18T11:21:00.000Z,2026-06-18T07:40:08.337Z
6a6480de0cfec74546fb509b,101,TOOYUMM,3915,3915,7,07-TINGRE NAGAR,DIST-1001,FIRM-2001,MUKESH AGENCIES,true,2026-06-18T11:21:00.000Z,2026-06-18T07:40:08.337Z
6a6480de0cfec74546fb509c,101,TOOYUMM,3921,3921,7,07-TINGRE NAGAR,DIST-1001,FIRM-2001,MUKESH AGENCIES,true,2026-06-18T11:21:00.000Z,2026-06-18T07:40:08.337Z
6a6480de0cfec74546fb509d,101,TOOYUMM,3960,3960,7,07-TINGRE NAGAR,DIST-1001,FIRM-2001,MUKESH AGENCIES,true,2026-06-18T11:21:00.000Z,2026-06-18T07:40:08.337Z
6a6480de0cfec74546fb509e,101,TOOYUMM,3976,3976,7,07-TINGRE NAGAR,DIST-1001,FIRM-2001,MUKESH AGENCIES,true,2026-06-18T11:21:00.000Z,2026-06-18T07:40:08.337Z
6a6480de0cfec74546fb509f,101,TOOYUMM,4012,4012,7,07-TINGRE NAGAR,DIST-1001,FIRM-2001,MUKESH AGENCIES,true,2026-06-18T11:21:00.000Z,2026-06-18T07:40:08.337Z
6a6480de0cfec74546fb50a0,101,TOOYUMM,4094,4094,7,07-TINGRE NAGAR,DIST-1001,FIRM-2001,MUKESH AGENCIES,true,2026-06-18T11:21:00.000Z,2026-06-18T07:40:08.337Z
6a6480de0cfec74546fb50a1,101,TOOYUMM,4130,4130,7,07-TINGRE NAGAR,DIST-1001,FIRM-2001,MUKESH AGENCIES,true,2026-06-18T11:21:00.000Z,2026-06-18T07:40:08.337Z
6a6480de0cfec74546fb50a2,101,TOOYUMM,4131,4131,7,07-TINGRE NAGAR,DIST-1001,FIRM-2001,MUKESH AGENCIES,true,2026-06-18T11:21:00.000Z,2026-06-18T07:40:08.337Z
6a6480de0cfec74546fb50a3,101,TOOYUMM,4139,4139,7,07-TINGRE NAGAR,DIST-1001,FIRM-2001,MUKESH AGENCIES,true,2026-06-18T11:21:00.000Z,2026-06-18T07:40:08.337Z
6a6480de0cfec74546fb50a4,101,TOOYUMM,4144,4144,7,07-TINGRE NAGAR,DIST-1001,FIRM-2001,MUKESH AGENCIES,true,2026-06-18T11:21:00.000Z,2026-06-18T07:40:08.337Z
6a6480de0cfec74546fb50a5,101,TOOYUMM,4217,4217,7,07-TINGRE NAGAR,DIST-1001,FIRM-2001,MUKESH AGENCIES,true,2026-06-18T11:21:00.000Z,2026-06-18T07:40:08.337Z
6a6480de0cfec74546fb50a6,101,TOOYUMM,4220,4220,7,07-TINGRE NAGAR,DIST-1001,FIRM-2001,MUKESH AGENCIES,true,2026-06-18T11:21:00.000Z,2026-06-18T07:40:08.337Z
6a6480de0cfec74546fb50a7,101,TOOYUMM,1189,08-NANDLAL JAGANNATH,8,08-PRATIK NAGAR,DIST-1001,FIRM-2001,MUKESH AGENCIES,true,2026-06-18T11:21:00.000Z,2026-06-18T07:40:08.337Z
6a6480de0cfec74546fb50a8,101,TOOYUMM,1192,08-LIFE LINE CHEMIST,8,08-PRATIK NAGAR,DIST-1001,FIRM-2001,MUKESH AGENCIES,true,2026-06-18T11:21:00.000Z,2026-06-18T07:40:08.337Z
6a6480de0cfec74546fb50a9,101,TOOYUMM,1194,08-TAMBOLI SUPER MARKET,8,08-PRATIK NAGAR,DIST-1001,FIRM-2001,MUKESH AGENCIES,true,2026-06-18T11:21:00.000Z,2026-06-18T07:40:08.337Z
6a6480de0cfec74546fb50aa,101,TOOYUMM,1257,08-TIRUPATI TEA STOL,8,08-PRATIK NAGAR,DIST-1001,FIRM-2001,MUKESH AGENCIES,true,2026-06-18T11:21:00.000Z,2026-06-18T07:40:08.337Z
6a6480de0cfec74546fb50ab,101,TOOYUMM,1258,08-PRABHAT SUPER MARKET.,8,08-PRATIK NAGAR,DIST-1001,FIRM-2001,MUKESH AGENCIES,true,2026-06-18T11:21:00.000Z,2026-06-18T07:40:08.337Z
6a6480de0cfec74546fb50ac,101,TOOYUMM,1342,08-NEW MEDICAL HOUSE,8,08-PRATIK NAGAR,DIST-1001,FIRM-2001,MUKESH AGENCIES,true,2026-06-18T11:21:00.000Z,2026-06-18T07:40:08.337Z
6a6480de0cfec74546fb50ad,101,TOOYUMM,1343,08-PANCHSHILA GEN STORE,8,08-PRATIK NAGAR,DIST-1001,FIRM-2001,MUKESH AGENCIES,true,2026-06-18T11:21:00.000Z,2026-06-18T07:40:08.337Z
6a6480de0cfec74546fb50ae,101,TOOYUMM,1416,08-SHRI BHARVI,8,08-PRATIK NAGAR,DIST-1001,FIRM-2001,MUKESH AGENCIES,true,2026-06-18T11:21:00.000Z,2026-06-18T07:40:08.337Z
6a6480de0cfec74546fb50af,101,TOOYUMM,1417,07-WELLNESS,8,08-PRATIK NAGAR,DIST-1001,FIRM-2001,MUKESH AGENCIES,true,2026-06-18T11:21:00.000Z,2026-06-18T07:40:08.337Z
6a6480de0cfec74546fb50b0,101,TOOYUMM,1435,08-RAJPUROHIT GENERAL STORE,8,08-PRATIK NAGAR,DIST-1001,FIRM-2001,MUKESH AGENCIES,true,2026-06-18T11:21:00.000Z,2026-06-18T07:40:08.337Z
6a6480de0cfec74546fb50b1,101,TOOYUMM,2479,2479,8,08-PRATIK NAGAR,DIST-1001,FIRM-2001,MUKESH AGENCIES,true,2026-06-18T11:21:00.000Z,2026-06-18T07:40:08.337Z
6a6480de0cfec74546fb50b2,101,TOOYUMM,3469,3469,8,08-PRATIK NAGAR,DIST-1001,FIRM-2001,MUKESH AGENCIES,true,2026-06-18T11:21:00.000Z,2026-06-18T07:40:08.337Z
6a6480de0cfec74546fb50b3,101,TOOYUMM,3481,3481,8,08-PRATIK NAGAR,DIST-1001,FIRM-2001,MUKESH AGENCIES,true,2026-06-18T11:21:00.000Z,2026-06-18T07:40:08.337Z
6a6480de0cfec74546fb50b4,101,TOOYUMM,3588,3588,8,08-PRATIK NAGAR,DIST-1001,FIRM-2001,MUKESH AGENCIES,true,2026-06-18T11:21:00.000Z,2026-06-18T07:40:08.337Z
6a6480de0cfec74546fb50b5,101,TOOYUMM,3642,3642,8,08-PRATIK NAGAR,DIST-1001,FIRM-2001,MUKESH AGENCIES,true,2026-06-18T11:21:00.000Z,2026-06-18T07:40:08.337Z
6a6480de0cfec74546fb50b6,101,TOOYUMM,3651,3651,8,08-PRATIK NAGAR,DIST-1001,FIRM-2001,MUKESH AGENCIES,true,2026-06-18T11:21:00.000Z,2026-06-18T07:40:08.337Z
6a6480de0cfec74546fb50b7,101,TOOYUMM,3674,3674,8,08-PRATIK NAGAR,DIST-1001,FIRM-2001,MUKESH AGENCIES,true,2026-06-18T11:21:00.000Z,2026-06-18T07:40:08.337Z
6a6480de0cfec74546fb50b8,101,TOOYUMM,3711,3711,8,08-PRATIK NAGAR,DIST-1001,FIRM-2001,MUKESH AGENCIES,true,2026-06-18T11:21:00.000Z,2026-06-18T07:40:08.337Z
6a6480de0cfec74546fb50b9,101,TOOYUMM,3770,3770,8,08-PRATIK NAGAR,DIST-1001,FIRM-2001,MUKESH AGENCIES,true,2026-06-18T11:21:00.000Z,2026-06-18T07:40:08.337Z
6a6480de0cfec74546fb50ba,101,TOOYUMM,3786,3786,8,08-PRATIK NAGAR,DIST-1001,FIRM-2001,MUKESH AGENCIES,true,2026-06-18T11:21:00.000Z,2026-06-18T07:40:08.337Z
6a6480de0cfec74546fb50bb,101,TOOYUMM,3951,3951,8,08-PRATIK NAGAR,DIST-1001,FIRM-2001,MUKESH AGENCIES,true,2026-06-18T11:21:00.000Z,2026-06-18T07:40:08.337Z
6a6480de0cfec74546fb50bc,101,TOOYUMM,3952,3952,8,08-PRATIK NAGAR,DIST-1001,FIRM-2001,MUKESH AGENCIES,true,2026-06-18T11:21:00.000Z,2026-06-18T07:40:08.337Z
6a6480de0cfec74546fb50bd,101,TOOYUMM,3953,3953,8,08-PRATIK NAGAR,DIST-1001,FIRM-2001,MUKESH AGENCIES,true,2026-06-18T11:21:00.000Z,2026-06-18T07:40:08.337Z
6a6480de0cfec74546fb50be,101,TOOYUMM,3954,3954,8,08-PRATIK NAGAR,DIST-1001,FIRM-2001,MUKESH AGENCIES,true,2026-06-18T11:21:00.000Z,2026-06-18T07:40:08.337Z
6a6480de0cfec74546fb50bf,101,TOOYUMM,4158,4158,8,08-PRATIK NAGAR,DIST-1001,FIRM-2001,MUKESH AGENCIES,true,2026-06-18T11:21:00.000Z,2026-06-18T07:40:08.337Z
6a6480de0cfec74546fb50c0,101,TOOYUMM,4159,4159,8,08-PRATIK NAGAR,DIST-1001,FIRM-2001,MUKESH AGENCIES,true,2026-06-18T11:21:00.000Z,2026-06-18T07:40:08.337Z
6a6480de0cfec74546fb50c1,101,TOOYUMM,4183,4183,8,08-PRATIK NAGAR,DIST-1001,FIRM-2001,MUKESH AGENCIES,true,2026-06-18T11:21:00.000Z,2026-06-18T07:40:08.337Z
6a6480de0cfec74546fb50c2,101,TOOYUMM,1003,09-THE MAYUR PATHAN HOUSE,9,09-NAGPUR CHAL,DIST-1001,FIRM-2001,MUKESH AGENCIES,true,2026-06-18T11:21:00.000Z,2026-06-18T07:40:08.337Z
6a6480de0cfec74546fb50c3,101,TOOYUMM,1004,09-RAJASHREE MARKET,9,09-NAGPUR CHAL,DIST-1001,FIRM-2001,MUKESH AGENCIES,true,2026-06-18T11:21:00.000Z,2026-06-18T07:40:08.337Z
6a6480de0cfec74546fb50c4,101,TOOYUMM,1005,09-SHIRKE BANDU MITHAI WALA,9,09-NAGPUR CHAL,DIST-1001,FIRM-2001,MUKESH AGENCIES,true,2026-06-18T11:21:00.000Z,2026-06-18T07:40:08.337Z
6a6480de0cfec74546fb50c5,101,TOOYUMM,1006,09-GOPAL PRO STORE,9,09-NAGPUR CHAL,DIST-1001,FIRM-2001,MUKESH AGENCIES,true,2026-06-18T11:21:00.000Z,2026-06-18T07:40:08.337Z
6a6480de0cfec74546fb50c6,101,TOOYUMM,1008,09-TAJ PAN CORNER,9,09-NAGPUR CHAL,DIST-1001,FIRM-2001,MUKESH AGENCIES,true,2026-06-18T11:21:00.000Z,2026-06-18T07:40:08.337Z
6a6480de0cfec74546fb50c7,101,TOOYUMM,1034,09-A TO Z PAN SHOP,9,09-NAGPUR CHAL,DIST-1001,FIRM-2001,MUKESH AGENCIES,true,2026-06-18T11:21:00.000Z,2026-06-18T07:40:08.337Z
6a6480de0cfec74546fb50c8,101,TOOYUMM,1041,09-SAMRUDHI BEKARY,9,09-NAGPUR CHAL,DIST-1001,FIRM-2001,MUKESH AGENCIES,true,2026-06-18T11:21:00.000Z,2026-06-18T07:40:08.337Z
6a6480de0cfec74546fb50c9,101,TOOYUMM,1042,09-SAI DATTA PROVISION STORE,9,09-NAGPUR CHAL,DIST-1001,FIRM-2001,MUKESH AGENCIES,true,2026-06-18T11:21:00.000Z,2026-06-18T07:40:08.337Z
6a6480de0cfec74546fb50ca,101,TOOYUMM,1057,09-AGARWAL DAIRY,9,09-NAGPUR CHAL,DIST-1001,FIRM-2001,MUKESH AGENCIES,true,2026-06-18T11:21:00.000Z,2026-06-18T07:40:08.337Z
6a6480de0cfec74546fb50cb,101,TOOYUMM,1142,09-BADHAI SUPER MARKET,9,09-NAGPUR CHAL,DIST-1001,FIRM-2001,MUKESH AGENCIES,true,2026-06-18T11:21:00.000Z,2026-06-18T07:40:08.337Z
6a6480de0cfec74546fb50cc,101,TOOYUMM,1143,09-SHREEGURUDATTA SUPER MARKET,9,09-NAGPUR CHAL,DIST-1001,FIRM-2001,MUKESH AGENCIES,true,2026-06-18T11:21:00.000Z,2026-06-18T07:40:08.337Z
6a6480de0cfec74546fb50cd,101,TOOYUMM,1144,09-APNI TEA STOL,9,09-NAGPUR CHAL,DIST-1001,FIRM-2001,MUKESH AGENCIES,true,2026-06-18T11:21:00.000Z,2026-06-18T07:40:08.337Z
6a6480de0cfec74546fb50ce,101,TOOYUMM,1145,09-SAI DATTA PROVISION STORE.,9,09-NAGPUR CHAL,DIST-1001,FIRM-2001,MUKESH AGENCIES,true,2026-06-18T11:21:00.000Z,2026-06-18T07:40:08.337Z
6a6480de0cfec74546fb50cf,101,TOOYUMM,1146,09-SEEKHE BANDHU MITAHI,9,09-NAGPUR CHAL,DIST-1001,FIRM-2001,MUKESH AGENCIES,true,2026-06-18T11:21:00.000Z,2026-06-18T07:40:08.337Z
6a6480de0cfec74546fb50d0,101,TOOYUMM,1206,09-SHREE GURUDATTA SUPER MARKET,9,09-NAGPUR CHAL,DIST-1001,FIRM-2001,MUKESH AGENCIES,true,2026-06-18T11:21:00.000Z,2026-06-18T07:40:08.337Z
6a6480de0cfec74546fb50d1,101,TOOYUMM,1207,09-BHOSALE J BHEEL,9,09-NAGPUR CHAL,DIST-1001,FIRM-2001,MUKESH AGENCIES,true,2026-06-18T11:21:00.000Z,2026-06-18T07:40:08.337Z
6a6480de0cfec74546fb50d2,101,TOOYUMM,1208,09-JAI SHREE SUPER MARKET,9,09-NAGPUR CHAL,DIST-1001,FIRM-2001,MUKESH AGENCIES,true,2026-06-18T11:21:00.000Z,2026-06-18T07:40:08.337Z
6a6480de0cfec74546fb50d3,101,TOOYUMM,1209,09-CHACHA TEA STOLE,9,09-NAGPUR CHAL,DIST-1001,FIRM-2001,MUKESH AGENCIES,true,2026-06-18T11:21:00.000Z,2026-06-18T07:40:08.337Z
6a6480de0cfec74546fb50d4,101,TOOYUMM,1248,09-RR GARNAL STORE,9,09-NAGPUR CHAL,DIST-1001,FIRM-2001,MUKESH AGENCIES,true,2026-06-18T11:21:00.000Z,2026-06-18T07:40:08.337Z
6a6480de0cfec74546fb50d5,101,TOOYUMM,1249,09-S MART SUPER SHOP,9,09-NAGPUR CHAL,DIST-1001,FIRM-2001,MUKESH AGENCIES,true,2026-06-18T11:21:00.000Z,2026-06-18T07:40:08.337Z
6a6480de0cfec74546fb50d6,101,TOOYUMM,1273,09-SAMRIDHI BEKARY,9,09-NAGPUR CHAL,DIST-1001,FIRM-2001,MUKESH AGENCIES,true,2026-06-18T11:21:00.000Z,2026-06-18T07:40:08.337Z
6a6480de0cfec74546fb50d7,101,TOOYUMM,2409,2409,9,09-NAGPUR CHAL,DIST-1001,FIRM-2001,MUKESH AGENCIES,true,2026-06-18T11:21:00.000Z,2026-06-18T07:40:08.337Z
6a6480de0cfec74546fb50d8,101,TOOYUMM,2410,2410,9,09-NAGPUR CHAL,DIST-1001,FIRM-2001,MUKESH AGENCIES,true,2026-06-18T11:21:00.000Z,2026-06-18T07:40:08.337Z
6a6480de0cfec74546fb50d9,101,TOOYUMM,2411,2411,9,09-NAGPUR CHAL,DIST-1001,FIRM-2001,MUKESH AGENCIES,true,2026-06-18T11:21:00.000Z,2026-06-18T07:40:08.337Z
6a6480de0cfec74546fb50da,101,TOOYUMM,2452,2452,9,09-NAGPUR CHAL,DIST-1001,FIRM-2001,MUKESH AGENCIES,true,2026-06-18T11:21:00.000Z,2026-06-18T07:40:08.337Z
6a6480de0cfec74546fb50db,101,TOOYUMM,2568,2568,9,09-NAGPUR CHAL,DIST-1001,FIRM-2001,MUKESH AGENCIES,true,2026-06-18T11:21:00.000Z,2026-06-18T07:40:08.337Z
6a6480de0cfec74546fb50dc,101,TOOYUMM,2606,2606,9,09-NAGPUR CHAL,DIST-1001,FIRM-2001,MUKESH AGENCIES,true,2026-06-18T11:21:00.000Z,2026-06-18T07:40:08.337Z
6a6480de0cfec74546fb50dd,101,TOOYUMM,2627,2627,9,09-NAGPUR CHAL,DIST-1001,FIRM-2001,MUKESH AGENCIES,true,2026-06-18T11:21:00.000Z,2026-06-18T07:40:08.337Z
6a6480de0cfec74546fb50de,101,TOOYUMM,2628,2628,9,09-NAGPUR CHAL,DIST-1001,FIRM-2001,MUKESH AGENCIES,true,2026-06-18T11:21:00.000Z,2026-06-18T07:40:08.337Z
6a6480de0cfec74546fb50df,101,TOOYUMM,3038,3038,9,09-NAGPUR CHAL,DIST-1001,FIRM-2001,MUKESH AGENCIES,true,2026-06-18T11:21:00.000Z,2026-06-18T07:40:08.337Z
6a6480de0cfec74546fb50e0,101,TOOYUMM,3146,3146,9,09-NAGPUR CHAL,DIST-1001,FIRM-2001,MUKESH AGENCIES,true,2026-06-18T11:21:00.000Z,2026-06-18T07:40:08.337Z
6a6480de0cfec74546fb50e1,101,TOOYUMM,3308,3308,9,09-NAGPUR CHAL,DIST-1001,FIRM-2001,MUKESH AGENCIES,true,2026-06-18T11:21:00.000Z,2026-06-18T07:40:08.337Z
6a6480de0cfec74546fb50e2,101,TOOYUMM,3525,3525,9,09-NAGPUR CHAL,DIST-1001,FIRM-2001,MUKESH AGENCIES,true,2026-06-18T11:21:00.000Z,2026-06-18T07:40:08.337Z
6a6480de0cfec74546fb50e3,101,TOOYUMM,3620,3620,9,09-NAGPUR CHAL,DIST-1001,FIRM-2001,MUKESH AGENCIES,true,2026-06-18T11:21:00.000Z,2026-06-18T07:40:08.337Z
6a6480de0cfec74546fb50e4,101,TOOYUMM,3654,3654,9,09-NAGPUR CHAL,DIST-1001,FIRM-2001,MUKESH AGENCIES,true,2026-06-18T11:21:00.000Z,2026-06-18T07:40:08.337Z
6a6480de0cfec74546fb50e5,101,TOOYUMM,3666,3666,9,09-NAGPUR CHAL,DIST-1001,FIRM-2001,MUKESH AGENCIES,true,2026-06-18T11:21:00.000Z,2026-06-18T07:40:08.337Z
6a6480de0cfec74546fb50e6,101,TOOYUMM,3732,3732,9,09-NAGPUR CHAL,DIST-1001,FIRM-2001,MUKESH AGENCIES,true,2026-06-18T11:21:00.000Z,2026-06-18T07:40:08.337Z
6a6480de0cfec74546fb50e7,101,TOOYUMM,3823,3823,9,09-NAGPUR CHAL,DIST-1001,FIRM-2001,MUKESH AGENCIES,true,2026-06-18T11:21:00.000Z,2026-06-18T07:40:08.337Z
6a6480de0cfec74546fb50e8,101,TOOYUMM,3892,3892,9,09-NAGPUR CHAL,DIST-1001,FIRM-2001,MUKESH AGENCIES,true,2026-06-18T11:21:00.000Z,2026-06-18T07:40:08.337Z
6a6480de0cfec74546fb50e9,101,TOOYUMM,3902,3902,9,09-NAGPUR CHAL,DIST-1001,FIRM-2001,MUKESH AGENCIES,true,2026-06-18T11:21:00.000Z,2026-06-18T07:40:08.337Z
6a6480de0cfec74546fb50ea,101,TOOYUMM,3903,3903,9,09-NAGPUR CHAL,DIST-1001,FIRM-2001,MUKESH AGENCIES,true,2026-06-18T11:21:00.000Z,2026-06-18T07:40:08.337Z
6a6480de0cfec74546fb50eb,101,TOOYUMM,3914,3914,9,09-NAGPUR CHAL,DIST-1001,FIRM-2001,MUKESH AGENCIES,true,2026-06-18T11:21:00.000Z,2026-06-18T07:40:08.337Z
6a6480de0cfec74546fb50ec,101,TOOYUMM,3972,3972,9,09-NAGPUR CHAL,DIST-1001,FIRM-2001,MUKESH AGENCIES,true,2026-06-18T11:21:00.000Z,2026-06-18T07:40:08.337Z
6a6480de0cfec74546fb50ed,101,TOOYUMM,3973,3973,9,09-NAGPUR CHAL,DIST-1001,FIRM-2001,MUKESH AGENCIES,true,2026-06-18T11:21:00.000Z,2026-06-18T07:40:08.337Z
6a6480de0cfec74546fb50ee,101,TOOYUMM,3974,3974,9,09-NAGPUR CHAL,DIST-1001,FIRM-2001,MUKESH AGENCIES,true,2026-06-18T11:21:00.000Z,2026-06-18T07:40:08.337Z
6a6480de0cfec74546fb50ef,101,TOOYUMM,3975,3975,9,09-NAGPUR CHAL,DIST-1001,FIRM-2001,MUKESH AGENCIES,true,2026-06-18T11:21:00.000Z,2026-06-18T07:40:08.337Z
6a6480de0cfec74546fb50f0,101,TOOYUMM,3991,3991,9,09-NAGPUR CHAL,DIST-1001,FIRM-2001,MUKESH AGENCIES,true,2026-06-18T11:21:00.000Z,2026-06-18T07:40:08.337Z
6a6480de0cfec74546fb50f1,101,TOOYUMM,4001,4001,9,09-NAGPUR CHAL,DIST-1001,FIRM-2001,MUKESH AGENCIES,true,2026-06-18T11:21:00.000Z,2026-06-18T07:40:08.337Z
6a6480de0cfec74546fb50f2,101,TOOYUMM,4008,4008,9,09-NAGPUR CHAL,DIST-1001,FIRM-2001,MUKESH AGENCIES,true,2026-06-18T11:21:00.000Z,2026-06-18T07:40:08.337Z
6a6480de0cfec74546fb50f3,101,TOOYUMM,4039,4039,9,09-NAGPUR CHAL,DIST-1001,FIRM-2001,MUKESH AGENCIES,true,2026-06-18T11:21:00.000Z,2026-06-18T07:40:08.337Z
6a6480de0cfec74546fb50f4,101,TOOYUMM,4040,4040,9,09-NAGPUR CHAL,DIST-1001,FIRM-2001,MUKESH AGENCIES,true,2026-06-18T11:21:00.000Z,2026-06-18T07:40:08.337Z
6a6480de0cfec74546fb50f5,101,TOOYUMM,4096,4096,9,09-NAGPUR CHAL,DIST-1001,FIRM-2001,MUKESH AGENCIES,true,2026-06-18T11:21:00.000Z,2026-06-18T07:40:08.337Z
6a6480de0cfec74546fb50f6,101,TOOYUMM,4097,4097,9,09-NAGPUR CHAL,DIST-1001,FIRM-2001,MUKESH AGENCIES,true,2026-06-18T11:21:00.000Z,2026-06-18T07:40:08.337Z
6a6480de0cfec74546fb50f7,101,TOOYUMM,4115,4115,9,09-NAGPUR CHAL,DIST-1001,FIRM-2001,MUKESH AGENCIES,true,2026-06-18T11:21:00.000Z,2026-06-18T07:40:08.337Z
6a6480de0cfec74546fb50f8,101,TOOYUMM,4134,4134,9,09-NAGPUR CHAL,DIST-1001,FIRM-2001,MUKESH AGENCIES,true,2026-06-18T11:21:00.000Z,2026-06-18T07:40:08.337Z
6a6480de0cfec74546fb50f9,101,TOOYUMM,4135,4135,9,09-NAGPUR CHAL,DIST-1001,FIRM-2001,MUKESH AGENCIES,true,2026-06-18T11:21:00.000Z,2026-06-18T07:40:08.337Z
6a6480de0cfec74546fb50fa,101,TOOYUMM,4141,4141,9,09-NAGPUR CHAL,DIST-1001,FIRM-2001,MUKESH AGENCIES,true,2026-06-18T11:21:00.000Z,2026-06-18T07:40:08.337Z
6a6480de0cfec74546fb50fb,101,TOOYUMM,4142,4142,9,09-NAGPUR CHAL,DIST-1001,FIRM-2001,MUKESH AGENCIES,true,2026-06-18T11:21:00.000Z,2026-06-18T07:40:08.337Z
6a6480de0cfec74546fb50fc,101,TOOYUMM,4143,4143,9,09-NAGPUR CHAL,DIST-1001,FIRM-2001,MUKESH AGENCIES,true,2026-06-18T11:21:00.000Z,2026-06-18T07:40:08.337Z
6a6480de0cfec74546fb50fd,101,TOOYUMM,4219,4219,9,09-NAGPUR CHAL,DIST-1001,FIRM-2001,MUKESH AGENCIES,true,2026-06-18T11:21:00.000Z,2026-06-18T07:40:08.337Z
6a6480de0cfec74546fb50fe,101,TOOYUMM,1002,10-KANHAIYA SUP MKT,10,10-YERADA,DIST-1001,FIRM-2001,MUKESH AGENCIES,true,2026-06-18T11:21:00.000Z,2026-06-18T07:40:08.337Z
6a6480de0cfec74546fb50ff,101,TOOYUMM,1066,10-ARUN SUPER MARKET,10,10-YERADA,DIST-1001,FIRM-2001,MUKESH AGENCIES,true,2026-06-18T11:21:00.000Z,2026-06-18T07:40:08.337Z
6a6480de0cfec74546fb5100,101,TOOYUMM,1137,10-MS TEA CENTER,10,10-YERADA,DIST-1001,FIRM-2001,MUKESH AGENCIES,true,2026-06-18T11:21:00.000Z,2026-06-18T07:40:08.337Z
6a6480de0cfec74546fb5101,101,TOOYUMM,1152,10-MAHALAXMI FOODS,10,10-YERADA,DIST-1001,FIRM-2001,MUKESH AGENCIES,true,2026-06-18T11:21:00.000Z,2026-06-18T07:40:08.337Z
6a6480de0cfec74546fb5102,101,TOOYUMM,1157,10-HANUMAN TREDS,10,10-YERADA,DIST-1001,FIRM-2001,MUKESH AGENCIES,true,2026-06-18T11:21:00.000Z,2026-06-18T07:40:08.337Z
6a6480de0cfec74546fb5103,101,TOOYUMM,1165,10-BHARAT BEKARY,10,10-YERADA,DIST-1001,FIRM-2001,MUKESH AGENCIES,true,2026-06-18T11:21:00.000Z,2026-06-18T07:40:08.337Z
6a6480de0cfec74546fb5104,101,TOOYUMM,1178,10-SAVONPHARMACY PVT LTD,10,10-YERADA,DIST-1001,FIRM-2001,MUKESH AGENCIES,true,2026-06-18T11:21:00.000Z,2026-06-18T07:40:08.337Z
6a6480de0cfec74546fb5105,101,TOOYUMM,1215,10-SIVEBHOLE PROVISION STORE,10,10-YERADA,DIST-1001,FIRM-2001,MUKESH AGENCIES,true,2026-06-18T11:21:00.000Z,2026-06-18T07:40:08.337Z
6a6480de0cfec74546fb5106,101,TOOYUMM,1217,10-SHREEKANT SUPER MARKET,10,10-YERADA,DIST-1001,FIRM-2001,MUKESH AGENCIES,true,2026-06-18T11:21:00.000Z,2026-06-18T07:40:08.337Z
6a6480de0cfec74546fb5107,101,TOOYUMM,1218,10-POONA BEKARY AND GARNAL STORE,10,10-YERADA,DIST-1001,FIRM-2001,MUKESH AGENCIES,true,2026-06-18T11:21:00.000Z,2026-06-18T07:40:08.337Z
6a6480de0cfec74546fb5108,101,TOOYUMM,1219,10-SHEEMALIKARJUNEESRE SUPER MARKET,10,10-YERADA,DIST-1001,FIRM-2001,MUKESH AGENCIES,true,2026-06-18T11:21:00.000Z,2026-06-18T07:40:08.337Z
6a6480de0cfec74546fb5109,101,TOOYUMM,1220,10-CHARN TREDARS,10,10-YERADA,DIST-1001,FIRM-2001,MUKESH AGENCIES,true,2026-06-18T11:21:00.000Z,2026-06-18T07:40:08.337Z
6a6480de0cfec74546fb510a,101,TOOYUMM,1221,10-MAHI KIRAN GARNAL STORE,10,10-YERADA,DIST-1001,FIRM-2001,MUKESH AGENCIES,true,2026-06-18T11:21:00.000Z,2026-06-18T07:40:08.337Z
6a6480de0cfec74546fb510b,101,TOOYUMM,1225,10-VENEY GARNAL STORE,10,10-YERADA,DIST-1001,FIRM-2001,MUKESH AGENCIES,true,2026-06-18T11:21:00.000Z,2026-06-18T07:40:08.337Z
6a6480de0cfec74546fb510c,101,TOOYUMM,1247,"10-SAGAR SWEET,.",10,10-YERADA,DIST-1001,FIRM-2001,MUKESH AGENCIES,true,2026-06-18T11:21:00.000Z,2026-06-18T07:40:08.337Z
6a6480de0cfec74546fb510d,101,TOOYUMM,1250,10-NOVELTY BAKERY,10,10-YERADA,DIST-1001,FIRM-2001,MUKESH AGENCIES,true,2026-06-18T11:21:00.000Z,2026-06-18T07:40:08.337Z
6a6480de0cfec74546fb510e,101,TOOYUMM,1251,10-ARSHIYA GEN STORE,10,10-YERADA,DIST-1001,FIRM-2001,MUKESH AGENCIES,true,2026-06-18T11:21:00.000Z,2026-06-18T07:40:08.337Z
6a6480de0cfec74546fb510f,101,TOOYUMM,1252,10-SOHANI BEKARY,10,10-YERADA,DIST-1001,FIRM-2001,MUKESH AGENCIES,true,2026-06-18T11:21:00.000Z,2026-06-18T07:40:08.337Z
6a6480de0cfec74546fb5110,101,TOOYUMM,1253,10-AMIT MINI MARKET,10,10-YERADA,DIST-1001,FIRM-2001,MUKESH AGENCIES,true,2026-06-18T11:21:00.000Z,2026-06-18T07:40:08.337Z
6a6480de0cfec74546fb5111,101,TOOYUMM,1254,10-POORAN SWEET,10,10-YERADA,DIST-1001,FIRM-2001,MUKESH AGENCIES,true,2026-06-18T11:21:00.000Z,2026-06-18T07:40:08.337Z
6a6480de0cfec74546fb5112,101,TOOYUMM,1255,10-PUSHKAR GARNAL STORE,10,10-YERADA,DIST-1001,FIRM-2001,MUKESH AGENCIES,true,2026-06-18T11:21:00.000Z,2026-06-18T07:40:08.337Z
6a6480de0cfec74546fb5113,101,TOOYUMM,1267,10-ARUN PROVISION STORE,10,10-YERADA,DIST-1001,FIRM-2001,MUKESH AGENCIES,true,2026-06-18T11:21:00.000Z,2026-06-18T07:40:08.337Z
6a6480de0cfec74546fb5114,101,TOOYUMM,1268,10-LAXMI GARNAL STORE,10,10-YERADA,DIST-1001,FIRM-2001,MUKESH AGENCIES,true,2026-06-18T11:21:00.000Z,2026-06-18T07:40:08.337Z
6a6480de0cfec74546fb5115,101,TOOYUMM,1292,10-AKHESH COMUNITION,10,10-YERADA,DIST-1001,FIRM-2001,MUKESH AGENCIES,true,2026-06-18T11:21:00.000Z,2026-06-18T07:40:08.337Z
6a6480de0cfec74546fb5116,101,TOOYUMM,1293,10-GAYATRI SUPER MARKET..,10,10-YERADA,DIST-1001,FIRM-2001,MUKESH AGENCIES,true,2026-06-18T11:21:00.000Z,2026-06-18T07:40:08.337Z
6a6480de0cfec74546fb5117,101,TOOYUMM,1383,10-KAVERI SUPER MARKET,10,10-YERADA,DIST-1001,FIRM-2001,MUKESH AGENCIES,true,2026-06-18T11:21:00.000Z,2026-06-18T07:40:08.337Z
6a6480de0cfec74546fb5118,101,TOOYUMM,1409,10-MATAJI SUPER MARKET,10,10-YERADA,DIST-1001,FIRM-2001,MUKESH AGENCIES,true,2026-06-18T11:21:00.000Z,2026-06-18T07:40:08.337Z
6a6480de0cfec74546fb5119,101,TOOYUMM,1410,10-JANATA GEN STORE,10,10-YERADA,DIST-1001,FIRM-2001,MUKESH AGENCIES,true,2026-06-18T11:21:00.000Z,2026-06-18T07:40:08.337Z
6a6480de0cfec74546fb511a,101,TOOYUMM,1411,10-A B KIRANA GEN STORE,10,10-YERADA,DIST-1001,FIRM-2001,MUKESH AGENCIES,true,2026-06-18T11:21:00.000Z,2026-06-18T07:40:08.337Z
6a6480de0cfec74546fb511b,101,TOOYUMM,1412,10-TANAYA SUPER MARKET,10,10-YERADA,DIST-1001,FIRM-2001,MUKESH AGENCIES,true,2026-06-18T11:21:00.000Z,2026-06-18T07:40:08.337Z
6a6480de0cfec74546fb511c,101,TOOYUMM,1413,10-BHARATI BAKERY,10,10-YERADA,DIST-1001,FIRM-2001,MUKESH AGENCIES,true,2026-06-18T11:21:00.000Z,2026-06-18T07:40:08.337Z
6a6480de0cfec74546fb511d,101,TOOYUMM,2406,2406,10,10-YERADA,DIST-1001,FIRM-2001,MUKESH AGENCIES,true,2026-06-18T11:21:00.000Z,2026-06-18T07:40:08.337Z
6a6480de0cfec74546fb511e,101,TOOYUMM,2417,2417,10,10-YERADA,DIST-1001,FIRM-2001,MUKESH AGENCIES,true,2026-06-18T11:21:00.000Z,2026-06-18T07:40:08.337Z
6a6480de0cfec74546fb511f,101,TOOYUMM,2425,2425,10,10-YERADA,DIST-1001,FIRM-2001,MUKESH AGENCIES,true,2026-06-18T11:21:00.000Z,2026-06-18T07:40:08.337Z
6a6480de0cfec74546fb5120,101,TOOYUMM,2426,2426,10,10-YERADA,DIST-1001,FIRM-2001,MUKESH AGENCIES,true,2026-06-18T11:21:00.000Z,2026-06-18T07:40:08.337Z
6a6480de0cfec74546fb5121,101,TOOYUMM,2427,2427,10,10-YERADA,DIST-1001,FIRM-2001,MUKESH AGENCIES,true,2026-06-18T11:21:00.000Z,2026-06-18T07:40:08.337Z
6a6480de0cfec74546fb5122,101,TOOYUMM,2428,2428,10,10-YERADA,DIST-1001,FIRM-2001,MUKESH AGENCIES,true,2026-06-18T11:21:00.000Z,2026-06-18T07:40:08.337Z
6a6480de0cfec74546fb5123,101,TOOYUMM,2429,2429,10,10-YERADA,DIST-1001,FIRM-2001,MUKESH AGENCIES,true,2026-06-18T11:21:00.000Z,2026-06-18T07:40:08.337Z
6a6480de0cfec74546fb5124,101,TOOYUMM,2458,2458,10,10-YERADA,DIST-1001,FIRM-2001,MUKESH AGENCIES,true,2026-06-18T11:21:00.000Z,2026-06-18T07:40:08.337Z
6a6480de0cfec74546fb5125,101,TOOYUMM,2459,2459,10,10-YERADA,DIST-1001,FIRM-2001,MUKESH AGENCIES,true,2026-06-18T11:21:00.000Z,2026-06-18T07:40:08.337Z
6a6480de0cfec74546fb5126,101,TOOYUMM,2460,2460,10,10-YERADA,DIST-1001,FIRM-2001,MUKESH AGENCIES,true,2026-06-18T11:21:00.000Z,2026-06-18T07:40:08.337Z
6a6480de0cfec74546fb5127,101,TOOYUMM,2466,2466,10,10-YERADA,DIST-1001,FIRM-2001,MUKESH AGENCIES,true,2026-06-18T11:21:00.000Z,2026-06-18T07:40:08.337Z
6a6480de0cfec74546fb5128,101,TOOYUMM,2467,2467,10,10-YERADA,DIST-1001,FIRM-2001,MUKESH AGENCIES,true,2026-06-18T11:21:00.000Z,2026-06-18T07:40:08.337Z
6a6480de0cfec74546fb5129,101,TOOYUMM,2469,2469,10,10-YERADA,DIST-1001,FIRM-2001,MUKESH AGENCIES,true,2026-06-18T11:21:00.000Z,2026-06-18T07:40:08.337Z
6a6480de0cfec74546fb512a,101,TOOYUMM,2470,2470,10,10-YERADA,DIST-1001,FIRM-2001,MUKESH AGENCIES,true,2026-06-18T11:21:00.000Z,2026-06-18T07:40:08.337Z
6a6480de0cfec74546fb512b,101,TOOYUMM,2471,2471,10,10-YERADA,DIST-1001,FIRM-2001,MUKESH AGENCIES,true,2026-06-18T11:21:00.000Z,2026-06-18T07:40:08.337Z
6a6480de0cfec74546fb512c,101,TOOYUMM,2499,2499,10,10-YERADA,DIST-1001,FIRM-2001,MUKESH AGENCIES,true,2026-06-18T11:21:00.000Z,2026-06-18T07:40:08.337Z
6a6480de0cfec74546fb512d,101,TOOYUMM,2557,2557,10,10-YERADA,DIST-1001,FIRM-2001,MUKESH AGENCIES,true,2026-06-18T11:21:00.000Z,2026-06-18T07:40:08.337Z
6a6480de0cfec74546fb512e,101,TOOYUMM,2622,2622,10,10-YERADA,DIST-1001,FIRM-2001,MUKESH AGENCIES,true,2026-06-18T11:21:00.000Z,2026-06-18T07:40:08.337Z
6a6480de0cfec74546fb512f,101,TOOYUMM,2648,2648,10,10-YERADA,DIST-1001,FIRM-2001,MUKESH AGENCIES,true,2026-06-18T11:21:00.000Z,2026-06-18T07:40:08.337Z
6a6480de0cfec74546fb5130,101,TOOYUMM,3658,3658,10,10-YERADA,DIST-1001,FIRM-2001,MUKESH AGENCIES,true,2026-06-18T11:21:00.000Z,2026-06-18T07:40:08.337Z
6a6480de0cfec74546fb5131,101,TOOYUMM,3659,3659,10,10-YERADA,DIST-1001,FIRM-2001,MUKESH AGENCIES,true,2026-06-18T11:21:00.000Z,2026-06-18T07:40:08.337Z
6a6480de0cfec74546fb5132,101,TOOYUMM,3660,3660,10,10-YERADA,DIST-1001,FIRM-2001,MUKESH AGENCIES,true,2026-06-18T11:21:00.000Z,2026-06-18T07:40:08.337Z
6a6480de0cfec74546fb5133,101,TOOYUMM,3680,3680,10,10-YERADA,DIST-1001,FIRM-2001,MUKESH AGENCIES,true,2026-06-18T11:21:00.000Z,2026-06-18T07:40:08.337Z
6a6480de0cfec74546fb5134,101,TOOYUMM,3907,3907,10,10-YERADA,DIST-1001,FIRM-2001,MUKESH AGENCIES,true,2026-06-18T11:21:00.000Z,2026-06-18T07:40:08.337Z
6a6480de0cfec74546fb5135,101,TOOYUMM,3908,3908,10,10-YERADA,DIST-1001,FIRM-2001,MUKESH AGENCIES,true,2026-06-18T11:21:00.000Z,2026-06-18T07:40:08.337Z
6a6480de0cfec74546fb5136,101,TOOYUMM,3923,3923,10,10-YERADA,DIST-1001,FIRM-2001,MUKESH AGENCIES,true,2026-06-18T11:21:00.000Z,2026-06-18T07:40:08.337Z
6a6480de0cfec74546fb5137,101,TOOYUMM,3924,3924,10,10-YERADA,DIST-1001,FIRM-2001,MUKESH AGENCIES,true,2026-06-18T11:21:00.000Z,2026-06-18T07:40:08.337Z
6a6480de0cfec74546fb5138,101,TOOYUMM,3925,3925,10,10-YERADA,DIST-1001,FIRM-2001,MUKESH AGENCIES,true,2026-06-18T11:21:00.000Z,2026-06-18T07:40:08.337Z
6a6480de0cfec74546fb5139,101,TOOYUMM,3940,3940,10,10-YERADA,DIST-1001,FIRM-2001,MUKESH AGENCIES,true,2026-06-18T11:21:00.000Z,2026-06-18T07:40:08.337Z
6a6480de0cfec74546fb513a,101,TOOYUMM,3985,3985,10,10-YERADA,DIST-1001,FIRM-2001,MUKESH AGENCIES,true,2026-06-18T11:21:00.000Z,2026-06-18T07:40:08.337Z
6a6480de0cfec74546fb513b,101,TOOYUMM,4107,4107,10,10-YERADA,DIST-1001,FIRM-2001,MUKESH AGENCIES,true,2026-06-18T11:21:00.000Z,2026-06-18T07:40:08.337Z
6a6480de0cfec74546fb513c,101,TOOYUMM,4108,4108,10,10-YERADA,DIST-1001,FIRM-2001,MUKESH AGENCIES,true,2026-06-18T11:21:00.000Z,2026-06-18T07:40:08.337Z
6a6480de0cfec74546fb513d,101,TOOYUMM,4123,4123,10,10-YERADA,DIST-1001,FIRM-2001,MUKESH AGENCIES,true,2026-06-18T11:21:00.000Z,2026-06-18T07:40:08.337Z
6a6480de0cfec74546fb513e,101,TOOYUMM,4124,4124,10,10-YERADA,DIST-1001,FIRM-2001,MUKESH AGENCIES,true,2026-06-18T11:21:00.000Z,2026-06-18T07:40:08.337Z
6a6480de0cfec74546fb513f,101,TOOYUMM,4125,4125,10,10-YERADA,DIST-1001,FIRM-2001,MUKESH AGENCIES,true,2026-06-18T11:21:00.000Z,2026-06-18T07:40:08.337Z
6a6480de0cfec74546fb5140,101,TOOYUMM,4126,4126,10,10-YERADA,DIST-1001,FIRM-2001,MUKESH AGENCIES,true,2026-06-18T11:21:00.000Z,2026-06-18T07:40:08.337Z
6a6480de0cfec74546fb5141,101,TOOYUMM,4175,4175,10,10-YERADA,DIST-1001,FIRM-2001,MUKESH AGENCIES,true,2026-06-18T11:21:00.000Z,2026-06-18T07:40:08.337Z
6a6480de0cfec74546fb5142,101,TOOYUMM,4189,4189,10,10-YERADA,DIST-1001,FIRM-2001,MUKESH AGENCIES,true,2026-06-18T11:21:00.000Z,2026-06-18T07:40:08.337Z
6a6480de0cfec74546fb5143,101,TOOYUMM,4212,4212,10,10-YERADA,DIST-1001,FIRM-2001,MUKESH AGENCIES,true,2026-06-18T11:21:00.000Z,2026-06-18T07:40:08.337Z
6a6480de0cfec74546fb5144,101,TOOYUMM,4221,4221,10,10-YERADA,DIST-1001,FIRM-2001,MUKESH AGENCIES,true,2026-06-18T11:21:00.000Z,2026-06-18T07:40:08.337Z
6a6480de0cfec74546fb5145,101,TOOYUMM,1112,11-MDZAID MINI MARKET,11,11-KALWAD,DIST-1001,FIRM-2001,MUKESH AGENCIES,true,2026-06-18T11:21:00.000Z,2026-06-18T07:40:08.337Z
6a6480de0cfec74546fb5146,101,TOOYUMM,1113,11-FAMESH PAN SHOP,11,11-KALWAD,DIST-1001,FIRM-2001,MUKESH AGENCIES,true,2026-06-18T11:21:00.000Z,2026-06-18T07:40:08.337Z
6a6480de0cfec74546fb5147,101,TOOYUMM,1115,11-UMAR  BEKAR,11,11-KALWAD,DIST-1001,FIRM-2001,MUKESH AGENCIES,true,2026-06-18T11:21:00.000Z,2026-06-18T07:40:08.337Z
6a6480de0cfec74546fb5148,101,TOOYUMM,1134,11-CLASSIC BEKARY,11,11-KALWAD,DIST-1001,FIRM-2001,MUKESH AGENCIES,true,2026-06-18T11:21:00.000Z,2026-06-18T07:40:08.337Z
6a6480de0cfec74546fb5149,101,TOOYUMM,1176,11-FAIZ GENERAL STORE,11,11-KALWAD,DIST-1001,FIRM-2001,MUKESH AGENCIES,true,2026-06-18T11:21:00.000Z,2026-06-18T07:40:08.337Z
6a6480de0cfec74546fb514a,101,TOOYUMM,1177,11-TANEHA PAN SHOP,11,11-KALWAD,DIST-1001,FIRM-2001,MUKESH AGENCIES,true,2026-06-18T11:21:00.000Z,2026-06-18T07:40:08.337Z
6a6480de0cfec74546fb514b,101,TOOYUMM,1232,11-KHATIJA GARNAL STORE.,11,11-KALWAD,DIST-1001,FIRM-2001,MUKESH AGENCIES,true,2026-06-18T11:21:00.000Z,2026-06-18T07:40:08.337Z
6a6480de0cfec74546fb514c,101,TOOYUMM,1233,11-ASRAFI HOTEL,11,11-KALWAD,DIST-1001,FIRM-2001,MUKESH AGENCIES,true,2026-06-18T11:21:00.000Z,2026-06-18T07:40:08.337Z
6a6480de0cfec74546fb514d,101,TOOYUMM,1234,11-ASANG DEV MAHARAJ KIRANA STORE,11,11-KALWAD,DIST-1001,FIRM-2001,MUKESH AGENCIES,true,2026-06-18T11:21:00.000Z,2026-06-18T07:40:08.337Z
6a6480de0cfec74546fb514e,101,TOOYUMM,1235,11-PUNKAJ TREDARS,11,11-KALWAD,DIST-1001,FIRM-2001,MUKESH AGENCIES,true,2026-06-18T11:21:00.000Z,2026-06-18T07:40:08.337Z
6a6480de0cfec74546fb514f,101,TOOYUMM,1236,11-BANKATA PADMAVATI GARNAL STORE,11,11-KALWAD,DIST-1001,FIRM-2001,MUKESH AGENCIES,true,2026-06-18T11:21:00.000Z,2026-06-18T07:40:08.337Z
6a6480de0cfec74546fb5150,101,TOOYUMM,1272,11-DARSHAN SUPER MARKET,11,11-KALWAD,DIST-1001,FIRM-2001,MUKESH AGENCIES,true,2026-06-18T11:21:00.000Z,2026-06-18T07:40:08.337Z
6a6480de0cfec74546fb5151,101,TOOYUMM,1274,11-LAXMI SUPER MARKET. ..,11,11-KALWAD,DIST-1001,FIRM-2001,MUKESH AGENCIES,true,2026-06-18T11:21:00.000Z,2026-06-18T07:40:08.337Z
6a6480de0cfec74546fb5152,101,TOOYUMM,1317,05-A1 JAIKA STORE,11,11-KALWAD,DIST-1001,FIRM-2001,MUKESH AGENCIES,true,2026-06-18T11:21:00.000Z,2026-06-18T07:40:08.337Z
6a6480de0cfec74546fb5153,101,TOOYUMM,1358,05-MAHALAXMI SUPER MARKET.,11,11-KALWAD,DIST-1001,FIRM-2001,MUKESH AGENCIES,true,2026-06-18T11:21:00.000Z,2026-06-18T07:40:08.337Z
6a6480de0cfec74546fb5154,101,TOOYUMM,1369,11-A TO Z PROVISION STORE,11,11-KALWAD,DIST-1001,FIRM-2001,MUKESH AGENCIES,true,2026-06-18T11:21:00.000Z,2026-06-18T07:40:08.337Z
6a6480de0cfec74546fb5155,101,TOOYUMM,1370,11-SHAFIK BAGWAN,11,11-KALWAD,DIST-1001,FIRM-2001,MUKESH AGENCIES,true,2026-06-18T11:21:00.000Z,2026-06-18T07:40:08.337Z
6a6480de0cfec74546fb5156,101,TOOYUMM,1371,11-ALLAKAMA BAKERY,11,11-KALWAD,DIST-1001,FIRM-2001,MUKESH AGENCIES,true,2026-06-18T11:21:00.000Z,2026-06-18T07:40:08.337Z
6a6480de0cfec74546fb5157,101,TOOYUMM,1372,11-BHAVANI MEDICAL GEN STORE,11,11-KALWAD,DIST-1001,FIRM-2001,MUKESH AGENCIES,true,2026-06-18T11:21:00.000Z,2026-06-18T07:40:08.337Z
6a6480de0cfec74546fb5158,101,TOOYUMM,1378,11-RAMDEV SUPER MARKET .,11,11-KALWAD,DIST-1001,FIRM-2001,MUKESH AGENCIES,true,2026-06-18T11:21:00.000Z,2026-06-18T07:40:08.337Z
6a6480de0cfec74546fb5159,101,TOOYUMM,1395,11-VENKATA PADMAVATI GENERAL STORE,11,11-KALWAD,DIST-1001,FIRM-2001,MUKESH AGENCIES,true,2026-06-18T11:21:00.000Z,2026-06-18T07:40:08.337Z
6a6480de0cfec74546fb515a,101,TOOYUMM,1440,11-MAHALAXMI GEN STORE,11,11-KALWAD,DIST-1001,FIRM-2001,MUKESH AGENCIES,true,2026-06-18T11:21:00.000Z,2026-06-18T07:40:08.337Z
6a6480de0cfec74546fb515b,101,TOOYUMM,1441,11-SAMARTH VARIETIES,11,11-KALWAD,DIST-1001,FIRM-2001,MUKESH AGENCIES,true,2026-06-18T11:21:00.000Z,2026-06-18T07:40:08.337Z
6a6480de0cfec74546fb515c,101,TOOYUMM,1442,11-FYSAN CHEMIST DRUGGIST,11,11-KALWAD,DIST-1001,FIRM-2001,MUKESH AGENCIES,true,2026-06-18T11:21:00.000Z,2026-06-18T07:40:08.337Z
6a6480de0cfec74546fb515d,101,TOOYUMM,1444,11-MAKSUD  BHAGWAN,11,11-KALWAD,DIST-1001,FIRM-2001,MUKESH AGENCIES,true,2026-06-18T11:21:00.000Z,2026-06-18T07:40:08.337Z
6a6480de0cfec74546fb515e,101,TOOYUMM,2419,2419,11,11-KALWAD,DIST-1001,FIRM-2001,MUKESH AGENCIES,true,2026-06-18T11:21:00.000Z,2026-06-18T07:40:08.337Z
6a6480de0cfec74546fb515f,101,TOOYUMM,2420,2420,11,11-KALWAD,DIST-1001,FIRM-2001,MUKESH AGENCIES,true,2026-06-18T11:21:00.000Z,2026-06-18T07:40:08.337Z
6a6480de0cfec74546fb5160,101,TOOYUMM,2421,2421,11,11-KALWAD,DIST-1001,FIRM-2001,MUKESH AGENCIES,true,2026-06-18T11:21:00.000Z,2026-06-18T07:40:08.337Z
6a6480de0cfec74546fb5161,101,TOOYUMM,2423,2423,11,11-KALWAD,DIST-1001,FIRM-2001,MUKESH AGENCIES,true,2026-06-18T11:21:00.000Z,2026-06-18T07:40:08.337Z
6a6480de0cfec74546fb5162,101,TOOYUMM,2424,2424,11,11-KALWAD,DIST-1001,FIRM-2001,MUKESH AGENCIES,true,2026-06-18T11:21:00.000Z,2026-06-18T07:40:08.337Z
6a6480de0cfec74546fb5163,101,TOOYUMM,2453,2453,11,11-KALWAD,DIST-1001,FIRM-2001,MUKESH AGENCIES,true,2026-06-18T11:21:00.000Z,2026-06-18T07:40:08.337Z
6a6480de0cfec74546fb5164,101,TOOYUMM,2454,2454,11,11-KALWAD,DIST-1001,FIRM-2001,MUKESH AGENCIES,true,2026-06-18T11:21:00.000Z,2026-06-18T07:40:08.337Z
6a6480de0cfec74546fb5165,101,TOOYUMM,2476,2476,11,11-KALWAD,DIST-1001,FIRM-2001,MUKESH AGENCIES,true,2026-06-18T11:21:00.000Z,2026-06-18T07:40:08.337Z
6a6480de0cfec74546fb5166,101,TOOYUMM,2477,2477,11,11-KALWAD,DIST-1001,FIRM-2001,MUKESH AGENCIES,true,2026-06-18T11:21:00.000Z,2026-06-18T07:40:08.337Z
6a6480de0cfec74546fb5167,101,TOOYUMM,2478,2478,11,11-KALWAD,DIST-1001,FIRM-2001,MUKESH AGENCIES,true,2026-06-18T11:21:00.000Z,2026-06-18T07:40:08.337Z
6a6480de0cfec74546fb5168,101,TOOYUMM,2492,2492,11,11-KALWAD,DIST-1001,FIRM-2001,MUKESH AGENCIES,true,2026-06-18T11:21:00.000Z,2026-06-18T07:40:08.337Z
6a6480de0cfec74546fb5169,101,TOOYUMM,2524,2524,11,11-KALWAD,DIST-1001,FIRM-2001,MUKESH AGENCIES,true,2026-06-18T11:21:00.000Z,2026-06-18T07:40:08.337Z
6a6480de0cfec74546fb516a,101,TOOYUMM,2535,2535,11,11-KALWAD,DIST-1001,FIRM-2001,MUKESH AGENCIES,true,2026-06-18T11:21:00.000Z,2026-06-18T07:40:08.337Z
6a6480de0cfec74546fb516b,101,TOOYUMM,2536,2536,11,11-KALWAD,DIST-1001,FIRM-2001,MUKESH AGENCIES,true,2026-06-18T11:21:00.000Z,2026-06-18T07:40:08.337Z
6a6480de0cfec74546fb516c,101,TOOYUMM,2537,2537,11,11-KALWAD,DIST-1001,FIRM-2001,MUKESH AGENCIES,true,2026-06-18T11:21:00.000Z,2026-06-18T07:40:08.337Z
6a6480de0cfec74546fb516d,101,TOOYUMM,2538,2538,11,11-KALWAD,DIST-1001,FIRM-2001,MUKESH AGENCIES,true,2026-06-18T11:21:00.000Z,2026-06-18T07:40:08.337Z
6a6480de0cfec74546fb516e,101,TOOYUMM,2544,2544,11,11-KALWAD,DIST-1001,FIRM-2001,MUKESH AGENCIES,true,2026-06-18T11:21:00.000Z,2026-06-18T07:40:08.337Z
6a6480de0cfec74546fb516f,101,TOOYUMM,2552,2552,11,11-KALWAD,DIST-1001,FIRM-2001,MUKESH AGENCIES,true,2026-06-18T11:21:00.000Z,2026-06-18T07:40:08.337Z
6a6480de0cfec74546fb5170,101,TOOYUMM,2586,2586,11,11-KALWAD,DIST-1001,FIRM-2001,MUKESH AGENCIES,true,2026-06-18T11:21:00.000Z,2026-06-18T07:40:08.337Z
6a6480de0cfec74546fb5171,101,TOOYUMM,2633,2633,11,11-KALWAD,DIST-1001,FIRM-2001,MUKESH AGENCIES,true,2026-06-18T11:21:00.000Z,2026-06-18T07:40:08.337Z
6a6480de0cfec74546fb5172,101,TOOYUMM,2634,2634,11,11-KALWAD,DIST-1001,FIRM-2001,MUKESH AGENCIES,true,2026-06-18T11:21:00.000Z,2026-06-18T07:40:08.337Z
6a6480de0cfec74546fb5173,101,TOOYUMM,2643,2643,11,11-KALWAD,DIST-1001,FIRM-2001,MUKESH AGENCIES,true,2026-06-18T11:21:00.000Z,2026-06-18T07:40:08.337Z
6a6480de0cfec74546fb5174,101,TOOYUMM,2652,2652,11,11-KALWAD,DIST-1001,FIRM-2001,MUKESH AGENCIES,true,2026-06-18T11:21:00.000Z,2026-06-18T07:40:08.337Z
6a6480de0cfec74546fb5175,101,TOOYUMM,2653,2653,11,11-KALWAD,DIST-1001,FIRM-2001,MUKESH AGENCIES,true,2026-06-18T11:21:00.000Z,2026-06-18T07:40:08.337Z
6a6480de0cfec74546fb5176,101,TOOYUMM,3187,3187,11,11-KALWAD,DIST-1001,FIRM-2001,MUKESH AGENCIES,true,2026-06-18T11:21:00.000Z,2026-06-18T07:40:08.337Z
6a6480de0cfec74546fb5177,101,TOOYUMM,3201,3201,11,11-KALWAD,DIST-1001,FIRM-2001,MUKESH AGENCIES,true,2026-06-18T11:21:00.000Z,2026-06-18T07:40:08.337Z
6a6480de0cfec74546fb5178,101,TOOYUMM,3202,3202,11,11-KALWAD,DIST-1001,FIRM-2001,MUKESH AGENCIES,true,2026-06-18T11:21:00.000Z,2026-06-18T07:40:08.337Z
6a6480de0cfec74546fb5179,101,TOOYUMM,3257,3257,11,11-KALWAD,DIST-1001,FIRM-2001,MUKESH AGENCIES,true,2026-06-18T11:21:00.000Z,2026-06-18T07:40:08.337Z
6a6480de0cfec74546fb517a,101,TOOYUMM,3586,3586,11,11-KALWAD,DIST-1001,FIRM-2001,MUKESH AGENCIES,true,2026-06-18T11:21:00.000Z,2026-06-18T07:40:08.337Z
6a6480de0cfec74546fb517b,101,TOOYUMM,3634,3634,11,11-KALWAD,DIST-1001,FIRM-2001,MUKESH AGENCIES,true,2026-06-18T11:21:00.000Z,2026-06-18T07:40:08.337Z
6a6480de0cfec74546fb517c,101,TOOYUMM,3693,3693,11,11-KALWAD,DIST-1001,FIRM-2001,MUKESH AGENCIES,true,2026-06-18T11:21:00.000Z,2026-06-18T07:40:08.337Z
6a6480de0cfec74546fb517d,101,TOOYUMM,3890,3890,11,11-KALWAD,DIST-1001,FIRM-2001,MUKESH AGENCIES,true,2026-06-18T11:21:00.000Z,2026-06-18T07:40:08.337Z
6a6480de0cfec74546fb517e,101,TOOYUMM,3899,3899,11,11-KALWAD,DIST-1001,FIRM-2001,MUKESH AGENCIES,true,2026-06-18T11:21:00.000Z,2026-06-18T07:40:08.337Z
6a6480de0cfec74546fb517f,101,TOOYUMM,3900,3900,11,11-KALWAD,DIST-1001,FIRM-2001,MUKESH AGENCIES,true,2026-06-18T11:21:00.000Z,2026-06-18T07:40:08.337Z
6a6480de0cfec74546fb5180,101,TOOYUMM,3901,3901,11,11-KALWAD,DIST-1001,FIRM-2001,MUKESH AGENCIES,true,2026-06-18T11:21:00.000Z,2026-06-18T07:40:08.337Z
6a6480de0cfec74546fb5181,101,TOOYUMM,3912,3912,11,11-KALWAD,DIST-1001,FIRM-2001,MUKESH AGENCIES,true,2026-06-18T11:21:00.000Z,2026-06-18T07:40:08.337Z
6a6480de0cfec74546fb5182,101,TOOYUMM,3937,3937,11,11-KALWAD,DIST-1001,FIRM-2001,MUKESH AGENCIES,true,2026-06-18T11:21:00.000Z,2026-06-18T07:40:08.337Z
6a6480de0cfec74546fb5183,101,TOOYUMM,3962,3962,11,11-KALWAD,DIST-1001,FIRM-2001,MUKESH AGENCIES,true,2026-06-18T11:21:00.000Z,2026-06-18T07:40:08.337Z
6a6480de0cfec74546fb5184,101,TOOYUMM,3963,3963,11,11-KALWAD,DIST-1001,FIRM-2001,MUKESH AGENCIES,true,2026-06-18T11:21:00.000Z,2026-06-18T07:40:08.337Z
6a6480de0cfec74546fb5185,101,TOOYUMM,4005,4005,11,11-KALWAD,DIST-1001,FIRM-2001,MUKESH AGENCIES,true,2026-06-18T11:21:00.000Z,2026-06-18T07:40:08.337Z
6a6480de0cfec74546fb5186,101,TOOYUMM,4006,4006,11,11-KALWAD,DIST-1001,FIRM-2001,MUKESH AGENCIES,true,2026-06-18T11:21:00.000Z,2026-06-18T07:40:08.337Z
6a6480de0cfec74546fb5187,101,TOOYUMM,4052,4052,11,11-KALWAD,DIST-1001,FIRM-2001,MUKESH AGENCIES,true,2026-06-18T11:21:00.000Z,2026-06-18T07:40:08.337Z
6a6480de0cfec74546fb5188,101,TOOYUMM,4053,4053,11,11-KALWAD,DIST-1001,FIRM-2001,MUKESH AGENCIES,true,2026-06-18T11:21:00.000Z,2026-06-18T07:40:08.337Z
6a6480de0cfec74546fb5189,101,TOOYUMM,4112,4112,11,11-KALWAD,DIST-1001,FIRM-2001,MUKESH AGENCIES,true,2026-06-18T11:21:00.000Z,2026-06-18T07:40:08.337Z
6a6480de0cfec74546fb518a,101,TOOYUMM,4132,4132,11,11-KALWAD,DIST-1001,FIRM-2001,MUKESH AGENCIES,true,2026-06-18T11:21:00.000Z,2026-06-18T07:40:08.337Z
6a6480de0cfec74546fb518b,101,TOOYUMM,4161,4161,11,11-KALWAD,DIST-1001,FIRM-2001,MUKESH AGENCIES,true,2026-06-18T11:21:00.000Z,2026-06-18T07:40:08.337Z
6a6480de0cfec74546fb518c,101,TOOYUMM,4162,4162,11,11-KALWAD,DIST-1001,FIRM-2001,MUKESH AGENCIES,true,2026-06-18T11:21:00.000Z,2026-06-18T07:40:08.337Z
6a6480de0cfec74546fb518d,101,TOOYUMM,4180,4180,11,11-KALWAD,DIST-1001,FIRM-2001,MUKESH AGENCIES,true,2026-06-18T11:21:00.000Z,2026-06-18T07:40:08.337Z
6a6480de0cfec74546fb518e,101,TOOYUMM,4201,4201,11,11-KALWAD,DIST-1001,FIRM-2001,MUKESH AGENCIES,true,2026-06-18T11:21:00.000Z,2026-06-18T07:40:08.337Z
6a6480de0cfec74546fb518f,101,TOOYUMM,4214,4214,11,11-KALWAD,DIST-1001,FIRM-2001,MUKESH AGENCIES,true,2026-06-18T11:21:00.000Z,2026-06-18T07:40:08.337Z
6a6480de0cfec74546fb5190,101,TOOYUMM,4215,4215,11,11-KALWAD,DIST-1001,FIRM-2001,MUKESH AGENCIES,true,2026-06-18T11:21:00.000Z,2026-06-18T07:40:08.337Z
6a6480de0cfec74546fb5191,101,TOOYUMM,1297,12-PARAMHANS SUPER MARKET,12,12-BHAIRAV NAGAR,DIST-1001,FIRM-2001,MUKESH AGENCIES,true,2026-06-18T11:21:00.000Z,2026-06-18T07:40:08.337Z
6a6480de0cfec74546fb5192,101,TOOYUMM,1328,12-MODERN MIN,12,12-BHAIRAV NAGAR,DIST-1001,FIRM-2001,MUKESH AGENCIES,true,2026-06-18T11:21:00.000Z,2026-06-18T07:40:08.337Z
6a6480de0cfec74546fb5193,101,TOOYUMM,1329,12-JAY GANESH PROV STORE,12,12-BHAIRAV NAGAR,DIST-1001,FIRM-2001,MUKESH AGENCIES,true,2026-06-18T11:21:00.000Z,2026-06-18T07:40:08.337Z
6a6480de0cfec74546fb5194,101,TOOYUMM,1330,12-MAA CHAMUNDA SUPER MARKET,12,12-BHAIRAV NAGAR,DIST-1001,FIRM-2001,MUKESH AGENCIES,true,2026-06-18T11:21:00.000Z,2026-06-18T07:40:08.337Z
6a6480de0cfec74546fb5195,101,TOOYUMM,1331,"12-MAMTA SUPER MARKET ..,",12,12-BHAIRAV NAGAR,DIST-1001,FIRM-2001,MUKESH AGENCIES,true,2026-06-18T11:21:00.000Z,2026-06-18T07:40:08.337Z
6a6480de0cfec74546fb5196,101,TOOYUMM,1332,12-WILSON ENTERPRISE,12,12-BHAIRAV NAGAR,DIST-1001,FIRM-2001,MUKESH AGENCIES,true,2026-06-18T11:21:00.000Z,2026-06-18T07:40:08.337Z
6a6480de0cfec74546fb5197,101,TOOYUMM,1353,12-MANTA SUPER MARKET,12,12-BHAIRAV NAGAR,DIST-1001,FIRM-2001,MUKESH AGENCIES,true,2026-06-18T11:21:00.000Z,2026-06-18T07:40:08.337Z
6a6480de0cfec74546fb5198,101,TOOYUMM,1354,12-AAJI SUPER MARKET,12,12-BHAIRAV NAGAR,DIST-1001,FIRM-2001,MUKESH AGENCIES,true,2026-06-18T11:21:00.000Z,2026-06-18T07:40:08.337Z
6a6480de0cfec74546fb5199,101,TOOYUMM,1373,12-SHREE NAVLAI SUPER MARKET,12,12-BHAIRAV NAGAR,DIST-1001,FIRM-2001,MUKESH AGENCIES,true,2026-06-18T11:21:00.000Z,2026-06-18T07:40:08.337Z
6a6480de0cfec74546fb519a,101,TOOYUMM,1390,12-MEDPOINT,12,12-BHAIRAV NAGAR,DIST-1001,FIRM-2001,MUKESH AGENCIES,true,2026-06-18T11:21:00.000Z,2026-06-18T07:40:08.337Z
6a6480de0cfec74546fb519b,101,TOOYUMM,1394,12-MED POINT,12,12-BHAIRAV NAGAR,DIST-1001,FIRM-2001,MUKESH AGENCIES,true,2026-06-18T11:21:00.000Z,2026-06-18T07:40:08.337Z
6a6480de0cfec74546fb519c,101,TOOYUMM,1397,12-BABA SNACKS COOLDRINKS,12,12-BHAIRAV NAGAR,DIST-1001,FIRM-2001,MUKESH AGENCIES,true,2026-06-18T11:21:00.000Z,2026-06-18T07:40:08.337Z
6a6480de0cfec74546fb519d,101,TOOYUMM,1407,12-SHRIKESH KIRANA GRN STORE,12,12-BHAIRAV NAGAR,DIST-1001,FIRM-2001,MUKESH AGENCIES,true,2026-06-18T11:21:00.000Z,2026-06-18T07:40:08.337Z
6a6480de0cfec74546fb519e,101,TOOYUMM,1427,12-CORNER BAKERY,12,12-BHAIRAV NAGAR,DIST-1001,FIRM-2001,MUKESH AGENCIES,true,2026-06-18T11:21:00.000Z,2026-06-18T07:40:08.337Z
6a6480de0cfec74546fb519f,101,TOOYUMM,1428,12-BHAVANI SUPER MARKET,12,12-BHAIRAV NAGAR,DIST-1001,FIRM-2001,MUKESH AGENCIES,true,2026-06-18T11:21:00.000Z,2026-06-18T07:40:08.337Z
6a6480de0cfec74546fb51a0,101,TOOYUMM,2463,2463,12,12-BHAIRAV NAGAR,DIST-1001,FIRM-2001,MUKESH AGENCIES,true,2026-06-18T11:21:00.000Z,2026-06-18T07:40:08.337Z
6a6480de0cfec74546fb51a1,101,TOOYUMM,2464,2464,12,12-BHAIRAV NAGAR,DIST-1001,FIRM-2001,MUKESH AGENCIES,true,2026-06-18T11:21:00.000Z,2026-06-18T07:40:08.337Z
6a6480de0cfec74546fb51a2,101,TOOYUMM,2490,2490,12,12-BHAIRAV NAGAR,DIST-1001,FIRM-2001,MUKESH AGENCIES,true,2026-06-18T11:21:00.000Z,2026-06-18T07:40:08.337Z
6a6480de0cfec74546fb51a3,101,TOOYUMM,2510,2510,12,12-BHAIRAV NAGAR,DIST-1001,FIRM-2001,MUKESH AGENCIES,true,2026-06-18T11:21:00.000Z,2026-06-18T07:40:08.337Z
6a6480de0cfec74546fb51a4,101,TOOYUMM,2511,2511,12,12-BHAIRAV NAGAR,DIST-1001,FIRM-2001,MUKESH AGENCIES,true,2026-06-18T11:21:00.000Z,2026-06-18T07:40:08.337Z
6a6480de0cfec74546fb51a5,101,TOOYUMM,2512,2512,12,12-BHAIRAV NAGAR,DIST-1001,FIRM-2001,MUKESH AGENCIES,true,2026-06-18T11:21:00.000Z,2026-06-18T07:40:08.337Z
6a6480de0cfec74546fb51a6,101,TOOYUMM,2513,2513,12,12-BHAIRAV NAGAR,DIST-1001,FIRM-2001,MUKESH AGENCIES,true,2026-06-18T11:21:00.000Z,2026-06-18T07:40:08.337Z
6a6480de0cfec74546fb51a7,101,TOOYUMM,3121,3121,12,12-BHAIRAV NAGAR,DIST-1001,FIRM-2001,MUKESH AGENCIES,true,2026-06-18T11:21:00.000Z,2026-06-18T07:40:08.337Z
6a6480de0cfec74546fb51a8,101,TOOYUMM,1153,14-MARUTI SUPER MARKET.,14,14-KHISE PARK,DIST-1001,FIRM-2001,MUKESH AGENCIES,true,2026-06-18T11:21:00.000Z,2026-06-18T07:40:08.337Z
6a6480de0cfec74546fb51a9,101,TOOYUMM,1367,14-S KUMAR BAKERY  GEN STORE,14,14-KHISE PARK,DIST-1001,FIRM-2001,MUKESH AGENCIES,true,2026-06-18T11:21:00.000Z,2026-06-18T07:40:08.337Z
6a6480de0cfec74546fb51aa,101,TOOYUMM,1368,14-S KUMAR BAKERY AND GEN STORE,14,14-KHISE PARK,DIST-1001,FIRM-2001,MUKESH AGENCIES,true,2026-06-18T11:21:00.000Z,2026-06-18T07:40:08.337Z
6a6480de0cfec74546fb51ab,101,TOOYUMM,1398,14-KUBER MEDICAL.,14,14-KHISE PARK,DIST-1001,FIRM-2001,MUKESH AGENCIES,true,2026-06-18T11:21:00.000Z,2026-06-18T07:40:08.337Z
6a6480de0cfec74546fb51ac,101,TOOYUMM,1424,15-BHARUJI,14,14-KHISE PARK,DIST-1001,FIRM-2001,MUKESH AGENCIES,true,2026-06-18T11:21:00.000Z,2026-06-18T07:40:08.337Z
6a6480de0cfec74546fb51ad,101,TOOYUMM,2422,2422,14,14-KHISE PARK,DIST-1001,FIRM-2001,MUKESH AGENCIES,true,2026-06-18T11:21:00.000Z,2026-06-18T07:40:08.337Z
6a6480de0cfec74546fb51ae,101,TOOYUMM,2667,2667,14,14-KHISE PARK,DIST-1001,FIRM-2001,MUKESH AGENCIES,true,2026-06-18T11:21:00.000Z,2026-06-18T07:40:08.337Z
6a6480de0cfec74546fb51af,101,TOOYUMM,3621,3621,14,14-KHISE PARK,DIST-1001,FIRM-2001,MUKESH AGENCIES,true,2026-06-18T11:21:00.000Z,2026-06-18T07:40:08.337Z
6a6480de0cfec74546fb51b0,101,TOOYUMM,4179,4179,14,14-KHISE PARK,DIST-1001,FIRM-2001,MUKESH AGENCIES,true,2026-06-18T11:21:00.000Z,2026-06-18T07:40:08.337Z
6a6480de0cfec74546fb51b1,101,TOOYUMM,1190,15-RAJ SUPER MARKET...,15,15-SAPRAS,DIST-1001,FIRM-2001,MUKESH AGENCIES,true,2026-06-18T11:21:00.000Z,2026-06-18T07:40:08.337Z
6a6480de0cfec74546fb51b2,101,TOOYUMM,1193,15-LAXMI GANRAL STORE,15,15-SAPRAS,DIST-1001,FIRM-2001,MUKESH AGENCIES,true,2026-06-18T11:21:00.000Z,2026-06-18T07:40:08.337Z
6a6480de0cfec74546fb51b3,101,TOOYUMM,2395,2395,15,15-SAPRAS,DIST-1001,FIRM-2001,MUKESH AGENCIES,true,2026-06-18T11:21:00.000Z,2026-06-18T07:40:08.337Z
6a6480de0cfec74546fb51b4,101,TOOYUMM,2483,2483,15,15-SAPRAS,DIST-1001,FIRM-2001,MUKESH AGENCIES,true,2026-06-18T11:21:00.000Z,2026-06-18T07:40:08.337Z
6a6480de0cfec74546fb51b5,101,TOOYUMM,2484,2484,15,15-SAPRAS,DIST-1001,FIRM-2001,MUKESH AGENCIES,true,2026-06-18T11:21:00.000Z,2026-06-18T07:40:08.337Z
6a6480de0cfec74546fb51b6,101,TOOYUMM,2504,2504,15,15-SAPRAS,DIST-1001,FIRM-2001,MUKESH AGENCIES,true,2026-06-18T11:21:00.000Z,2026-06-18T07:40:08.337Z
6a6480de0cfec74546fb51b7,101,TOOYUMM,2505,2505,15,15-SAPRAS,DIST-1001,FIRM-2001,MUKESH AGENCIES,true,2026-06-18T11:21:00.000Z,2026-06-18T07:40:08.337Z
6a6480de0cfec74546fb51b8,101,TOOYUMM,2506,2506,15,15-SAPRAS,DIST-1001,FIRM-2001,MUKESH AGENCIES,true,2026-06-18T11:21:00.000Z,2026-06-18T07:40:08.337Z
6a6480de0cfec74546fb51b9,101,TOOYUMM,2507,2507,15,15-SAPRAS,DIST-1001,FIRM-2001,MUKESH AGENCIES,true,2026-06-18T11:21:00.000Z,2026-06-18T07:40:08.337Z
6a6480de0cfec74546fb51ba,101,TOOYUMM,2508,2508,15,15-SAPRAS,DIST-1001,FIRM-2001,MUKESH AGENCIES,true,2026-06-18T11:21:00.000Z,2026-06-18T07:40:08.337Z
6a6480de0cfec74546fb51bb,101,TOOYUMM,2546,2546,15,15-SAPRAS,DIST-1001,FIRM-2001,MUKESH AGENCIES,true,2026-06-18T11:21:00.000Z,2026-06-18T07:40:08.337Z
6a6480de0cfec74546fb51bc,101,TOOYUMM,2580,2580,15,15-SAPRAS,DIST-1001,FIRM-2001,MUKESH AGENCIES,true,2026-06-18T11:21:00.000Z,2026-06-18T07:40:08.337Z
6a6480de0cfec74546fb51bd,101,TOOYUMM,2581,2581,15,15-SAPRAS,DIST-1001,FIRM-2001,MUKESH AGENCIES,true,2026-06-18T11:21:00.000Z,2026-06-18T07:40:08.337Z
6a6480de0cfec74546fb51be,101,TOOYUMM,2571,2571,16,16-KALYANI NAGAR,DIST-1001,FIRM-2001,MUKESH AGENCIES,true,2026-06-18T11:21:00.000Z,2026-06-18T07:40:08.337Z
6a6480de0cfec74546fb51bf,101,TOOYUMM,2601,2601,16,16-KALYANI NAGAR,DIST-1001,FIRM-2001,MUKESH AGENCIES,true,2026-06-18T11:21:00.000Z,2026-06-18T07:40:08.337Z
6a6480de0cfec74546fb51c0,101,TOOYUMM,2617,2617,16,16-KALYANI NAGAR,DIST-1001,FIRM-2001,MUKESH AGENCIES,true,2026-06-18T11:21:00.000Z,2026-06-18T07:40:08.337Z
6a6480de0cfec74546fb51c1,101,TOOYUMM,2993,2993,16,16-KALYANI NAGAR,DIST-1001,FIRM-2001,MUKESH AGENCIES,true,2026-06-18T11:21:00.000Z,2026-06-18T07:40:08.337Z
6a6480de0cfec74546fb51c2,101,TOOYUMM,3280,3280,16,16-KALYANI NAGAR,DIST-1001,FIRM-2001,MUKESH AGENCIES,true,2026-06-18T11:21:00.000Z,2026-06-18T07:40:08.337Z
6a6480de0cfec74546fb51c3,101,TOOYUMM,3288,3288,16,16-KALYANI NAGAR,DIST-1001,FIRM-2001,MUKESH AGENCIES,true,2026-06-18T11:21:00.000Z,2026-06-18T07:40:08.337Z
6a6480de0cfec74546fb51c4,101,TOOYUMM,3655,3655,16,16-KALYANI NAGAR,DIST-1001,FIRM-2001,MUKESH AGENCIES,true,2026-06-18T11:21:00.000Z,2026-06-18T07:40:08.337Z
6a6480de0cfec74546fb51c5,101,TOOYUMM,3678,3678,16,16-KALYANI NAGAR,DIST-1001,FIRM-2001,MUKESH AGENCIES,true,2026-06-18T11:21:00.000Z,2026-06-18T07:40:08.337Z
6a6480de0cfec74546fb51c6,101,TOOYUMM,3679,3679,16,16-KALYANI NAGAR,DIST-1001,FIRM-2001,MUKESH AGENCIES,true,2026-06-18T11:21:00.000Z,2026-06-18T07:40:08.337Z
6a6480de0cfec74546fb51c7,101,TOOYUMM,3712,3712,16,16-KALYANI NAGAR,DIST-1001,FIRM-2001,MUKESH AGENCIES,true,2026-06-18T11:21:00.000Z,2026-06-18T07:40:08.337Z
6a6480de0cfec74546fb51c8,101,TOOYUMM,3857,3857,16,16-KALYANI NAGAR,DIST-1001,FIRM-2001,MUKESH AGENCIES,true,2026-06-18T11:21:00.000Z,2026-06-18T07:40:08.337Z
6a6480de0cfec74546fb51c9,101,TOOYUMM,3863,3863,16,16-KALYANI NAGAR,DIST-1001,FIRM-2001,MUKESH AGENCIES,true,2026-06-18T11:21:00.000Z,2026-06-18T07:40:08.337Z
6a6480de0cfec74546fb51ca,101,TOOYUMM,3867,3867,16,16-KALYANI NAGAR,DIST-1001,FIRM-2001,MUKESH AGENCIES,true,2026-06-18T11:21:00.000Z,2026-06-18T07:40:08.337Z
6a6480de0cfec74546fb51cb,101,TOOYUMM,3868,3868,16,16-KALYANI NAGAR,DIST-1001,FIRM-2001,MUKESH AGENCIES,true,2026-06-18T11:21:00.000Z,2026-06-18T07:40:08.337Z
6a6480de0cfec74546fb51cc,101,TOOYUMM,3870,3870,16,16-KALYANI NAGAR,DIST-1001,FIRM-2001,MUKESH AGENCIES,true,2026-06-18T11:21:00.000Z,2026-06-18T07:40:08.337Z
6a6480de0cfec74546fb51cd,101,TOOYUMM,4095,4095,16,16-KALYANI NAGAR,DIST-1001,FIRM-2001,MUKESH AGENCIES,true,2026-06-18T11:21:00.000Z,2026-06-18T07:40:08.337Z
6a6480de0cfec74546fb51ce,101,TOOYUMM,4194,4194,16,16-KALYANI NAGAR,DIST-1001,FIRM-2001,MUKESH AGENCIES,true,2026-06-18T11:21:00.000Z,2026-06-18T07:40:08.337Z
6a6480de0cfec74546fb51cf,101,TOOYUMM,2572,2572,17,17-KOREGAON PARK,DIST-1001,FIRM-2001,MUKESH AGENCIES,true,2026-06-18T11:21:00.000Z,2026-06-18T07:40:08.337Z
6a6480de0cfec74546fb51d0,101,TOOYUMM,2573,2573,17,17-KOREGAON PARK,DIST-1001,FIRM-2001,MUKESH AGENCIES,true,2026-06-18T11:21:00.000Z,2026-06-18T07:40:08.337Z
6a6480de0cfec74546fb51d1,101,TOOYUMM,2584,2584,17,17-KOREGAON PARK,DIST-1001,FIRM-2001,MUKESH AGENCIES,true,2026-06-18T11:21:00.000Z,2026-06-18T07:40:08.337Z
6a6480de0cfec74546fb51d2,101,TOOYUMM,2585,2585,17,17-KOREGAON PARK,DIST-1001,FIRM-2001,MUKESH AGENCIES,true,2026-06-18T11:21:00.000Z,2026-06-18T07:40:08.337Z
6a6480de0cfec74546fb51d3,101,TOOYUMM,2588,2588,17,17-KOREGAON PARK,DIST-1001,FIRM-2001,MUKESH AGENCIES,true,2026-06-18T11:21:00.000Z,2026-06-18T07:40:08.337Z
6a6480de0cfec74546fb51d4,101,TOOYUMM,2589,2589,17,17-KOREGAON PARK,DIST-1001,FIRM-2001,MUKESH AGENCIES,true,2026-06-18T11:21:00.000Z,2026-06-18T07:40:08.337Z
6a6480de0cfec74546fb51d5,101,TOOYUMM,2590,2590,17,17-KOREGAON PARK,DIST-1001,FIRM-2001,MUKESH AGENCIES,true,2026-06-18T11:21:00.000Z,2026-06-18T07:40:08.337Z
6a6480de0cfec74546fb51d6,101,TOOYUMM,2591,2591,17,17-KOREGAON PARK,DIST-1001,FIRM-2001,MUKESH AGENCIES,true,2026-06-18T11:21:00.000Z,2026-06-18T07:40:08.337Z
6a6480de0cfec74546fb51d7,101,TOOYUMM,2592,2592,17,17-KOREGAON PARK,DIST-1001,FIRM-2001,MUKESH AGENCIES,true,2026-06-18T11:21:00.000Z,2026-06-18T07:40:08.337Z
6a6480de0cfec74546fb51d8,101,TOOYUMM,2598,2598,17,17-KOREGAON PARK,DIST-1001,FIRM-2001,MUKESH AGENCIES,true,2026-06-18T11:21:00.000Z,2026-06-18T07:40:08.337Z
6a6480de0cfec74546fb51d9,101,TOOYUMM,2610,2610,17,17-KOREGAON PARK,DIST-1001,FIRM-2001,MUKESH AGENCIES,true,2026-06-18T11:21:00.000Z,2026-06-18T07:40:08.337Z
6a6480de0cfec74546fb51da,101,TOOYUMM,2611,2611,17,17-KOREGAON PARK,DIST-1001,FIRM-2001,MUKESH AGENCIES,true,2026-06-18T11:21:00.000Z,2026-06-18T07:40:08.337Z
6a6480de0cfec74546fb51db,101,TOOYUMM,2612,2612,17,17-KOREGAON PARK,DIST-1001,FIRM-2001,MUKESH AGENCIES,true,2026-06-18T11:21:00.000Z,2026-06-18T07:40:08.337Z
6a6480de0cfec74546fb51dc,101,TOOYUMM,2679,2679,17,17-KOREGAON PARK,DIST-1001,FIRM-2001,MUKESH AGENCIES,true,2026-06-18T11:21:00.000Z,2026-06-18T07:40:08.337Z
6a6480de0cfec74546fb51dd,101,TOOYUMM,3614,3614,17,17-KOREGAON PARK,DIST-1001,FIRM-2001,MUKESH AGENCIES,true,2026-06-18T11:21:00.000Z,2026-06-18T07:40:08.337Z
6a6480de0cfec74546fb51de,101,TOOYUMM,3861,3861,17,17-KOREGAON PARK,DIST-1001,FIRM-2001,MUKESH AGENCIES,true,2026-06-18T11:21:00.000Z,2026-06-18T07:40:08.337Z
6a6480de0cfec74546fb51df,101,TOOYUMM,3862,3862,17,17-KOREGAON PARK,DIST-1001,FIRM-2001,MUKESH AGENCIES,true,2026-06-18T11:21:00.000Z,2026-06-18T07:40:08.337Z
6a6480de0cfec74546fb51e0,101,TOOYUMM,3869,3869,17,17-KOREGAON PARK,DIST-1001,FIRM-2001,MUKESH AGENCIES,true,2026-06-18T11:21:00.000Z,2026-06-18T07:40:08.337Z
6a6480de0cfec74546fb51e1,101,TOOYUMM,3877,3877,17,17-KOREGAON PARK,DIST-1001,FIRM-2001,MUKESH AGENCIES,true,2026-06-18T11:21:00.000Z,2026-06-18T07:40:08.337Z
6a6480de0cfec74546fb51e2,101,TOOYUMM,3888,3888,17,17-KOREGAON PARK,DIST-1001,FIRM-2001,MUKESH AGENCIES,true,2026-06-18T11:21:00.000Z,2026-06-18T07:40:08.337Z
6a6480de0cfec74546fb51e3,101,TOOYUMM,3956,3956,17,17-KOREGAON PARK,DIST-1001,FIRM-2001,MUKESH AGENCIES,true,2026-06-18T11:21:00.000Z,2026-06-18T07:40:08.337Z
6a6480de0cfec74546fb51e4,101,TOOYUMM,3957,3957,17,17-KOREGAON PARK,DIST-1001,FIRM-2001,MUKESH AGENCIES,true,2026-06-18T11:21:00.000Z,2026-06-18T07:40:08.337Z
6a6480de0cfec74546fb51e5,101,TOOYUMM,3958,3958,17,17-KOREGAON PARK,DIST-1001,FIRM-2001,MUKESH AGENCIES,true,2026-06-18T11:21:00.000Z,2026-06-18T07:40:08.337Z
6a6480de0cfec74546fb51e6,101,TOOYUMM,3959,3959,17,17-KOREGAON PARK,DIST-1001,FIRM-2001,MUKESH AGENCIES,true,2026-06-18T11:21:00.000Z,2026-06-18T07:40:08.337Z
6a6480de0cfec74546fb51e7,101,TOOYUMM,3990,3990,17,17-KOREGAON PARK,DIST-1001,FIRM-2001,MUKESH AGENCIES,true,2026-06-18T11:21:00.000Z,2026-06-18T07:40:08.337Z
6a6480de0cfec74546fb51e8,101,TOOYUMM,4133,4133,17,17-KOREGAON PARK,DIST-1001,FIRM-2001,MUKESH AGENCIES,true,2026-06-18T11:21:00.000Z,2026-06-18T07:40:08.337Z
6a6480de0cfec74546fb51e9,101,TOOYUMM,4184,4184,17,17-KOREGAON PARK,DIST-1001,FIRM-2001,MUKESH AGENCIES,true,2026-06-18T11:21:00.000Z,2026-06-18T07:40:08.337Z
6a6480de0cfec74546fb51ea,101,TOOYUMM,2593,2593,18,18-DP ROAD,DIST-1001,FIRM-2001,MUKESH AGENCIES,true,2026-06-18T11:21:00.000Z,2026-06-18T07:40:08.337Z
6a6480de0cfec74546fb51eb,101,TOOYUMM,2594,2594,18,18-DP ROAD,DIST-1001,FIRM-2001,MUKESH AGENCIES,true,2026-06-18T11:21:00.000Z,2026-06-18T07:40:08.337Z
6a6480de0cfec74546fb51ec,101,TOOYUMM,2595,2595,18,18-DP ROAD,DIST-1001,FIRM-2001,MUKESH AGENCIES,true,2026-06-18T11:21:00.000Z,2026-06-18T07:40:08.337Z
6a6480de0cfec74546fb51ed,101,TOOYUMM,2596,2596,18,18-DP ROAD,DIST-1001,FIRM-2001,MUKESH AGENCIES,true,2026-06-18T11:21:00.000Z,2026-06-18T07:40:08.337Z
6a6480de0cfec74546fb51ee,101,TOOYUMM,2597,2597,18,18-DP ROAD,DIST-1001,FIRM-2001,MUKESH AGENCIES,true,2026-06-18T11:21:00.000Z,2026-06-18T07:40:08.337Z
6a6480de0cfec74546fb51ef,101,TOOYUMM,2602,2602,18,18-DP ROAD,DIST-1001,FIRM-2001,MUKESH AGENCIES,true,2026-06-18T11:21:00.000Z,2026-06-18T07:40:08.337Z
6a6480de0cfec74546fb51f0,101,TOOYUMM,2603,2603,18,18-DP ROAD,DIST-1001,FIRM-2001,MUKESH AGENCIES,true,2026-06-18T11:21:00.000Z,2026-06-18T07:40:08.337Z
6a6480de0cfec74546fb51f1,101,TOOYUMM,2604,2604,18,18-DP ROAD,DIST-1001,FIRM-2001,MUKESH AGENCIES,true,2026-06-18T11:21:00.000Z,2026-06-18T07:40:08.337Z
6a6480de0cfec74546fb51f2,101,TOOYUMM,2613,2613,18,18-DP ROAD,DIST-1001,FIRM-2001,MUKESH AGENCIES,true,2026-06-18T11:21:00.000Z,2026-06-18T07:40:08.337Z
6a6480de0cfec74546fb51f3,101,TOOYUMM,2621,2621,18,18-DP ROAD,DIST-1001,FIRM-2001,MUKESH AGENCIES,true,2026-06-18T11:21:00.000Z,2026-06-18T07:40:08.337Z
6a6480de0cfec74546fb51f4,101,TOOYUMM,3312,3312,18,18-DP ROAD,DIST-1001,FIRM-2001,MUKESH AGENCIES,true,2026-06-18T11:21:00.000Z,2026-06-18T07:40:08.337Z
6a6480de0cfec74546fb51f5,101,TOOYUMM,3656,3656,18,18-DP ROAD,DIST-1001,FIRM-2001,MUKESH AGENCIES,true,2026-06-18T11:21:00.000Z,2026-06-18T07:40:08.337Z
6a6480de0cfec74546fb51f6,101,TOOYUMM,2609,2609,19,19-KHARADI-1,DIST-1001,FIRM-2001,MUKESH AGENCIES,true,2026-06-18T11:21:00.000Z,2026-06-18T07:40:08.337Z
6a6480de0cfec74546fb51f7,101,TOOYUMM,2616,2616,19,19-KHARADI-1,DIST-1001,FIRM-2001,MUKESH AGENCIES,true,2026-06-18T11:21:00.000Z,2026-06-18T07:40:08.337Z
6a6480de0cfec74546fb51f8,101,TOOYUMM,2758,2758,19,19-KHARADI-1,DIST-1001,FIRM-2001,MUKESH AGENCIES,true,2026-06-18T11:21:00.000Z,2026-06-18T07:40:08.337Z
6a6480de0cfec74546fb51f9,101,TOOYUMM,2759,2759,19,19-KHARADI-1,DIST-1001,FIRM-2001,MUKESH AGENCIES,true,2026-06-18T11:21:00.000Z,2026-06-18T07:40:08.337Z
6a6480de0cfec74546fb51fa,101,TOOYUMM,2760,2760,19,19-KHARADI-1,DIST-1001,FIRM-2001,MUKESH AGENCIES,true,2026-06-18T11:21:00.000Z,2026-06-18T07:40:08.337Z
6a6480de0cfec74546fb51fb,101,TOOYUMM,2761,2761,19,19-KHARADI-1,DIST-1001,FIRM-2001,MUKESH AGENCIES,true,2026-06-18T11:21:00.000Z,2026-06-18T07:40:08.337Z
6a6480de0cfec74546fb51fc,101,TOOYUMM,2830,2830,19,19-KHARADI-1,DIST-1001,FIRM-2001,MUKESH AGENCIES,true,2026-06-18T11:21:00.000Z,2026-06-18T07:40:08.337Z
6a6480de0cfec74546fb51fd,101,TOOYUMM,2831,2831,19,19-KHARADI-1,DIST-1001,FIRM-2001,MUKESH AGENCIES,true,2026-06-18T11:21:00.000Z,2026-06-18T07:40:08.337Z
6a6480de0cfec74546fb51fe,101,TOOYUMM,2832,2832,19,19-KHARADI-1,DIST-1001,FIRM-2001,MUKESH AGENCIES,true,2026-06-18T11:21:00.000Z,2026-06-18T07:40:08.337Z
6a6480de0cfec74546fb51ff,101,TOOYUMM,2833,2833,19,19-KHARADI-1,DIST-1001,FIRM-2001,MUKESH AGENCIES,true,2026-06-18T11:21:00.000Z,2026-06-18T07:40:08.337Z
6a6480de0cfec74546fb5200,101,TOOYUMM,2834,2834,19,19-KHARADI-1,DIST-1001,FIRM-2001,MUKESH AGENCIES,true,2026-06-18T11:21:00.000Z,2026-06-18T07:40:08.337Z
6a6480de0cfec74546fb5201,101,TOOYUMM,2835,2835,19,19-KHARADI-1,DIST-1001,FIRM-2001,MUKESH AGENCIES,true,2026-06-18T11:21:00.000Z,2026-06-18T07:40:08.337Z
6a6480de0cfec74546fb5202,101,TOOYUMM,2836,2836,19,19-KHARADI-1,DIST-1001,FIRM-2001,MUKESH AGENCIES,true,2026-06-18T11:21:00.000Z,2026-06-18T07:40:08.337Z
6a6480de0cfec74546fb5203,101,TOOYUMM,2837,2837,19,19-KHARADI-1,DIST-1001,FIRM-2001,MUKESH AGENCIES,true,2026-06-18T11:21:00.000Z,2026-06-18T07:40:08.337Z
6a6480de0cfec74546fb5204,101,TOOYUMM,2838,2838,19,19-KHARADI-1,DIST-1001,FIRM-2001,MUKESH AGENCIES,true,2026-06-18T11:21:00.000Z,2026-06-18T07:40:08.337Z
6a6480de0cfec74546fb5205,101,TOOYUMM,2840,2840,19,19-KHARADI-1,DIST-1001,FIRM-2001,MUKESH AGENCIES,true,2026-06-18T11:21:00.000Z,2026-06-18T07:40:08.337Z
6a6480de0cfec74546fb5206,101,TOOYUMM,2852,2852,19,19-KHARADI-1,DIST-1001,FIRM-2001,MUKESH AGENCIES,true,2026-06-18T11:21:00.000Z,2026-06-18T07:40:08.337Z
6a6480de0cfec74546fb5207,101,TOOYUMM,2853,2853,19,19-KHARADI-1,DIST-1001,FIRM-2001,MUKESH AGENCIES,true,2026-06-18T11:21:00.000Z,2026-06-18T07:40:08.337Z
6a6480de0cfec74546fb5208,101,TOOYUMM,2854,2854,19,19-KHARADI-1,DIST-1001,FIRM-2001,MUKESH AGENCIES,true,2026-06-18T11:21:00.000Z,2026-06-18T07:40:08.337Z
6a6480de0cfec74546fb5209,101,TOOYUMM,2906,2906,19,19-KHARADI-1,DIST-1001,FIRM-2001,MUKESH AGENCIES,true,2026-06-18T11:21:00.000Z,2026-06-18T07:40:08.337Z
6a6480de0cfec74546fb520a,101,TOOYUMM,2907,2907,19,19-KHARADI-1,DIST-1001,FIRM-2001,MUKESH AGENCIES,true,2026-06-18T11:21:00.000Z,2026-06-18T07:40:08.337Z
6a6480de0cfec74546fb520b,101,TOOYUMM,2913,2913,19,19-KHARADI-1,DIST-1001,FIRM-2001,MUKESH AGENCIES,true,2026-06-18T11:21:00.000Z,2026-06-18T07:40:08.337Z
6a6480de0cfec74546fb520c,101,TOOYUMM,2914,2914,19,19-KHARADI-1,DIST-1001,FIRM-2001,MUKESH AGENCIES,true,2026-06-18T11:21:00.000Z,2026-06-18T07:40:08.337Z
6a6480de0cfec74546fb520d,101,TOOYUMM,2915,2915,19,19-KHARADI-1,DIST-1001,FIRM-2001,MUKESH AGENCIES,true,2026-06-18T11:21:00.000Z,2026-06-18T07:40:08.337Z
6a6480de0cfec74546fb520e,101,TOOYUMM,2916,2916,19,19-KHARADI-1,DIST-1001,FIRM-2001,MUKESH AGENCIES,true,2026-06-18T11:21:00.000Z,2026-06-18T07:40:08.337Z
6a6480de0cfec74546fb520f,101,TOOYUMM,2917,2917,19,19-KHARADI-1,DIST-1001,FIRM-2001,MUKESH AGENCIES,true,2026-06-18T11:21:00.000Z,2026-06-18T07:40:08.337Z
6a6480de0cfec74546fb5210,101,TOOYUMM,2918,2918,19,19-KHARADI-1,DIST-1001,FIRM-2001,MUKESH AGENCIES,true,2026-06-18T11:21:00.000Z,2026-06-18T07:40:08.337Z
6a6480de0cfec74546fb5211,101,TOOYUMM,2919,2919,19,19-KHARADI-1,DIST-1001,FIRM-2001,MUKESH AGENCIES,true,2026-06-18T11:21:00.000Z,2026-06-18T07:40:08.337Z
6a6480de0cfec74546fb5212,101,TOOYUMM,2925,2925,19,19-KHARADI-1,DIST-1001,FIRM-2001,MUKESH AGENCIES,true,2026-06-18T11:21:00.000Z,2026-06-18T07:40:08.337Z
6a6480de0cfec74546fb5213,101,TOOYUMM,2926,2926,19,19-KHARADI-1,DIST-1001,FIRM-2001,MUKESH AGENCIES,true,2026-06-18T11:21:00.000Z,2026-06-18T07:40:08.337Z
6a6480de0cfec74546fb5214,101,TOOYUMM,2927,2927,19,19-KHARADI-1,DIST-1001,FIRM-2001,MUKESH AGENCIES,true,2026-06-18T11:21:00.000Z,2026-06-18T07:40:08.337Z
6a6480de0cfec74546fb5215,101,TOOYUMM,2928,2928,19,19-KHARADI-1,DIST-1001,FIRM-2001,MUKESH AGENCIES,true,2026-06-18T11:21:00.000Z,2026-06-18T07:40:08.337Z
6a6480de0cfec74546fb5216,101,TOOYUMM,2991,2991,19,19-KHARADI-1,DIST-1001,FIRM-2001,MUKESH AGENCIES,true,2026-06-18T11:21:00.000Z,2026-06-18T07:40:08.337Z
6a6480de0cfec74546fb5217,101,TOOYUMM,3003,3003,19,19-KHARADI-1,DIST-1001,FIRM-2001,MUKESH AGENCIES,true,2026-06-18T11:21:00.000Z,2026-06-18T07:40:08.337Z
6a6480de0cfec74546fb5218,101,TOOYUMM,3005,3005,19,19-KHARADI-1,DIST-1001,FIRM-2001,MUKESH AGENCIES,true,2026-06-18T11:21:00.000Z,2026-06-18T07:40:08.337Z
6a6480de0cfec74546fb5219,101,TOOYUMM,3019,3019,19,19-KHARADI-1,DIST-1001,FIRM-2001,MUKESH AGENCIES,true,2026-06-18T11:21:00.000Z,2026-06-18T07:40:08.337Z
6a6480de0cfec74546fb521a,101,TOOYUMM,3020,3020,19,19-KHARADI-1,DIST-1001,FIRM-2001,MUKESH AGENCIES,true,2026-06-18T11:21:00.000Z,2026-06-18T07:40:08.337Z
6a6480de0cfec74546fb521b,101,TOOYUMM,3021,3021,19,19-KHARADI-1,DIST-1001,FIRM-2001,MUKESH AGENCIES,true,2026-06-18T11:21:00.000Z,2026-06-18T07:40:08.337Z
6a6480de0cfec74546fb521c,101,TOOYUMM,3022,3022,19,19-KHARADI-1,DIST-1001,FIRM-2001,MUKESH AGENCIES,true,2026-06-18T11:21:00.000Z,2026-06-18T07:40:08.337Z
6a6480de0cfec74546fb521d,101,TOOYUMM,3023,3023,19,19-KHARADI-1,DIST-1001,FIRM-2001,MUKESH AGENCIES,true,2026-06-18T11:21:00.000Z,2026-06-18T07:40:08.337Z
6a6480de0cfec74546fb521e,101,TOOYUMM,3024,3024,19,19-KHARADI-1,DIST-1001,FIRM-2001,MUKESH AGENCIES,true,2026-06-18T11:21:00.000Z,2026-06-18T07:40:08.337Z
6a6480de0cfec74546fb521f,101,TOOYUMM,3025,3025,19,19-KHARADI-1,DIST-1001,FIRM-2001,MUKESH AGENCIES,true,2026-06-18T11:21:00.000Z,2026-06-18T07:40:08.337Z
6a6480de0cfec74546fb5220,101,TOOYUMM,3069,3069,19,19-KHARADI-1,DIST-1001,FIRM-2001,MUKESH AGENCIES,true,2026-06-18T11:21:00.000Z,2026-06-18T07:40:08.337Z
6a6480de0cfec74546fb5221,101,TOOYUMM,3073,3073,19,19-KHARADI-1,DIST-1001,FIRM-2001,MUKESH AGENCIES,true,2026-06-18T11:21:00.000Z,2026-06-18T07:40:08.337Z
6a6480de0cfec74546fb5222,101,TOOYUMM,3081,3081,19,19-KHARADI-1,DIST-1001,FIRM-2001,MUKESH AGENCIES,true,2026-06-18T11:21:00.000Z,2026-06-18T07:40:08.337Z
6a6480de0cfec74546fb5223,101,TOOYUMM,3082,3082,19,19-KHARADI-1,DIST-1001,FIRM-2001,MUKESH AGENCIES,true,2026-06-18T11:21:00.000Z,2026-06-18T07:40:08.337Z
6a6480de0cfec74546fb5224,101,TOOYUMM,3094,3094,19,19-KHARADI-1,DIST-1001,FIRM-2001,MUKESH AGENCIES,true,2026-06-18T11:21:00.000Z,2026-06-18T07:40:08.337Z
6a6480de0cfec74546fb5225,101,TOOYUMM,3095,3095,19,19-KHARADI-1,DIST-1001,FIRM-2001,MUKESH AGENCIES,true,2026-06-18T11:21:00.000Z,2026-06-18T07:40:08.337Z
6a6480de0cfec74546fb5226,101,TOOYUMM,3108,3108,19,19-KHARADI-1,DIST-1001,FIRM-2001,MUKESH AGENCIES,true,2026-06-18T11:21:00.000Z,2026-06-18T07:40:08.337Z
6a6480de0cfec74546fb5227,101,TOOYUMM,3109,3109,19,19-KHARADI-1,DIST-1001,FIRM-2001,MUKESH AGENCIES,true,2026-06-18T11:21:00.000Z,2026-06-18T07:40:08.337Z
6a6480de0cfec74546fb5228,101,TOOYUMM,3110,3110,19,19-KHARADI-1,DIST-1001,FIRM-2001,MUKESH AGENCIES,true,2026-06-18T11:21:00.000Z,2026-06-18T07:40:08.337Z
6a6480de0cfec74546fb5229,101,TOOYUMM,3120,3120,19,19-KHARADI-1,DIST-1001,FIRM-2001,MUKESH AGENCIES,true,2026-06-18T11:21:00.000Z,2026-06-18T07:40:08.337Z
6a6480de0cfec74546fb522a,101,TOOYUMM,3128,3128,19,19-KHARADI-1,DIST-1001,FIRM-2001,MUKESH AGENCIES,true,2026-06-18T11:21:00.000Z,2026-06-18T07:40:08.337Z
6a6480de0cfec74546fb522b,101,TOOYUMM,3130,3130,19,19-KHARADI-1,DIST-1001,FIRM-2001,MUKESH AGENCIES,true,2026-06-18T11:21:00.000Z,2026-06-18T07:40:08.337Z
6a6480de0cfec74546fb522c,101,TOOYUMM,3134,3134,19,19-KHARADI-1,DIST-1001,FIRM-2001,MUKESH AGENCIES,true,2026-06-18T11:21:00.000Z,2026-06-18T07:40:08.337Z
6a6480de0cfec74546fb522d,101,TOOYUMM,3147,3147,19,19-KHARADI-1,DIST-1001,FIRM-2001,MUKESH AGENCIES,true,2026-06-18T11:21:00.000Z,2026-06-18T07:40:08.337Z
6a6480de0cfec74546fb522e,101,TOOYUMM,3149,3149,19,19-KHARADI-1,DIST-1001,FIRM-2001,MUKESH AGENCIES,true,2026-06-18T11:21:00.000Z,2026-06-18T07:40:08.337Z
6a6480de0cfec74546fb522f,101,TOOYUMM,3150,3150,19,19-KHARADI-1,DIST-1001,FIRM-2001,MUKESH AGENCIES,true,2026-06-18T11:21:00.000Z,2026-06-18T07:40:08.337Z
6a6480de0cfec74546fb5230,101,TOOYUMM,3151,3151,19,19-KHARADI-1,DIST-1001,FIRM-2001,MUKESH AGENCIES,true,2026-06-18T11:21:00.000Z,2026-06-18T07:40:08.337Z
6a6480de0cfec74546fb5231,101,TOOYUMM,3152,3152,19,19-KHARADI-1,DIST-1001,FIRM-2001,MUKESH AGENCIES,true,2026-06-18T11:21:00.000Z,2026-06-18T07:40:08.337Z
6a6480de0cfec74546fb5232,101,TOOYUMM,3153,3153,19,19-KHARADI-1,DIST-1001,FIRM-2001,MUKESH AGENCIES,true,2026-06-18T11:21:00.000Z,2026-06-18T07:40:08.337Z
6a6480de0cfec74546fb5233,101,TOOYUMM,3154,3154,19,19-KHARADI-1,DIST-1001,FIRM-2001,MUKESH AGENCIES,true,2026-06-18T11:21:00.000Z,2026-06-18T07:40:08.337Z
6a6480de0cfec74546fb5234,101,TOOYUMM,3192,3192,19,19-KHARADI-1,DIST-1001,FIRM-2001,MUKESH AGENCIES,true,2026-06-18T11:21:00.000Z,2026-06-18T07:40:08.337Z
6a6480de0cfec74546fb5235,101,TOOYUMM,3193,3193,19,19-KHARADI-1,DIST-1001,FIRM-2001,MUKESH AGENCIES,true,2026-06-18T11:21:00.000Z,2026-06-18T07:40:08.337Z
6a6480de0cfec74546fb5236,101,TOOYUMM,3199,3199,19,19-KHARADI-1,DIST-1001,FIRM-2001,MUKESH AGENCIES,true,2026-06-18T11:21:00.000Z,2026-06-18T07:40:08.337Z
6a6480de0cfec74546fb5237,101,TOOYUMM,3200,3200,19,19-KHARADI-1,DIST-1001,FIRM-2001,MUKESH AGENCIES,true,2026-06-18T11:21:00.000Z,2026-06-18T07:40:08.337Z
6a6480de0cfec74546fb5238,101,TOOYUMM,3219,3219,19,19-KHARADI-1,DIST-1001,FIRM-2001,MUKESH AGENCIES,true,2026-06-18T11:21:00.000Z,2026-06-18T07:40:08.337Z
6a6480de0cfec74546fb5239,101,TOOYUMM,3220,3220,19,19-KHARADI-1,DIST-1001,FIRM-2001,MUKESH AGENCIES,true,2026-06-18T11:21:00.000Z,2026-06-18T07:40:08.337Z
6a6480de0cfec74546fb523a,101,TOOYUMM,3221,3221,19,19-KHARADI-1,DIST-1001,FIRM-2001,MUKESH AGENCIES,true,2026-06-18T11:21:00.000Z,2026-06-18T07:40:08.337Z
6a6480de0cfec74546fb523b,101,TOOYUMM,3222,3222,19,19-KHARADI-1,DIST-1001,FIRM-2001,MUKESH AGENCIES,true,2026-06-18T11:21:00.000Z,2026-06-18T07:40:08.337Z
6a6480de0cfec74546fb523c,101,TOOYUMM,3228,3228,19,19-KHARADI-1,DIST-1001,FIRM-2001,MUKESH AGENCIES,true,2026-06-18T11:21:00.000Z,2026-06-18T07:40:08.337Z
6a6480de0cfec74546fb523d,101,TOOYUMM,3232,3232,19,19-KHARADI-1,DIST-1001,FIRM-2001,MUKESH AGENCIES,true,2026-06-18T11:21:00.000Z,2026-06-18T07:40:08.337Z
6a6480de0cfec74546fb523e,101,TOOYUMM,3270,3270,19,19-KHARADI-1,DIST-1001,FIRM-2001,MUKESH AGENCIES,true,2026-06-18T11:21:00.000Z,2026-06-18T07:40:08.337Z
6a6480de0cfec74546fb523f,101,TOOYUMM,3271,3271,19,19-KHARADI-1,DIST-1001,FIRM-2001,MUKESH AGENCIES,true,2026-06-18T11:21:00.000Z,2026-06-18T07:40:08.337Z
6a6480de0cfec74546fb5240,101,TOOYUMM,3283,3283,19,19-KHARADI-1,DIST-1001,FIRM-2001,MUKESH AGENCIES,true,2026-06-18T11:21:00.000Z,2026-06-18T07:40:08.337Z
6a6480de0cfec74546fb5241,101,TOOYUMM,3342,3342,19,19-KHARADI-1,DIST-1001,FIRM-2001,MUKESH AGENCIES,true,2026-06-18T11:21:00.000Z,2026-06-18T07:40:08.337Z
6a6480de0cfec74546fb5242,101,TOOYUMM,3352,3352,19,19-KHARADI-1,DIST-1001,FIRM-2001,MUKESH AGENCIES,true,2026-06-18T11:21:00.000Z,2026-06-18T07:40:08.337Z
6a6480de0cfec74546fb5243,101,TOOYUMM,3354,3354,19,19-KHARADI-1,DIST-1001,FIRM-2001,MUKESH AGENCIES,true,2026-06-18T11:21:00.000Z,2026-06-18T07:40:08.337Z
6a6480de0cfec74546fb5244,101,TOOYUMM,3358,3358,19,19-KHARADI-1,DIST-1001,FIRM-2001,MUKESH AGENCIES,true,2026-06-18T11:21:00.000Z,2026-06-18T07:40:08.337Z
6a6480de0cfec74546fb5245,101,TOOYUMM,3360,3360,19,19-KHARADI-1,DIST-1001,FIRM-2001,MUKESH AGENCIES,true,2026-06-18T11:21:00.000Z,2026-06-18T07:40:08.337Z
6a6480de0cfec74546fb5246,101,TOOYUMM,3378,3378,19,19-KHARADI-1,DIST-1001,FIRM-2001,MUKESH AGENCIES,true,2026-06-18T11:21:00.000Z,2026-06-18T07:40:08.337Z
6a6480de0cfec74546fb5247,101,TOOYUMM,3383,3383,19,19-KHARADI-1,DIST-1001,FIRM-2001,MUKESH AGENCIES,true,2026-06-18T11:21:00.000Z,2026-06-18T07:40:08.337Z
6a6480de0cfec74546fb5248,101,TOOYUMM,3422,3422,19,19-KHARADI-1,DIST-1001,FIRM-2001,MUKESH AGENCIES,true,2026-06-18T11:21:00.000Z,2026-06-18T07:40:08.337Z
6a6480de0cfec74546fb5249,101,TOOYUMM,3436,3436,19,19-KHARADI-1,DIST-1001,FIRM-2001,MUKESH AGENCIES,true,2026-06-18T11:21:00.000Z,2026-06-18T07:40:08.337Z
6a6480de0cfec74546fb524a,101,TOOYUMM,3441,3441,19,19-KHARADI-1,DIST-1001,FIRM-2001,MUKESH AGENCIES,true,2026-06-18T11:21:00.000Z,2026-06-18T07:40:08.337Z
6a6480de0cfec74546fb524b,101,TOOYUMM,3447,3447,19,19-KHARADI-1,DIST-1001,FIRM-2001,MUKESH AGENCIES,true,2026-06-18T11:21:00.000Z,2026-06-18T07:40:08.337Z
6a6480de0cfec74546fb524c,101,TOOYUMM,3448,3448,19,19-KHARADI-1,DIST-1001,FIRM-2001,MUKESH AGENCIES,true,2026-06-18T11:21:00.000Z,2026-06-18T07:40:08.337Z
6a6480de0cfec74546fb524d,101,TOOYUMM,3449,3449,19,19-KHARADI-1,DIST-1001,FIRM-2001,MUKESH AGENCIES,true,2026-06-18T11:21:00.000Z,2026-06-18T07:40:08.337Z
6a6480de0cfec74546fb524e,101,TOOYUMM,3458,3458,19,19-KHARADI-1,DIST-1001,FIRM-2001,MUKESH AGENCIES,true,2026-06-18T11:21:00.000Z,2026-06-18T07:40:08.337Z
6a6480de0cfec74546fb524f,101,TOOYUMM,3478,3478,19,19-KHARADI-1,DIST-1001,FIRM-2001,MUKESH AGENCIES,true,2026-06-18T11:21:00.000Z,2026-06-18T07:40:08.337Z
6a6480de0cfec74546fb5250,101,TOOYUMM,3490,3490,19,19-KHARADI-1,DIST-1001,FIRM-2001,MUKESH AGENCIES,true,2026-06-18T11:21:00.000Z,2026-06-18T07:40:08.337Z
6a6480de0cfec74546fb5251,101,TOOYUMM,3516,3516,19,19-KHARADI-1,DIST-1001,FIRM-2001,MUKESH AGENCIES,true,2026-06-18T11:21:00.000Z,2026-06-18T07:40:08.337Z
6a6480de0cfec74546fb5252,101,TOOYUMM,3531,3531,19,19-KHARADI-1,DIST-1001,FIRM-2001,MUKESH AGENCIES,true,2026-06-18T11:21:00.000Z,2026-06-18T07:40:08.337Z
6a6480de0cfec74546fb5253,101,TOOYUMM,3532,3532,19,19-KHARADI-1,DIST-1001,FIRM-2001,MUKESH AGENCIES,true,2026-06-18T11:21:00.000Z,2026-06-18T07:40:08.337Z
6a6480de0cfec74546fb5254,101,TOOYUMM,3533,3533,19,19-KHARADI-1,DIST-1001,FIRM-2001,MUKESH AGENCIES,true,2026-06-18T11:21:00.000Z,2026-06-18T07:40:08.337Z
6a6480de0cfec74546fb5255,101,TOOYUMM,3536,3536,19,19-KHARADI-1,DIST-1001,FIRM-2001,MUKESH AGENCIES,true,2026-06-18T11:21:00.000Z,2026-06-18T07:40:08.337Z
6a6480de0cfec74546fb5256,101,TOOYUMM,3538,3538,19,19-KHARADI-1,DIST-1001,FIRM-2001,MUKESH AGENCIES,true,2026-06-18T11:21:00.000Z,2026-06-18T07:40:08.337Z
6a6480de0cfec74546fb5257,101,TOOYUMM,3557,3557,19,19-KHARADI-1,DIST-1001,FIRM-2001,MUKESH AGENCIES,true,2026-06-18T11:21:00.000Z,2026-06-18T07:40:08.337Z
6a6480de0cfec74546fb5258,101,TOOYUMM,3559,3559,19,19-KHARADI-1,DIST-1001,FIRM-2001,MUKESH AGENCIES,true,2026-06-18T11:21:00.000Z,2026-06-18T07:40:08.337Z
6a6480de0cfec74546fb5259,101,TOOYUMM,3561,3561,19,19-KHARADI-1,DIST-1001,FIRM-2001,MUKESH AGENCIES,true,2026-06-18T11:21:00.000Z,2026-06-18T07:40:08.337Z
6a6480de0cfec74546fb525a,101,TOOYUMM,3562,3562,19,19-KHARADI-1,DIST-1001,FIRM-2001,MUKESH AGENCIES,true,2026-06-18T11:21:00.000Z,2026-06-18T07:40:08.337Z
6a6480de0cfec74546fb525b,101,TOOYUMM,3578,3578,19,19-KHARADI-1,DIST-1001,FIRM-2001,MUKESH AGENCIES,true,2026-06-18T11:21:00.000Z,2026-06-18T07:40:08.337Z
6a6480de0cfec74546fb525c,101,TOOYUMM,3591,3591,19,19-KHARADI-1,DIST-1001,FIRM-2001,MUKESH AGENCIES,true,2026-06-18T11:21:00.000Z,2026-06-18T07:40:08.337Z
6a6480de0cfec74546fb525d,101,TOOYUMM,3594,3594,19,19-KHARADI-1,DIST-1001,FIRM-2001,MUKESH AGENCIES,true,2026-06-18T11:21:00.000Z,2026-06-18T07:40:08.337Z
6a6480de0cfec74546fb525e,101,TOOYUMM,3606,3606,19,19-KHARADI-1,DIST-1001,FIRM-2001,MUKESH AGENCIES,true,2026-06-18T11:21:00.000Z,2026-06-18T07:40:08.337Z
6a6480de0cfec74546fb525f,101,TOOYUMM,3607,3607,19,19-KHARADI-1,DIST-1001,FIRM-2001,MUKESH AGENCIES,true,2026-06-18T11:21:00.000Z,2026-06-18T07:40:08.337Z
6a6480de0cfec74546fb5260,101,TOOYUMM,3613,3613,19,19-KHARADI-1,DIST-1001,FIRM-2001,MUKESH AGENCIES,true,2026-06-18T11:21:00.000Z,2026-06-18T07:40:08.337Z
6a6480de0cfec74546fb5261,101,TOOYUMM,3616,3616,19,19-KHARADI-1,DIST-1001,FIRM-2001,MUKESH AGENCIES,true,2026-06-18T11:21:00.000Z,2026-06-18T07:40:08.337Z
6a6480de0cfec74546fb5262,101,TOOYUMM,3617,3617,19,19-KHARADI-1,DIST-1001,FIRM-2001,MUKESH AGENCIES,true,2026-06-18T11:21:00.000Z,2026-06-18T07:40:08.337Z
6a6480de0cfec74546fb5263,101,TOOYUMM,3653,3653,19,19-KHARADI-1,DIST-1001,FIRM-2001,MUKESH AGENCIES,true,2026-06-18T11:21:00.000Z,2026-06-18T07:40:08.337Z
6a6480de0cfec74546fb5264,101,TOOYUMM,3662,3662,19,19-KHARADI-1,DIST-1001,FIRM-2001,MUKESH AGENCIES,true,2026-06-18T11:21:00.000Z,2026-06-18T07:40:08.337Z
6a6480de0cfec74546fb5265,101,TOOYUMM,3699,3699,19,19-KHARADI-1,DIST-1001,FIRM-2001,MUKESH AGENCIES,true,2026-06-18T11:21:00.000Z,2026-06-18T07:40:08.337Z
6a6480de0cfec74546fb5266,101,TOOYUMM,3796,3796,19,19-KHARADI-1,DIST-1001,FIRM-2001,MUKESH AGENCIES,true,2026-06-18T11:21:00.000Z,2026-06-18T07:40:08.337Z
6a6480de0cfec74546fb5267,101,TOOYUMM,3833,3833,19,19-KHARADI-1,DIST-1001,FIRM-2001,MUKESH AGENCIES,true,2026-06-18T11:21:00.000Z,2026-06-18T07:40:08.337Z
6a6480de0cfec74546fb5268,101,TOOYUMM,3866,3866,19,19-KHARADI-1,DIST-1001,FIRM-2001,MUKESH AGENCIES,true,2026-06-18T11:21:00.000Z,2026-06-18T07:40:08.337Z
6a6480de0cfec74546fb5269,101,TOOYUMM,3880,3880,19,19-KHARADI-1,DIST-1001,FIRM-2001,MUKESH AGENCIES,true,2026-06-18T11:21:00.000Z,2026-06-18T07:40:08.337Z
6a6480de0cfec74546fb526a,101,TOOYUMM,3881,3881,19,19-KHARADI-1,DIST-1001,FIRM-2001,MUKESH AGENCIES,true,2026-06-18T11:21:00.000Z,2026-06-18T07:40:08.337Z
6a6480de0cfec74546fb526b,101,TOOYUMM,3882,3882,19,19-KHARADI-1,DIST-1001,FIRM-2001,MUKESH AGENCIES,true,2026-06-18T11:21:00.000Z,2026-06-18T07:40:08.337Z
6a6480de0cfec74546fb526c,101,TOOYUMM,3897,3897,19,19-KHARADI-1,DIST-1001,FIRM-2001,MUKESH AGENCIES,true,2026-06-18T11:21:00.000Z,2026-06-18T07:40:08.337Z
6a6480de0cfec74546fb526d,101,TOOYUMM,3913,3913,19,19-KHARADI-1,DIST-1001,FIRM-2001,MUKESH AGENCIES,true,2026-06-18T11:21:00.000Z,2026-06-18T07:40:08.337Z
6a6480de0cfec74546fb526e,101,TOOYUMM,3936,3936,19,19-KHARADI-1,DIST-1001,FIRM-2001,MUKESH AGENCIES,true,2026-06-18T11:21:00.000Z,2026-06-18T07:40:08.337Z
6a6480de0cfec74546fb526f,101,TOOYUMM,3939,3939,19,19-KHARADI-1,DIST-1001,FIRM-2001,MUKESH AGENCIES,true,2026-06-18T11:21:00.000Z,2026-06-18T07:40:08.337Z
6a6480de0cfec74546fb5270,101,TOOYUMM,3970,3970,19,19-KHARADI-1,DIST-1001,FIRM-2001,MUKESH AGENCIES,true,2026-06-18T11:21:00.000Z,2026-06-18T07:40:08.337Z
6a6480de0cfec74546fb5271,101,TOOYUMM,3971,3971,19,19-KHARADI-1,DIST-1001,FIRM-2001,MUKESH AGENCIES,true,2026-06-18T11:21:00.000Z,2026-06-18T07:40:08.337Z
6a6480de0cfec74546fb5272,101,TOOYUMM,3983,3983,19,19-KHARADI-1,DIST-1001,FIRM-2001,MUKESH AGENCIES,true,2026-06-18T11:21:00.000Z,2026-06-18T07:40:08.337Z
6a6480de0cfec74546fb5273,101,TOOYUMM,3984,3984,19,19-KHARADI-1,DIST-1001,FIRM-2001,MUKESH AGENCIES,true,2026-06-18T11:21:00.000Z,2026-06-18T07:40:08.337Z
6a6480de0cfec74546fb5274,101,TOOYUMM,4013,4013,19,19-KHARADI-1,DIST-1001,FIRM-2001,MUKESH AGENCIES,true,2026-06-18T11:21:00.000Z,2026-06-18T07:40:08.337Z
6a6480de0cfec74546fb5275,101,TOOYUMM,4014,4014,19,19-KHARADI-1,DIST-1001,FIRM-2001,MUKESH AGENCIES,true,2026-06-18T11:21:00.000Z,2026-06-18T07:40:08.337Z
6a6480de0cfec74546fb5276,101,TOOYUMM,4016,4016,19,19-KHARADI-1,DIST-1001,FIRM-2001,MUKESH AGENCIES,true,2026-06-18T11:21:00.000Z,2026-06-18T07:40:08.337Z
6a6480de0cfec74546fb5277,101,TOOYUMM,4017,4017,19,19-KHARADI-1,DIST-1001,FIRM-2001,MUKESH AGENCIES,true,2026-06-18T11:21:00.000Z,2026-06-18T07:40:08.337Z
6a6480de0cfec74546fb5278,101,TOOYUMM,4018,4018,19,19-KHARADI-1,DIST-1001,FIRM-2001,MUKESH AGENCIES,true,2026-06-18T11:21:00.000Z,2026-06-18T07:40:08.337Z
6a6480de0cfec74546fb5279,101,TOOYUMM,4022,4022,19,19-KHARADI-1,DIST-1001,FIRM-2001,MUKESH AGENCIES,true,2026-06-18T11:21:00.000Z,2026-06-18T07:40:08.337Z
6a6480de0cfec74546fb527a,101,TOOYUMM,4027,4027,19,19-KHARADI-1,DIST-1001,FIRM-2001,MUKESH AGENCIES,true,2026-06-18T11:21:00.000Z,2026-06-18T07:40:08.337Z
6a6480de0cfec74546fb527b,101,TOOYUMM,4070,4070,19,19-KHARADI-1,DIST-1001,FIRM-2001,MUKESH AGENCIES,true,2026-06-18T11:21:00.000Z,2026-06-18T07:40:08.337Z
6a6480de0cfec74546fb527c,101,TOOYUMM,4079,4079,19,19-KHARADI-1,DIST-1001,FIRM-2001,MUKESH AGENCIES,true,2026-06-18T11:21:00.000Z,2026-06-18T07:40:08.337Z
6a6480de0cfec74546fb527d,101,TOOYUMM,4101,4101,19,19-KHARADI-1,DIST-1001,FIRM-2001,MUKESH AGENCIES,true,2026-06-18T11:21:00.000Z,2026-06-18T07:40:08.337Z
6a6480de0cfec74546fb527e,101,TOOYUMM,4102,4102,19,19-KHARADI-1,DIST-1001,FIRM-2001,MUKESH AGENCIES,true,2026-06-18T11:21:00.000Z,2026-06-18T07:40:08.337Z
6a6480de0cfec74546fb527f,101,TOOYUMM,4128,4128,19,19-KHARADI-1,DIST-1001,FIRM-2001,MUKESH AGENCIES,true,2026-06-18T11:21:00.000Z,2026-06-18T07:40:08.337Z
6a6480de0cfec74546fb5280,101,TOOYUMM,4129,4129,19,19-KHARADI-1,DIST-1001,FIRM-2001,MUKESH AGENCIES,true,2026-06-18T11:21:00.000Z,2026-06-18T07:40:08.337Z
6a6480de0cfec74546fb5281,101,TOOYUMM,4137,4137,19,19-KHARADI-1,DIST-1001,FIRM-2001,MUKESH AGENCIES,true,2026-06-18T11:21:00.000Z,2026-06-18T07:40:08.337Z
6a6480de0cfec74546fb5282,101,TOOYUMM,4160,4160,19,19-KHARADI-1,DIST-1001,FIRM-2001,MUKESH AGENCIES,true,2026-06-18T11:21:00.000Z,2026-06-18T07:40:08.337Z
6a6480de0cfec74546fb5283,101,TOOYUMM,4186,4186,19,19-KHARADI-1,DIST-1001,FIRM-2001,MUKESH AGENCIES,true,2026-06-18T11:21:00.000Z,2026-06-18T07:40:08.337Z
6a6480de0cfec74546fb5284,101,TOOYUMM,4187,4187,19,19-KHARADI-1,DIST-1001,FIRM-2001,MUKESH AGENCIES,true,2026-06-18T11:21:00.000Z,2026-06-18T07:40:08.337Z
6a6480de0cfec74546fb5285,101,TOOYUMM,4195,4195,19,19-KHARADI-1,DIST-1001,FIRM-2001,MUKESH AGENCIES,true,2026-06-18T11:21:00.000Z,2026-06-18T07:40:08.337Z
6a6480de0cfec74546fb5286,101,TOOYUMM,4196,4196,19,19-KHARADI-1,DIST-1001,FIRM-2001,MUKESH AGENCIES,true,2026-06-18T11:21:00.000Z,2026-06-18T07:40:08.337Z
6a6480de0cfec74546fb5287,101,TOOYUMM,4199,4199,19,19-KHARADI-1,DIST-1001,FIRM-2001,MUKESH AGENCIES,true,2026-06-18T11:21:00.000Z,2026-06-18T07:40:08.337Z
6a6480de0cfec74546fb5288,101,TOOYUMM,4202,4202,19,19-KHARADI-1,DIST-1001,FIRM-2001,MUKESH AGENCIES,true,2026-06-18T11:21:00.000Z,2026-06-18T07:40:08.337Z
6a6480de0cfec74546fb5289,101,TOOYUMM,4226,4226,19,19-KHARADI-1,DIST-1001,FIRM-2001,MUKESH AGENCIES,true,2026-06-18T11:21:00.000Z,2026-06-18T07:40:08.337Z
6a6480de0cfec74546fb528a,101,TOOYUMM,2728,2728,20,20-CHANDAN NAGAR,DIST-1001,FIRM-2001,MUKESH AGENCIES,true,2026-06-18T11:21:00.000Z,2026-06-18T07:40:08.337Z
6a6480de0cfec74546fb528b,101,TOOYUMM,2729,2729,20,20-CHANDAN NAGAR,DIST-1001,FIRM-2001,MUKESH AGENCIES,true,2026-06-18T11:21:00.000Z,2026-06-18T07:40:08.337Z
6a6480de0cfec74546fb528c,101,TOOYUMM,2730,2730,20,20-CHANDAN NAGAR,DIST-1001,FIRM-2001,MUKESH AGENCIES,true,2026-06-18T11:21:00.000Z,2026-06-18T07:40:08.337Z
6a6480de0cfec74546fb528d,101,TOOYUMM,2731,2731,20,20-CHANDAN NAGAR,DIST-1001,FIRM-2001,MUKESH AGENCIES,true,2026-06-18T11:21:00.000Z,2026-06-18T07:40:08.337Z
6a6480de0cfec74546fb528e,101,TOOYUMM,2732,2732,20,20-CHANDAN NAGAR,DIST-1001,FIRM-2001,MUKESH AGENCIES,true,2026-06-18T11:21:00.000Z,2026-06-18T07:40:08.337Z
6a6480de0cfec74546fb528f,101,TOOYUMM,2743,2743,20,20-CHANDAN NAGAR,DIST-1001,FIRM-2001,MUKESH AGENCIES,true,2026-06-18T11:21:00.000Z,2026-06-18T07:40:08.337Z
6a6480de0cfec74546fb5290,101,TOOYUMM,2744,2744,20,20-CHANDAN NAGAR,DIST-1001,FIRM-2001,MUKESH AGENCIES,true,2026-06-18T11:21:00.000Z,2026-06-18T07:40:08.337Z
6a6480de0cfec74546fb5291,101,TOOYUMM,2745,2745,20,20-CHANDAN NAGAR,DIST-1001,FIRM-2001,MUKESH AGENCIES,true,2026-06-18T11:21:00.000Z,2026-06-18T07:40:08.337Z
6a6480de0cfec74546fb5292,101,TOOYUMM,2746,2746,20,20-CHANDAN NAGAR,DIST-1001,FIRM-2001,MUKESH AGENCIES,true,2026-06-18T11:21:00.000Z,2026-06-18T07:40:08.337Z
6a6480de0cfec74546fb5293,101,TOOYUMM,2747,2747,20,20-CHANDAN NAGAR,DIST-1001,FIRM-2001,MUKESH AGENCIES,true,2026-06-18T11:21:00.000Z,2026-06-18T07:40:08.337Z
6a6480de0cfec74546fb5294,101,TOOYUMM,2748,2748,20,20-CHANDAN NAGAR,DIST-1001,FIRM-2001,MUKESH AGENCIES,true,2026-06-18T11:21:00.000Z,2026-06-18T07:40:08.337Z
6a6480de0cfec74546fb5295,101,TOOYUMM,2749,2749,20,20-CHANDAN NAGAR,DIST-1001,FIRM-2001,MUKESH AGENCIES,true,2026-06-18T11:21:00.000Z,2026-06-18T07:40:08.337Z
6a6480de0cfec74546fb5296,101,TOOYUMM,2750,2750,20,20-CHANDAN NAGAR,DIST-1001,FIRM-2001,MUKESH AGENCIES,true,2026-06-18T11:21:00.000Z,2026-06-18T07:40:08.337Z
6a6480de0cfec74546fb5297,101,TOOYUMM,2839,2839,20,20-CHANDAN NAGAR,DIST-1001,FIRM-2001,MUKESH AGENCIES,true,2026-06-18T11:21:00.000Z,2026-06-18T07:40:08.337Z
6a6480de0cfec74546fb5298,101,TOOYUMM,2841,2841,20,20-CHANDAN NAGAR,DIST-1001,FIRM-2001,MUKESH AGENCIES,true,2026-06-18T11:21:00.000Z,2026-06-18T07:40:08.337Z
6a6480de0cfec74546fb5299,101,TOOYUMM,2842,2842,20,20-CHANDAN NAGAR,DIST-1001,FIRM-2001,MUKESH AGENCIES,true,2026-06-18T11:21:00.000Z,2026-06-18T07:40:08.337Z
6a6480de0cfec74546fb529a,101,TOOYUMM,2843,2843,20,20-CHANDAN NAGAR,DIST-1001,FIRM-2001,MUKESH AGENCIES,true,2026-06-18T11:21:00.000Z,2026-06-18T07:40:08.337Z
6a6480de0cfec74546fb529b,101,TOOYUMM,2844,2844,20,20-CHANDAN NAGAR,DIST-1001,FIRM-2001,MUKESH AGENCIES,true,2026-06-18T11:21:00.000Z,2026-06-18T07:40:08.337Z
6a6480de0cfec74546fb529c,101,TOOYUMM,2845,2845,20,20-CHANDAN NAGAR,DIST-1001,FIRM-2001,MUKESH AGENCIES,true,2026-06-18T11:21:00.000Z,2026-06-18T07:40:08.337Z
6a6480de0cfec74546fb529d,101,TOOYUMM,2846,2846,20,20-CHANDAN NAGAR,DIST-1001,FIRM-2001,MUKESH AGENCIES,true,2026-06-18T11:21:00.000Z,2026-06-18T07:40:08.337Z
6a6480de0cfec74546fb529e,101,TOOYUMM,2847,2847,20,20-CHANDAN NAGAR,DIST-1001,FIRM-2001,MUKESH AGENCIES,true,2026-06-18T11:21:00.000Z,2026-06-18T07:40:08.337Z
6a6480de0cfec74546fb529f,101,TOOYUMM,2848,2848,20,20-CHANDAN NAGAR,DIST-1001,FIRM-2001,MUKESH AGENCIES,true,2026-06-18T11:21:00.000Z,2026-06-18T07:40:08.337Z
6a6480de0cfec74546fb52a0,101,TOOYUMM,2849,2849,20,20-CHANDAN NAGAR,DIST-1001,FIRM-2001,MUKESH AGENCIES,true,2026-06-18T11:21:00.000Z,2026-06-18T07:40:08.337Z
6a6480de0cfec74546fb52a1,101,TOOYUMM,2850,2850,20,20-CHANDAN NAGAR,DIST-1001,FIRM-2001,MUKESH AGENCIES,true,2026-06-18T11:21:00.000Z,2026-06-18T07:40:08.337Z
6a6480de0cfec74546fb52a2,101,TOOYUMM,2851,2851,20,20-CHANDAN NAGAR,DIST-1001,FIRM-2001,MUKESH AGENCIES,true,2026-06-18T11:21:00.000Z,2026-06-18T07:40:08.337Z
6a6480de0cfec74546fb52a3,101,TOOYUMM,2882,2882,20,20-CHANDAN NAGAR,DIST-1001,FIRM-2001,MUKESH AGENCIES,true,2026-06-18T11:21:00.000Z,2026-06-18T07:40:08.337Z
6a6480de0cfec74546fb52a4,101,TOOYUMM,2883,2883,20,20-CHANDAN NAGAR,DIST-1001,FIRM-2001,MUKESH AGENCIES,true,2026-06-18T11:21:00.000Z,2026-06-18T07:40:08.337Z
6a6480de0cfec74546fb52a5,101,TOOYUMM,2885,2885,20,20-CHANDAN NAGAR,DIST-1001,FIRM-2001,MUKESH AGENCIES,true,2026-06-18T11:21:00.000Z,2026-06-18T07:40:08.337Z
6a6480de0cfec74546fb52a6,101,TOOYUMM,2959,2959,20,20-CHANDAN NAGAR,DIST-1001,FIRM-2001,MUKESH AGENCIES,true,2026-06-18T11:21:00.000Z,2026-06-18T07:40:08.337Z
6a6480de0cfec74546fb52a7,101,TOOYUMM,2963,2963,20,20-CHANDAN NAGAR,DIST-1001,FIRM-2001,MUKESH AGENCIES,true,2026-06-18T11:21:00.000Z,2026-06-18T07:40:08.337Z
6a6480de0cfec74546fb52a8,101,TOOYUMM,2964,2964,20,20-CHANDAN NAGAR,DIST-1001,FIRM-2001,MUKESH AGENCIES,true,2026-06-18T11:21:00.000Z,2026-06-18T07:40:08.337Z
6a6480de0cfec74546fb52a9,101,TOOYUMM,2970,2970,20,20-CHANDAN NAGAR,DIST-1001,FIRM-2001,MUKESH AGENCIES,true,2026-06-18T11:21:00.000Z,2026-06-18T07:40:08.337Z
6a6480de0cfec74546fb52aa,101,TOOYUMM,2971,2971,20,20-CHANDAN NAGAR,DIST-1001,FIRM-2001,MUKESH AGENCIES,true,2026-06-18T11:21:00.000Z,2026-06-18T07:40:08.337Z
6a6480de0cfec74546fb52ab,101,TOOYUMM,2972,2972,20,20-CHANDAN NAGAR,DIST-1001,FIRM-2001,MUKESH AGENCIES,true,2026-06-18T11:21:00.000Z,2026-06-18T07:40:08.337Z
6a6480de0cfec74546fb52ac,101,TOOYUMM,3055,3055,20,20-CHANDAN NAGAR,DIST-1001,FIRM-2001,MUKESH AGENCIES,true,2026-06-18T11:21:00.000Z,2026-06-18T07:40:08.337Z
6a6480de0cfec74546fb52ad,101,TOOYUMM,3056,3056,20,20-CHANDAN NAGAR,DIST-1001,FIRM-2001,MUKESH AGENCIES,true,2026-06-18T11:21:00.000Z,2026-06-18T07:40:08.337Z
6a6480de0cfec74546fb52ae,101,TOOYUMM,3057,3057,20,20-CHANDAN NAGAR,DIST-1001,FIRM-2001,MUKESH AGENCIES,true,2026-06-18T11:21:00.000Z,2026-06-18T07:40:08.337Z
6a6480de0cfec74546fb52af,101,TOOYUMM,3074,3074,20,20-CHANDAN NAGAR,DIST-1001,FIRM-2001,MUKESH AGENCIES,true,2026-06-18T11:21:00.000Z,2026-06-18T07:40:08.337Z
6a6480de0cfec74546fb52b0,101,TOOYUMM,3075,3075,20,20-CHANDAN NAGAR,DIST-1001,FIRM-2001,MUKESH AGENCIES,true,2026-06-18T11:21:00.000Z,2026-06-18T07:40:08.337Z
6a6480de0cfec74546fb52b1,101,TOOYUMM,3076,3076,20,20-CHANDAN NAGAR,DIST-1001,FIRM-2001,MUKESH AGENCIES,true,2026-06-18T11:21:00.000Z,2026-06-18T07:40:08.337Z
6a6480de0cfec74546fb52b2,101,TOOYUMM,3086,3086,20,20-CHANDAN NAGAR,DIST-1001,FIRM-2001,MUKESH AGENCIES,true,2026-06-18T11:21:00.000Z,2026-06-18T07:40:08.337Z
6a6480de0cfec74546fb52b3,101,TOOYUMM,3097,3097,20,20-CHANDAN NAGAR,DIST-1001,FIRM-2001,MUKESH AGENCIES,true,2026-06-18T11:21:00.000Z,2026-06-18T07:40:08.337Z
6a6480de0cfec74546fb52b4,101,TOOYUMM,3098,3098,20,20-CHANDAN NAGAR,DIST-1001,FIRM-2001,MUKESH AGENCIES,true,2026-06-18T11:21:00.000Z,2026-06-18T07:40:08.337Z
6a6480de0cfec74546fb52b5,101,TOOYUMM,3099,3099,20,20-CHANDAN NAGAR,DIST-1001,FIRM-2001,MUKESH AGENCIES,true,2026-06-18T11:21:00.000Z,2026-06-18T07:40:08.337Z
6a6480de0cfec74546fb52b6,101,TOOYUMM,3100,3100,20,20-CHANDAN NAGAR,DIST-1001,FIRM-2001,MUKESH AGENCIES,true,2026-06-18T11:21:00.000Z,2026-06-18T07:40:08.337Z
6a6480de0cfec74546fb52b7,101,TOOYUMM,3101,3101,20,20-CHANDAN NAGAR,DIST-1001,FIRM-2001,MUKESH AGENCIES,true,2026-06-18T11:21:00.000Z,2026-06-18T07:40:08.337Z
6a6480de0cfec74546fb52b8,101,TOOYUMM,3102,3102,20,20-CHANDAN NAGAR,DIST-1001,FIRM-2001,MUKESH AGENCIES,true,2026-06-18T11:21:00.000Z,2026-06-18T07:40:08.337Z
6a6480de0cfec74546fb52b9,101,TOOYUMM,3103,3103,20,20-CHANDAN NAGAR,DIST-1001,FIRM-2001,MUKESH AGENCIES,true,2026-06-18T11:21:00.000Z,2026-06-18T07:40:08.337Z
6a6480de0cfec74546fb52ba,101,TOOYUMM,3104,3104,20,20-CHANDAN NAGAR,DIST-1001,FIRM-2001,MUKESH AGENCIES,true,2026-06-18T11:21:00.000Z,2026-06-18T07:40:08.337Z
6a6480de0cfec74546fb52bb,101,TOOYUMM,3105,3105,20,20-CHANDAN NAGAR,DIST-1001,FIRM-2001,MUKESH AGENCIES,true,2026-06-18T11:21:00.000Z,2026-06-18T07:40:08.337Z
6a6480de0cfec74546fb52bc,101,TOOYUMM,3106,3106,20,20-CHANDAN NAGAR,DIST-1001,FIRM-2001,MUKESH AGENCIES,true,2026-06-18T11:21:00.000Z,2026-06-18T07:40:08.337Z
6a6480de0cfec74546fb52bd,101,TOOYUMM,3107,3107,20,20-CHANDAN NAGAR,DIST-1001,FIRM-2001,MUKESH AGENCIES,true,2026-06-18T11:21:00.000Z,2026-06-18T07:40:08.337Z
6a6480de0cfec74546fb52be,101,TOOYUMM,3129,3129,20,20-CHANDAN NAGAR,DIST-1001,FIRM-2001,MUKESH AGENCIES,true,2026-06-18T11:21:00.000Z,2026-06-18T07:40:08.337Z
6a6480de0cfec74546fb52bf,101,TOOYUMM,3139,3139,20,20-CHANDAN NAGAR,DIST-1001,FIRM-2001,MUKESH AGENCIES,true,2026-06-18T11:21:00.000Z,2026-06-18T07:40:08.337Z
6a6480de0cfec74546fb52c0,101,TOOYUMM,3159,3159,20,20-CHANDAN NAGAR,DIST-1001,FIRM-2001,MUKESH AGENCIES,true,2026-06-18T11:21:00.000Z,2026-06-18T07:40:08.337Z
6a6480de0cfec74546fb52c1,101,TOOYUMM,3160,3160,20,20-CHANDAN NAGAR,DIST-1001,FIRM-2001,MUKESH AGENCIES,true,2026-06-18T11:21:00.000Z,2026-06-18T07:40:08.337Z
6a6480de0cfec74546fb52c2,101,TOOYUMM,3161,3161,20,20-CHANDAN NAGAR,DIST-1001,FIRM-2001,MUKESH AGENCIES,true,2026-06-18T11:21:00.000Z,2026-06-18T07:40:08.337Z
6a6480de0cfec74546fb52c3,101,TOOYUMM,3162,3162,20,20-CHANDAN NAGAR,DIST-1001,FIRM-2001,MUKESH AGENCIES,true,2026-06-18T11:21:00.000Z,2026-06-18T07:40:08.337Z
6a6480de0cfec74546fb52c4,101,TOOYUMM,3164,3164,20,20-CHANDAN NAGAR,DIST-1001,FIRM-2001,MUKESH AGENCIES,true,2026-06-18T11:21:00.000Z,2026-06-18T07:40:08.337Z
6a6480de0cfec74546fb52c5,101,TOOYUMM,3196,3196,20,20-CHANDAN NAGAR,DIST-1001,FIRM-2001,MUKESH AGENCIES,true,2026-06-18T11:21:00.000Z,2026-06-18T07:40:08.337Z
6a6480de0cfec74546fb52c6,101,TOOYUMM,3197,3197,20,20-CHANDAN NAGAR,DIST-1001,FIRM-2001,MUKESH AGENCIES,true,2026-06-18T11:21:00.000Z,2026-06-18T07:40:08.337Z
6a6480de0cfec74546fb52c7,101,TOOYUMM,3230,3230,20,20-CHANDAN NAGAR,DIST-1001,FIRM-2001,MUKESH AGENCIES,true,2026-06-18T11:21:00.000Z,2026-06-18T07:40:08.337Z
6a6480de0cfec74546fb52c8,101,TOOYUMM,3242,3242,20,20-CHANDAN NAGAR,DIST-1001,FIRM-2001,MUKESH AGENCIES,true,2026-06-18T11:21:00.000Z,2026-06-18T07:40:08.337Z
6a6480de0cfec74546fb52c9,101,TOOYUMM,3253,3253,20,20-CHANDAN NAGAR,DIST-1001,FIRM-2001,MUKESH AGENCIES,true,2026-06-18T11:21:00.000Z,2026-06-18T07:40:08.337Z
6a6480de0cfec74546fb52ca,101,TOOYUMM,3254,3254,20,20-CHANDAN NAGAR,DIST-1001,FIRM-2001,MUKESH AGENCIES,true,2026-06-18T11:21:00.000Z,2026-06-18T07:40:08.337Z
6a6480de0cfec74546fb52cb,101,TOOYUMM,3258,3258,20,20-CHANDAN NAGAR,DIST-1001,FIRM-2001,MUKESH AGENCIES,true,2026-06-18T11:21:00.000Z,2026-06-18T07:40:08.337Z
6a6480de0cfec74546fb52cc,101,TOOYUMM,3259,3259,20,20-CHANDAN NAGAR,DIST-1001,FIRM-2001,MUKESH AGENCIES,true,2026-06-18T11:21:00.000Z,2026-06-18T07:40:08.337Z
6a6480de0cfec74546fb52cd,101,TOOYUMM,3272,3272,20,20-CHANDAN NAGAR,DIST-1001,FIRM-2001,MUKESH AGENCIES,true,2026-06-18T11:21:00.000Z,2026-06-18T07:40:08.337Z
6a6480de0cfec74546fb52ce,101,TOOYUMM,3285,3285,20,20-CHANDAN NAGAR,DIST-1001,FIRM-2001,MUKESH AGENCIES,true,2026-06-18T11:21:00.000Z,2026-06-18T07:40:08.337Z
6a6480de0cfec74546fb52cf,101,TOOYUMM,3318,3318,20,20-CHANDAN NAGAR,DIST-1001,FIRM-2001,MUKESH AGENCIES,true,2026-06-18T11:21:00.000Z,2026-06-18T07:40:08.337Z
6a6480de0cfec74546fb52d0,101,TOOYUMM,3331,3331,20,20-CHANDAN NAGAR,DIST-1001,FIRM-2001,MUKESH AGENCIES,true,2026-06-18T11:21:00.000Z,2026-06-18T07:40:08.337Z
6a6480de0cfec74546fb52d1,101,TOOYUMM,3410,3410,20,20-CHANDAN NAGAR,DIST-1001,FIRM-2001,MUKESH AGENCIES,true,2026-06-18T11:21:00.000Z,2026-06-18T07:40:08.337Z
6a6480de0cfec74546fb52d2,101,TOOYUMM,3411,3411,20,20-CHANDAN NAGAR,DIST-1001,FIRM-2001,MUKESH AGENCIES,true,2026-06-18T11:21:00.000Z,2026-06-18T07:40:08.337Z
6a6480de0cfec74546fb52d3,101,TOOYUMM,3437,3437,20,20-CHANDAN NAGAR,DIST-1001,FIRM-2001,MUKESH AGENCIES,true,2026-06-18T11:21:00.000Z,2026-06-18T07:40:08.337Z
6a6480de0cfec74546fb52d4,101,TOOYUMM,3438,3438,20,20-CHANDAN NAGAR,DIST-1001,FIRM-2001,MUKESH AGENCIES,true,2026-06-18T11:21:00.000Z,2026-06-18T07:40:08.337Z
6a6480de0cfec74546fb52d5,101,TOOYUMM,3459,3459,20,20-CHANDAN NAGAR,DIST-1001,FIRM-2001,MUKESH AGENCIES,true,2026-06-18T11:21:00.000Z,2026-06-18T07:40:08.337Z
6a6480de0cfec74546fb52d6,101,TOOYUMM,3486,3486,20,20-CHANDAN NAGAR,DIST-1001,FIRM-2001,MUKESH AGENCIES,true,2026-06-18T11:21:00.000Z,2026-06-18T07:40:08.337Z
6a6480de0cfec74546fb52d7,101,TOOYUMM,3487,3487,20,20-CHANDAN NAGAR,DIST-1001,FIRM-2001,MUKESH AGENCIES,true,2026-06-18T11:21:00.000Z,2026-06-18T07:40:08.337Z
6a6480de0cfec74546fb52d8,101,TOOYUMM,3488,3488,20,20-CHANDAN NAGAR,DIST-1001,FIRM-2001,MUKESH AGENCIES,true,2026-06-18T11:21:00.000Z,2026-06-18T07:40:08.337Z
6a6480de0cfec74546fb52d9,101,TOOYUMM,3489,3489,20,20-CHANDAN NAGAR,DIST-1001,FIRM-2001,MUKESH AGENCIES,true,2026-06-18T11:21:00.000Z,2026-06-18T07:40:08.337Z
6a6480de0cfec74546fb52da,101,TOOYUMM,3500,3500,20,20-CHANDAN NAGAR,DIST-1001,FIRM-2001,MUKESH AGENCIES,true,2026-06-18T11:21:00.000Z,2026-06-18T07:40:08.337Z
6a6480de0cfec74546fb52db,101,TOOYUMM,3560,3560,20,20-CHANDAN NAGAR,DIST-1001,FIRM-2001,MUKESH AGENCIES,true,2026-06-18T11:21:00.000Z,2026-06-18T07:40:08.337Z
6a6480de0cfec74546fb52dc,101,TOOYUMM,3568,3568,20,20-CHANDAN NAGAR,DIST-1001,FIRM-2001,MUKESH AGENCIES,true,2026-06-18T11:21:00.000Z,2026-06-18T07:40:08.337Z
6a6480de0cfec74546fb52dd,101,TOOYUMM,3571,3571,20,20-CHANDAN NAGAR,DIST-1001,FIRM-2001,MUKESH AGENCIES,true,2026-06-18T11:21:00.000Z,2026-06-18T07:40:08.337Z
6a6480de0cfec74546fb52de,101,TOOYUMM,3572,3572,20,20-CHANDAN NAGAR,DIST-1001,FIRM-2001,MUKESH AGENCIES,true,2026-06-18T11:21:00.000Z,2026-06-18T07:40:08.337Z
6a6480de0cfec74546fb52df,101,TOOYUMM,3709,3709,20,20-CHANDAN NAGAR,DIST-1001,FIRM-2001,MUKESH AGENCIES,true,2026-06-18T11:21:00.000Z,2026-06-18T07:40:08.337Z
6a6480de0cfec74546fb52e0,101,TOOYUMM,4211,4211,20,20-CHANDAN NAGAR,DIST-1001,FIRM-2001,MUKESH AGENCIES,true,2026-06-18T11:21:00.000Z,2026-06-18T07:40:08.337Z
6a6480de0cfec74546fb52e1,101,TOOYUMM,2687,2687,21,21-VADGAON SHERI,DIST-1001,FIRM-2001,MUKESH AGENCIES,true,2026-06-18T11:21:00.000Z,2026-06-18T07:40:08.337Z
6a6480de0cfec74546fb52e2,101,TOOYUMM,2688,2688,21,21-VADGAON SHERI,DIST-1001,FIRM-2001,MUKESH AGENCIES,true,2026-06-18T11:21:00.000Z,2026-06-18T07:40:08.337Z
6a6480de0cfec74546fb52e3,101,TOOYUMM,2689,2689,21,21-VADGAON SHERI,DIST-1001,FIRM-2001,MUKESH AGENCIES,true,2026-06-18T11:21:00.000Z,2026-06-18T07:40:08.337Z
6a6480de0cfec74546fb52e4,101,TOOYUMM,2690,2690,21,21-VADGAON SHERI,DIST-1001,FIRM-2001,MUKESH AGENCIES,true,2026-06-18T11:21:00.000Z,2026-06-18T07:40:08.337Z
6a6480de0cfec74546fb52e5,101,TOOYUMM,2691,2691,21,21-VADGAON SHERI,DIST-1001,FIRM-2001,MUKESH AGENCIES,true,2026-06-18T11:21:00.000Z,2026-06-18T07:40:08.337Z
6a6480de0cfec74546fb52e6,101,TOOYUMM,2692,2692,21,21-VADGAON SHERI,DIST-1001,FIRM-2001,MUKESH AGENCIES,true,2026-06-18T11:21:00.000Z,2026-06-18T07:40:08.337Z
6a6480de0cfec74546fb52e7,101,TOOYUMM,2693,2693,21,21-VADGAON SHERI,DIST-1001,FIRM-2001,MUKESH AGENCIES,true,2026-06-18T11:21:00.000Z,2026-06-18T07:40:08.337Z
6a6480de0cfec74546fb52e8,101,TOOYUMM,2694,2694,21,21-VADGAON SHERI,DIST-1001,FIRM-2001,MUKESH AGENCIES,true,2026-06-18T11:21:00.000Z,2026-06-18T07:40:08.337Z
6a6480de0cfec74546fb52e9,101,TOOYUMM,2695,2695,21,21-VADGAON SHERI,DIST-1001,FIRM-2001,MUKESH AGENCIES,true,2026-06-18T11:21:00.000Z,2026-06-18T07:40:08.337Z
6a6480de0cfec74546fb52ea,101,TOOYUMM,2696,2696,21,21-VADGAON SHERI,DIST-1001,FIRM-2001,MUKESH AGENCIES,true,2026-06-18T11:21:00.000Z,2026-06-18T07:40:08.337Z
6a6480de0cfec74546fb52eb,101,TOOYUMM,2697,2697,21,21-VADGAON SHERI,DIST-1001,FIRM-2001,MUKESH AGENCIES,true,2026-06-18T11:21:00.000Z,2026-06-18T07:40:08.337Z
6a6480de0cfec74546fb52ec,101,TOOYUMM,2698,2698,21,21-VADGAON SHERI,DIST-1001,FIRM-2001,MUKESH AGENCIES,true,2026-06-18T11:21:00.000Z,2026-06-18T07:40:08.337Z
6a6480de0cfec74546fb52ed,101,TOOYUMM,2699,2699,21,21-VADGAON SHERI,DIST-1001,FIRM-2001,MUKESH AGENCIES,true,2026-06-18T11:21:00.000Z,2026-06-18T07:40:08.337Z
6a6480de0cfec74546fb52ee,101,TOOYUMM,2700,2700,21,21-VADGAON SHERI,DIST-1001,FIRM-2001,MUKESH AGENCIES,true,2026-06-18T11:21:00.000Z,2026-06-18T07:40:08.337Z
6a6480de0cfec74546fb52ef,101,TOOYUMM,2701,2701,21,21-VADGAON SHERI,DIST-1001,FIRM-2001,MUKESH AGENCIES,true,2026-06-18T11:21:00.000Z,2026-06-18T07:40:08.337Z
6a6480de0cfec74546fb52f0,101,TOOYUMM,2702,2702,21,21-VADGAON SHERI,DIST-1001,FIRM-2001,MUKESH AGENCIES,true,2026-06-18T11:21:00.000Z,2026-06-18T07:40:08.337Z
6a6480de0cfec74546fb52f1,101,TOOYUMM,2705,2705,21,21-VADGAON SHERI,DIST-1001,FIRM-2001,MUKESH AGENCIES,true,2026-06-18T11:21:00.000Z,2026-06-18T07:40:08.337Z
6a6480de0cfec74546fb52f2,101,TOOYUMM,2706,2706,21,21-VADGAON SHERI,DIST-1001,FIRM-2001,MUKESH AGENCIES,true,2026-06-18T11:21:00.000Z,2026-06-18T07:40:08.337Z
6a6480de0cfec74546fb52f3,101,TOOYUMM,2707,2707,21,21-VADGAON SHERI,DIST-1001,FIRM-2001,MUKESH AGENCIES,true,2026-06-18T11:21:00.000Z,2026-06-18T07:40:08.337Z
6a6480de0cfec74546fb52f4,101,TOOYUMM,2708,2708,21,21-VADGAON SHERI,DIST-1001,FIRM-2001,MUKESH AGENCIES,true,2026-06-18T11:21:00.000Z,2026-06-18T07:40:08.337Z
6a6480de0cfec74546fb52f5,101,TOOYUMM,2709,2709,21,21-VADGAON SHERI,DIST-1001,FIRM-2001,MUKESH AGENCIES,true,2026-06-18T11:21:00.000Z,2026-06-18T07:40:08.337Z
6a6480de0cfec74546fb52f6,101,TOOYUMM,2763,2763,21,21-VADGAON SHERI,DIST-1001,FIRM-2001,MUKESH AGENCIES,true,2026-06-18T11:21:00.000Z,2026-06-18T07:40:08.337Z
6a6480de0cfec74546fb52f7,101,TOOYUMM,2764,2764,21,21-VADGAON SHERI,DIST-1001,FIRM-2001,MUKESH AGENCIES,true,2026-06-18T11:21:00.000Z,2026-06-18T07:40:08.337Z
6a6480de0cfec74546fb52f8,101,TOOYUMM,2765,2765,21,21-VADGAON SHERI,DIST-1001,FIRM-2001,MUKESH AGENCIES,true,2026-06-18T11:21:00.000Z,2026-06-18T07:40:08.337Z
6a6480de0cfec74546fb52f9,101,TOOYUMM,2766,2766,21,21-VADGAON SHERI,DIST-1001,FIRM-2001,MUKESH AGENCIES,true,2026-06-18T11:21:00.000Z,2026-06-18T07:40:08.337Z
6a6480de0cfec74546fb52fa,101,TOOYUMM,2767,2767,21,21-VADGAON SHERI,DIST-1001,FIRM-2001,MUKESH AGENCIES,true,2026-06-18T11:21:00.000Z,2026-06-18T07:40:08.337Z
6a6480de0cfec74546fb52fb,101,TOOYUMM,2768,2768,21,21-VADGAON SHERI,DIST-1001,FIRM-2001,MUKESH AGENCIES,true,2026-06-18T11:21:00.000Z,2026-06-18T07:40:08.337Z
6a6480de0cfec74546fb52fc,101,TOOYUMM,2780,2780,21,21-VADGAON SHERI,DIST-1001,FIRM-2001,MUKESH AGENCIES,true,2026-06-18T11:21:00.000Z,2026-06-18T07:40:08.337Z
6a6480de0cfec74546fb52fd,101,TOOYUMM,2781,2781,21,21-VADGAON SHERI,DIST-1001,FIRM-2001,MUKESH AGENCIES,true,2026-06-18T11:21:00.000Z,2026-06-18T07:40:08.337Z
6a6480de0cfec74546fb52fe,101,TOOYUMM,2782,2782,21,21-VADGAON SHERI,DIST-1001,FIRM-2001,MUKESH AGENCIES,true,2026-06-18T11:21:00.000Z,2026-06-18T07:40:08.337Z
6a6480de0cfec74546fb52ff,101,TOOYUMM,2783,2783,21,21-VADGAON SHERI,DIST-1001,FIRM-2001,MUKESH AGENCIES,true,2026-06-18T11:21:00.000Z,2026-06-18T07:40:08.337Z
6a6480de0cfec74546fb5300,101,TOOYUMM,2784,2784,21,21-VADGAON SHERI,DIST-1001,FIRM-2001,MUKESH AGENCIES,true,2026-06-18T11:21:00.000Z,2026-06-18T07:40:08.337Z
6a6480de0cfec74546fb5301,101,TOOYUMM,2785,2785,21,21-VADGAON SHERI,DIST-1001,FIRM-2001,MUKESH AGENCIES,true,2026-06-18T11:21:00.000Z,2026-06-18T07:40:08.337Z
6a6480de0cfec74546fb5302,101,TOOYUMM,2786,2786,21,21-VADGAON SHERI,DIST-1001,FIRM-2001,MUKESH AGENCIES,true,2026-06-18T11:21:00.000Z,2026-06-18T07:40:08.337Z
6a6480de0cfec74546fb5303,101,TOOYUMM,2798,2798,21,21-VADGAON SHERI,DIST-1001,FIRM-2001,MUKESH AGENCIES,true,2026-06-18T11:21:00.000Z,2026-06-18T07:40:08.337Z
6a6480de0cfec74546fb5304,101,TOOYUMM,2799,2799,21,21-VADGAON SHERI,DIST-1001,FIRM-2001,MUKESH AGENCIES,true,2026-06-18T11:21:00.000Z,2026-06-18T07:40:08.337Z
6a6480de0cfec74546fb5305,101,TOOYUMM,2800,2800,21,21-VADGAON SHERI,DIST-1001,FIRM-2001,MUKESH AGENCIES,true,2026-06-18T11:21:00.000Z,2026-06-18T07:40:08.337Z
6a6480de0cfec74546fb5306,101,TOOYUMM,2801,2801,21,21-VADGAON SHERI,DIST-1001,FIRM-2001,MUKESH AGENCIES,true,2026-06-18T11:21:00.000Z,2026-06-18T07:40:08.337Z
6a6480de0cfec74546fb5307,101,TOOYUMM,2802,2802,21,21-VADGAON SHERI,DIST-1001,FIRM-2001,MUKESH AGENCIES,true,2026-06-18T11:21:00.000Z,2026-06-18T07:40:08.337Z
6a6480de0cfec74546fb5308,101,TOOYUMM,2803,2803,21,21-VADGAON SHERI,DIST-1001,FIRM-2001,MUKESH AGENCIES,true,2026-06-18T11:21:00.000Z,2026-06-18T07:40:08.337Z
6a6480de0cfec74546fb5309,101,TOOYUMM,2858,2858,21,21-VADGAON SHERI,DIST-1001,FIRM-2001,MUKESH AGENCIES,true,2026-06-18T11:21:00.000Z,2026-06-18T07:40:08.337Z
6a6480de0cfec74546fb530a,101,TOOYUMM,2859,2859,21,21-VADGAON SHERI,DIST-1001,FIRM-2001,MUKESH AGENCIES,true,2026-06-18T11:21:00.000Z,2026-06-18T07:40:08.337Z
6a6480de0cfec74546fb530b,101,TOOYUMM,2860,2860,21,21-VADGAON SHERI,DIST-1001,FIRM-2001,MUKESH AGENCIES,true,2026-06-18T11:21:00.000Z,2026-06-18T07:40:08.337Z
6a6480de0cfec74546fb530c,101,TOOYUMM,2861,2861,21,21-VADGAON SHERI,DIST-1001,FIRM-2001,MUKESH AGENCIES,true,2026-06-18T11:21:00.000Z,2026-06-18T07:40:08.337Z
6a6480de0cfec74546fb530d,101,TOOYUMM,2862,2862,21,21-VADGAON SHERI,DIST-1001,FIRM-2001,MUKESH AGENCIES,true,2026-06-18T11:21:00.000Z,2026-06-18T07:40:08.337Z
6a6480de0cfec74546fb530e,101,TOOYUMM,2863,2863,21,21-VADGAON SHERI,DIST-1001,FIRM-2001,MUKESH AGENCIES,true,2026-06-18T11:21:00.000Z,2026-06-18T07:40:08.337Z
6a6480de0cfec74546fb530f,101,TOOYUMM,2903,2903,21,21-VADGAON SHERI,DIST-1001,FIRM-2001,MUKESH AGENCIES,true,2026-06-18T11:21:00.000Z,2026-06-18T07:40:08.337Z
6a6480de0cfec74546fb5310,101,TOOYUMM,2904,2904,21,21-VADGAON SHERI,DIST-1001,FIRM-2001,MUKESH AGENCIES,true,2026-06-18T11:21:00.000Z,2026-06-18T07:40:08.337Z
6a6480de0cfec74546fb5311,101,TOOYUMM,2905,2905,21,21-VADGAON SHERI,DIST-1001,FIRM-2001,MUKESH AGENCIES,true,2026-06-18T11:21:00.000Z,2026-06-18T07:40:08.337Z
6a6480de0cfec74546fb5312,101,TOOYUMM,2942,2942,21,21-VADGAON SHERI,DIST-1001,FIRM-2001,MUKESH AGENCIES,true,2026-06-18T11:21:00.000Z,2026-06-18T07:40:08.337Z
6a6480de0cfec74546fb5313,101,TOOYUMM,2943,2943,21,21-VADGAON SHERI,DIST-1001,FIRM-2001,MUKESH AGENCIES,true,2026-06-18T11:21:00.000Z,2026-06-18T07:40:08.337Z
6a6480de0cfec74546fb5314,101,TOOYUMM,2944,2944,21,21-VADGAON SHERI,DIST-1001,FIRM-2001,MUKESH AGENCIES,true,2026-06-18T11:21:00.000Z,2026-06-18T07:40:08.337Z
6a6480de0cfec74546fb5315,101,TOOYUMM,2945,2945,21,21-VADGAON SHERI,DIST-1001,FIRM-2001,MUKESH AGENCIES,true,2026-06-18T11:21:00.000Z,2026-06-18T07:40:08.337Z
6a6480de0cfec74546fb5316,101,TOOYUMM,2951,2951,21,21-VADGAON SHERI,DIST-1001,FIRM-2001,MUKESH AGENCIES,true,2026-06-18T11:21:00.000Z,2026-06-18T07:40:08.337Z
6a6480de0cfec74546fb5317,101,TOOYUMM,2952,2952,21,21-VADGAON SHERI,DIST-1001,FIRM-2001,MUKESH AGENCIES,true,2026-06-18T11:21:00.000Z,2026-06-18T07:40:08.337Z
6a6480de0cfec74546fb5318,101,TOOYUMM,2953,2953,21,21-VADGAON SHERI,DIST-1001,FIRM-2001,MUKESH AGENCIES,true,2026-06-18T11:21:00.000Z,2026-06-18T07:40:08.337Z
6a6480de0cfec74546fb5319,101,TOOYUMM,2954,2954,21,21-VADGAON SHERI,DIST-1001,FIRM-2001,MUKESH AGENCIES,true,2026-06-18T11:21:00.000Z,2026-06-18T07:40:08.337Z
6a6480de0cfec74546fb531a,101,TOOYUMM,2961,2961,21,21-VADGAON SHERI,DIST-1001,FIRM-2001,MUKESH AGENCIES,true,2026-06-18T11:21:00.000Z,2026-06-18T07:40:08.337Z
6a6480de0cfec74546fb531b,101,TOOYUMM,2962,2962,21,21-VADGAON SHERI,DIST-1001,FIRM-2001,MUKESH AGENCIES,true,2026-06-18T11:21:00.000Z,2026-06-18T07:40:08.337Z
6a6480de0cfec74546fb531c,101,TOOYUMM,3026,3026,21,21-VADGAON SHERI,DIST-1001,FIRM-2001,MUKESH AGENCIES,true,2026-06-18T11:21:00.000Z,2026-06-18T07:40:08.337Z
6a6480de0cfec74546fb531d,101,TOOYUMM,3027,3027,21,21-VADGAON SHERI,DIST-1001,FIRM-2001,MUKESH AGENCIES,true,2026-06-18T11:21:00.000Z,2026-06-18T07:40:08.337Z
6a6480de0cfec74546fb531e,101,TOOYUMM,3028,3028,21,21-VADGAON SHERI,DIST-1001,FIRM-2001,MUKESH AGENCIES,true,2026-06-18T11:21:00.000Z,2026-06-18T07:40:08.337Z
6a6480de0cfec74546fb531f,101,TOOYUMM,3059,3059,21,21-VADGAON SHERI,DIST-1001,FIRM-2001,MUKESH AGENCIES,true,2026-06-18T11:21:00.000Z,2026-06-18T07:40:08.337Z
6a6480de0cfec74546fb5320,101,TOOYUMM,3060,3060,21,21-VADGAON SHERI,DIST-1001,FIRM-2001,MUKESH AGENCIES,true,2026-06-18T11:21:00.000Z,2026-06-18T07:40:08.337Z
6a6480de0cfec74546fb5321,101,TOOYUMM,3064,3064,21,21-VADGAON SHERI,DIST-1001,FIRM-2001,MUKESH AGENCIES,true,2026-06-18T11:21:00.000Z,2026-06-18T07:40:08.337Z
6a6480de0cfec74546fb5322,101,TOOYUMM,3067,3067,21,21-VADGAON SHERI,DIST-1001,FIRM-2001,MUKESH AGENCIES,true,2026-06-18T11:21:00.000Z,2026-06-18T07:40:08.337Z
6a6480de0cfec74546fb5323,101,TOOYUMM,3068,3068,21,21-VADGAON SHERI,DIST-1001,FIRM-2001,MUKESH AGENCIES,true,2026-06-18T11:21:00.000Z,2026-06-18T07:40:08.337Z
6a6480de0cfec74546fb5324,101,TOOYUMM,3115,3115,21,21-VADGAON SHERI,DIST-1001,FIRM-2001,MUKESH AGENCIES,true,2026-06-18T11:21:00.000Z,2026-06-18T07:40:08.337Z
6a6480de0cfec74546fb5325,101,TOOYUMM,3117,3117,21,21-VADGAON SHERI,DIST-1001,FIRM-2001,MUKESH AGENCIES,true,2026-06-18T11:21:00.000Z,2026-06-18T07:40:08.337Z
6a6480de0cfec74546fb5326,101,TOOYUMM,3118,3118,21,21-VADGAON SHERI,DIST-1001,FIRM-2001,MUKESH AGENCIES,true,2026-06-18T11:21:00.000Z,2026-06-18T07:40:08.337Z
6a6480de0cfec74546fb5327,101,TOOYUMM,3126,3126,21,21-VADGAON SHERI,DIST-1001,FIRM-2001,MUKESH AGENCIES,true,2026-06-18T11:21:00.000Z,2026-06-18T07:40:08.337Z
6a6480de0cfec74546fb5328,101,TOOYUMM,3127,3127,21,21-VADGAON SHERI,DIST-1001,FIRM-2001,MUKESH AGENCIES,true,2026-06-18T11:21:00.000Z,2026-06-18T07:40:08.337Z
6a6480de0cfec74546fb5329,101,TOOYUMM,3143,3143,21,21-VADGAON SHERI,DIST-1001,FIRM-2001,MUKESH AGENCIES,true,2026-06-18T11:21:00.000Z,2026-06-18T07:40:08.337Z
6a6480de0cfec74546fb532a,101,TOOYUMM,3144,3144,21,21-VADGAON SHERI,DIST-1001,FIRM-2001,MUKESH AGENCIES,true,2026-06-18T11:21:00.000Z,2026-06-18T07:40:08.337Z
6a6480de0cfec74546fb532b,101,TOOYUMM,3145,3145,21,21-VADGAON SHERI,DIST-1001,FIRM-2001,MUKESH AGENCIES,true,2026-06-18T11:21:00.000Z,2026-06-18T07:40:08.337Z
6a6480de0cfec74546fb532c,101,TOOYUMM,3166,3166,21,21-VADGAON SHERI,DIST-1001,FIRM-2001,MUKESH AGENCIES,true,2026-06-18T11:21:00.000Z,2026-06-18T07:40:08.337Z
6a6480de0cfec74546fb532d,101,TOOYUMM,3167,3167,21,21-VADGAON SHERI,DIST-1001,FIRM-2001,MUKESH AGENCIES,true,2026-06-18T11:21:00.000Z,2026-06-18T07:40:08.337Z
6a6480de0cfec74546fb532e,101,TOOYUMM,3168,3168,21,21-VADGAON SHERI,DIST-1001,FIRM-2001,MUKESH AGENCIES,true,2026-06-18T11:21:00.000Z,2026-06-18T07:40:08.337Z
6a6480de0cfec74546fb532f,101,TOOYUMM,3169,3169,21,21-VADGAON SHERI,DIST-1001,FIRM-2001,MUKESH AGENCIES,true,2026-06-18T11:21:00.000Z,2026-06-18T07:40:08.337Z
6a6480de0cfec74546fb5330,101,TOOYUMM,3206,3206,21,21-VADGAON SHERI,DIST-1001,FIRM-2001,MUKESH AGENCIES,true,2026-06-18T11:21:00.000Z,2026-06-18T07:40:08.337Z
6a6480de0cfec74546fb5331,101,TOOYUMM,3207,3207,21,21-VADGAON SHERI,DIST-1001,FIRM-2001,MUKESH AGENCIES,true,2026-06-18T11:21:00.000Z,2026-06-18T07:40:08.337Z
6a6480de0cfec74546fb5332,101,TOOYUMM,3212,3212,21,21-VADGAON SHERI,DIST-1001,FIRM-2001,MUKESH AGENCIES,true,2026-06-18T11:21:00.000Z,2026-06-18T07:40:08.337Z
6a6480de0cfec74546fb5333,101,TOOYUMM,3213,3213,21,21-VADGAON SHERI,DIST-1001,FIRM-2001,MUKESH AGENCIES,true,2026-06-18T11:21:00.000Z,2026-06-18T07:40:08.337Z
6a6480de0cfec74546fb5334,101,TOOYUMM,3217,3217,21,21-VADGAON SHERI,DIST-1001,FIRM-2001,MUKESH AGENCIES,true,2026-06-18T11:21:00.000Z,2026-06-18T07:40:08.337Z
6a6480de0cfec74546fb5335,101,TOOYUMM,3234,3234,21,21-VADGAON SHERI,DIST-1001,FIRM-2001,MUKESH AGENCIES,true,2026-06-18T11:21:00.000Z,2026-06-18T07:40:08.337Z
6a6480de0cfec74546fb5336,101,TOOYUMM,3235,3235,21,21-VADGAON SHERI,DIST-1001,FIRM-2001,MUKESH AGENCIES,true,2026-06-18T11:21:00.000Z,2026-06-18T07:40:08.337Z
6a6480de0cfec74546fb5337,101,TOOYUMM,3246,3246,21,21-VADGAON SHERI,DIST-1001,FIRM-2001,MUKESH AGENCIES,true,2026-06-18T11:21:00.000Z,2026-06-18T07:40:08.337Z
6a6480de0cfec74546fb5338,101,TOOYUMM,3252,3252,21,21-VADGAON SHERI,DIST-1001,FIRM-2001,MUKESH AGENCIES,true,2026-06-18T11:21:00.000Z,2026-06-18T07:40:08.337Z
6a6480de0cfec74546fb5339,101,TOOYUMM,3255,3255,21,21-VADGAON SHERI,DIST-1001,FIRM-2001,MUKESH AGENCIES,true,2026-06-18T11:21:00.000Z,2026-06-18T07:40:08.337Z
6a6480de0cfec74546fb533a,101,TOOYUMM,3256,3256,21,21-VADGAON SHERI,DIST-1001,FIRM-2001,MUKESH AGENCIES,true,2026-06-18T11:21:00.000Z,2026-06-18T07:40:08.337Z
6a6480de0cfec74546fb533b,101,TOOYUMM,3264,3264,21,21-VADGAON SHERI,DIST-1001,FIRM-2001,MUKESH AGENCIES,true,2026-06-18T11:21:00.000Z,2026-06-18T07:40:08.337Z
6a6480de0cfec74546fb533c,101,TOOYUMM,3265,3265,21,21-VADGAON SHERI,DIST-1001,FIRM-2001,MUKESH AGENCIES,true,2026-06-18T11:21:00.000Z,2026-06-18T07:40:08.337Z
6a6480de0cfec74546fb533d,101,TOOYUMM,3266,3266,21,21-VADGAON SHERI,DIST-1001,FIRM-2001,MUKESH AGENCIES,true,2026-06-18T11:21:00.000Z,2026-06-18T07:40:08.337Z
6a6480de0cfec74546fb533e,101,TOOYUMM,3267,3267,21,21-VADGAON SHERI,DIST-1001,FIRM-2001,MUKESH AGENCIES,true,2026-06-18T11:21:00.000Z,2026-06-18T07:40:08.337Z
6a6480de0cfec74546fb533f,101,TOOYUMM,3268,3268,21,21-VADGAON SHERI,DIST-1001,FIRM-2001,MUKESH AGENCIES,true,2026-06-18T11:21:00.000Z,2026-06-18T07:40:08.337Z
6a6480de0cfec74546fb5340,101,TOOYUMM,3269,3269,21,21-VADGAON SHERI,DIST-1001,FIRM-2001,MUKESH AGENCIES,true,2026-06-18T11:21:00.000Z,2026-06-18T07:40:08.337Z
6a6480de0cfec74546fb5341,101,TOOYUMM,3273,3273,21,21-VADGAON SHERI,DIST-1001,FIRM-2001,MUKESH AGENCIES,true,2026-06-18T11:21:00.000Z,2026-06-18T07:40:08.337Z
6a6480de0cfec74546fb5342,101,TOOYUMM,3275,3275,21,21-VADGAON SHERI,DIST-1001,FIRM-2001,MUKESH AGENCIES,true,2026-06-18T11:21:00.000Z,2026-06-18T07:40:08.337Z
6a6480de0cfec74546fb5343,101,TOOYUMM,3286,3286,21,21-VADGAON SHERI,DIST-1001,FIRM-2001,MUKESH AGENCIES,true,2026-06-18T11:21:00.000Z,2026-06-18T07:40:08.337Z
6a6480de0cfec74546fb5344,101,TOOYUMM,3293,3293,21,21-VADGAON SHERI,DIST-1001,FIRM-2001,MUKESH AGENCIES,true,2026-06-18T11:21:00.000Z,2026-06-18T07:40:08.337Z
6a6480de0cfec74546fb5345,101,TOOYUMM,3294,3294,21,21-VADGAON SHERI,DIST-1001,FIRM-2001,MUKESH AGENCIES,true,2026-06-18T11:21:00.000Z,2026-06-18T07:40:08.337Z
6a6480de0cfec74546fb5346,101,TOOYUMM,3299,3299,21,21-VADGAON SHERI,DIST-1001,FIRM-2001,MUKESH AGENCIES,true,2026-06-18T11:21:00.000Z,2026-06-18T07:40:08.337Z
6a6480de0cfec74546fb5347,101,TOOYUMM,3315,3315,21,21-VADGAON SHERI,DIST-1001,FIRM-2001,MUKESH AGENCIES,true,2026-06-18T11:21:00.000Z,2026-06-18T07:40:08.337Z
6a6480de0cfec74546fb5348,101,TOOYUMM,3343,3343,21,21-VADGAON SHERI,DIST-1001,FIRM-2001,MUKESH AGENCIES,true,2026-06-18T11:21:00.000Z,2026-06-18T07:40:08.337Z
6a6480de0cfec74546fb5349,101,TOOYUMM,3344,3344,21,21-VADGAON SHERI,DIST-1001,FIRM-2001,MUKESH AGENCIES,true,2026-06-18T11:21:00.000Z,2026-06-18T07:40:08.337Z
6a6480de0cfec74546fb534a,101,TOOYUMM,3345,3345,21,21-VADGAON SHERI,DIST-1001,FIRM-2001,MUKESH AGENCIES,true,2026-06-18T11:21:00.000Z,2026-06-18T07:40:08.337Z
6a6480de0cfec74546fb534b,101,TOOYUMM,3348,3348,21,21-VADGAON SHERI,DIST-1001,FIRM-2001,MUKESH AGENCIES,true,2026-06-18T11:21:00.000Z,2026-06-18T07:40:08.337Z
6a6480de0cfec74546fb534c,101,TOOYUMM,3349,3349,21,21-VADGAON SHERI,DIST-1001,FIRM-2001,MUKESH AGENCIES,true,2026-06-18T11:21:00.000Z,2026-06-18T07:40:08.337Z
6a6480de0cfec74546fb534d,101,TOOYUMM,3351,3351,21,21-VADGAON SHERI,DIST-1001,FIRM-2001,MUKESH AGENCIES,true,2026-06-18T11:21:00.000Z,2026-06-18T07:40:08.337Z
6a6480de0cfec74546fb534e,101,TOOYUMM,3353,3353,21,21-VADGAON SHERI,DIST-1001,FIRM-2001,MUKESH AGENCIES,true,2026-06-18T11:21:00.000Z,2026-06-18T07:40:08.337Z
6a6480de0cfec74546fb534f,101,TOOYUMM,3392,3392,21,21-VADGAON SHERI,DIST-1001,FIRM-2001,MUKESH AGENCIES,true,2026-06-18T11:21:00.000Z,2026-06-18T07:40:08.337Z
6a6480de0cfec74546fb5350,101,TOOYUMM,3399,3399,21,21-VADGAON SHERI,DIST-1001,FIRM-2001,MUKESH AGENCIES,true,2026-06-18T11:21:00.000Z,2026-06-18T07:40:08.337Z
6a6480de0cfec74546fb5351,101,TOOYUMM,3400,3400,21,21-VADGAON SHERI,DIST-1001,FIRM-2001,MUKESH AGENCIES,true,2026-06-18T11:21:00.000Z,2026-06-18T07:40:08.337Z
6a6480de0cfec74546fb5352,101,TOOYUMM,3401,3401,21,21-VADGAON SHERI,DIST-1001,FIRM-2001,MUKESH AGENCIES,true,2026-06-18T11:21:00.000Z,2026-06-18T07:40:08.337Z
6a6480de0cfec74546fb5353,101,TOOYUMM,3402,3402,21,21-VADGAON SHERI,DIST-1001,FIRM-2001,MUKESH AGENCIES,true,2026-06-18T11:21:00.000Z,2026-06-18T07:40:08.337Z
6a6480de0cfec74546fb5354,101,TOOYUMM,3403,3403,21,21-VADGAON SHERI,DIST-1001,FIRM-2001,MUKESH AGENCIES,true,2026-06-18T11:21:00.000Z,2026-06-18T07:40:08.337Z
6a6480de0cfec74546fb5355,101,TOOYUMM,3406,3406,21,21-VADGAON SHERI,DIST-1001,FIRM-2001,MUKESH AGENCIES,true,2026-06-18T11:21:00.000Z,2026-06-18T07:40:08.337Z
6a6480de0cfec74546fb5356,101,TOOYUMM,3407,3407,21,21-VADGAON SHERI,DIST-1001,FIRM-2001,MUKESH AGENCIES,true,2026-06-18T11:21:00.000Z,2026-06-18T07:40:08.337Z
6a6480de0cfec74546fb5357,101,TOOYUMM,3413,3413,21,21-VADGAON SHERI,DIST-1001,FIRM-2001,MUKESH AGENCIES,true,2026-06-18T11:21:00.000Z,2026-06-18T07:40:08.337Z
6a6480de0cfec74546fb5358,101,TOOYUMM,3414,3414,21,21-VADGAON SHERI,DIST-1001,FIRM-2001,MUKESH AGENCIES,true,2026-06-18T11:21:00.000Z,2026-06-18T07:40:08.337Z
6a6480de0cfec74546fb5359,101,TOOYUMM,3415,3415,21,21-VADGAON SHERI,DIST-1001,FIRM-2001,MUKESH AGENCIES,true,2026-06-18T11:21:00.000Z,2026-06-18T07:40:08.337Z
6a6480de0cfec74546fb535a,101,TOOYUMM,3416,3416,21,21-VADGAON SHERI,DIST-1001,FIRM-2001,MUKESH AGENCIES,true,2026-06-18T11:21:00.000Z,2026-06-18T07:40:08.337Z
6a6480de0cfec74546fb535b,101,TOOYUMM,3417,3417,21,21-VADGAON SHERI,DIST-1001,FIRM-2001,MUKESH AGENCIES,true,2026-06-18T11:21:00.000Z,2026-06-18T07:40:08.337Z
6a6480de0cfec74546fb535c,101,TOOYUMM,3418,3418,21,21-VADGAON SHERI,DIST-1001,FIRM-2001,MUKESH AGENCIES,true,2026-06-18T11:21:00.000Z,2026-06-18T07:40:08.337Z
6a6480de0cfec74546fb535d,101,TOOYUMM,3419,3419,21,21-VADGAON SHERI,DIST-1001,FIRM-2001,MUKESH AGENCIES,true,2026-06-18T11:21:00.000Z,2026-06-18T07:40:08.337Z
6a6480de0cfec74546fb535e,101,TOOYUMM,3420,3420,21,21-VADGAON SHERI,DIST-1001,FIRM-2001,MUKESH AGENCIES,true,2026-06-18T11:21:00.000Z,2026-06-18T07:40:08.337Z
6a6480de0cfec74546fb535f,101,TOOYUMM,3426,3426,21,21-VADGAON SHERI,DIST-1001,FIRM-2001,MUKESH AGENCIES,true,2026-06-18T11:21:00.000Z,2026-06-18T07:40:08.337Z
6a6480de0cfec74546fb5360,101,TOOYUMM,3427,3427,21,21-VADGAON SHERI,DIST-1001,FIRM-2001,MUKESH AGENCIES,true,2026-06-18T11:21:00.000Z,2026-06-18T07:40:08.337Z
6a6480de0cfec74546fb5361,101,TOOYUMM,3428,3428,21,21-VADGAON SHERI,DIST-1001,FIRM-2001,MUKESH AGENCIES,true,2026-06-18T11:21:00.000Z,2026-06-18T07:40:08.337Z
6a6480de0cfec74546fb5362,101,TOOYUMM,3430,3430,21,21-VADGAON SHERI,DIST-1001,FIRM-2001,MUKESH AGENCIES,true,2026-06-18T11:21:00.000Z,2026-06-18T07:40:08.337Z
6a6480de0cfec74546fb5363,101,TOOYUMM,3431,3431,21,21-VADGAON SHERI,DIST-1001,FIRM-2001,MUKESH AGENCIES,true,2026-06-18T11:21:00.000Z,2026-06-18T07:40:08.337Z
6a6480de0cfec74546fb5364,101,TOOYUMM,3432,3432,21,21-VADGAON SHERI,DIST-1001,FIRM-2001,MUKESH AGENCIES,true,2026-06-18T11:21:00.000Z,2026-06-18T07:40:08.337Z
6a6480de0cfec74546fb5365,101,TOOYUMM,3433,3433,21,21-VADGAON SHERI,DIST-1001,FIRM-2001,MUKESH AGENCIES,true,2026-06-18T11:21:00.000Z,2026-06-18T07:40:08.337Z
6a6480de0cfec74546fb5366,101,TOOYUMM,3434,3434,21,21-VADGAON SHERI,DIST-1001,FIRM-2001,MUKESH AGENCIES,true,2026-06-18T11:21:00.000Z,2026-06-18T07:40:08.337Z
6a6480de0cfec74546fb5367,101,TOOYUMM,3439,3439,21,21-VADGAON SHERI,DIST-1001,FIRM-2001,MUKESH AGENCIES,true,2026-06-18T11:21:00.000Z,2026-06-18T07:40:08.337Z
6a6480de0cfec74546fb5368,101,TOOYUMM,3443,3443,21,21-VADGAON SHERI,DIST-1001,FIRM-2001,MUKESH AGENCIES,true,2026-06-18T11:21:00.000Z,2026-06-18T07:40:08.337Z
6a6480de0cfec74546fb5369,101,TOOYUMM,3444,3444,21,21-VADGAON SHERI,DIST-1001,FIRM-2001,MUKESH AGENCIES,true,2026-06-18T11:21:00.000Z,2026-06-18T07:40:08.337Z
6a6480de0cfec74546fb536a,101,TOOYUMM,3450,3450,21,21-VADGAON SHERI,DIST-1001,FIRM-2001,MUKESH AGENCIES,true,2026-06-18T11:21:00.000Z,2026-06-18T07:40:08.337Z
6a6480de0cfec74546fb536b,101,TOOYUMM,3452,3452,21,21-VADGAON SHERI,DIST-1001,FIRM-2001,MUKESH AGENCIES,true,2026-06-18T11:21:00.000Z,2026-06-18T07:40:08.337Z
6a6480de0cfec74546fb536c,101,TOOYUMM,3461,3461,21,21-VADGAON SHERI,DIST-1001,FIRM-2001,MUKESH AGENCIES,true,2026-06-18T11:21:00.000Z,2026-06-18T07:40:08.337Z
6a6480de0cfec74546fb536d,101,TOOYUMM,3479,3479,21,21-VADGAON SHERI,DIST-1001,FIRM-2001,MUKESH AGENCIES,true,2026-06-18T11:21:00.000Z,2026-06-18T07:40:08.337Z
6a6480de0cfec74546fb536e,101,TOOYUMM,3480,3480,21,21-VADGAON SHERI,DIST-1001,FIRM-2001,MUKESH AGENCIES,true,2026-06-18T11:21:00.000Z,2026-06-18T07:40:08.337Z
6a6480de0cfec74546fb536f,101,TOOYUMM,3498,3498,21,21-VADGAON SHERI,DIST-1001,FIRM-2001,MUKESH AGENCIES,true,2026-06-18T11:21:00.000Z,2026-06-18T07:40:08.337Z
6a6480de0cfec74546fb5370,101,TOOYUMM,3499,3499,21,21-VADGAON SHERI,DIST-1001,FIRM-2001,MUKESH AGENCIES,true,2026-06-18T11:21:00.000Z,2026-06-18T07:40:08.337Z
6a6480de0cfec74546fb5371,101,TOOYUMM,3510,3510,21,21-VADGAON SHERI,DIST-1001,FIRM-2001,MUKESH AGENCIES,true,2026-06-18T11:21:00.000Z,2026-06-18T07:40:08.337Z
6a6480de0cfec74546fb5372,101,TOOYUMM,3511,3511,21,21-VADGAON SHERI,DIST-1001,FIRM-2001,MUKESH AGENCIES,true,2026-06-18T11:21:00.000Z,2026-06-18T07:40:08.337Z
6a6480de0cfec74546fb5373,101,TOOYUMM,3540,3540,21,21-VADGAON SHERI,DIST-1001,FIRM-2001,MUKESH AGENCIES,true,2026-06-18T11:21:00.000Z,2026-06-18T07:40:08.337Z
6a6480de0cfec74546fb5374,101,TOOYUMM,3552,3552,21,21-VADGAON SHERI,DIST-1001,FIRM-2001,MUKESH AGENCIES,true,2026-06-18T11:21:00.000Z,2026-06-18T07:40:08.337Z
6a6480de0cfec74546fb5375,101,TOOYUMM,3553,3553,21,21-VADGAON SHERI,DIST-1001,FIRM-2001,MUKESH AGENCIES,true,2026-06-18T11:21:00.000Z,2026-06-18T07:40:08.337Z
6a6480de0cfec74546fb5376,101,TOOYUMM,3583,3583,21,21-VADGAON SHERI,DIST-1001,FIRM-2001,MUKESH AGENCIES,true,2026-06-18T11:21:00.000Z,2026-06-18T07:40:08.337Z
6a6480de0cfec74546fb5377,101,TOOYUMM,3603,3603,21,21-VADGAON SHERI,DIST-1001,FIRM-2001,MUKESH AGENCIES,true,2026-06-18T11:21:00.000Z,2026-06-18T07:40:08.337Z
6a6480de0cfec74546fb5378,101,TOOYUMM,3604,3604,21,21-VADGAON SHERI,DIST-1001,FIRM-2001,MUKESH AGENCIES,true,2026-06-18T11:21:00.000Z,2026-06-18T07:40:08.337Z
6a6480de0cfec74546fb5379,101,TOOYUMM,3605,3605,21,21-VADGAON SHERI,DIST-1001,FIRM-2001,MUKESH AGENCIES,true,2026-06-18T11:21:00.000Z,2026-06-18T07:40:08.337Z
6a6480de0cfec74546fb537a,101,TOOYUMM,3625,3625,21,21-VADGAON SHERI,DIST-1001,FIRM-2001,MUKESH AGENCIES,true,2026-06-18T11:21:00.000Z,2026-06-18T07:40:08.337Z
6a6480de0cfec74546fb537b,101,TOOYUMM,3675,3675,21,21-VADGAON SHERI,DIST-1001,FIRM-2001,MUKESH AGENCIES,true,2026-06-18T11:21:00.000Z,2026-06-18T07:40:08.337Z
6a6480de0cfec74546fb537c,101,TOOYUMM,3676,3676,21,21-VADGAON SHERI,DIST-1001,FIRM-2001,MUKESH AGENCIES,true,2026-06-18T11:21:00.000Z,2026-06-18T07:40:08.337Z
6a6480de0cfec74546fb537d,101,TOOYUMM,3703,3703,21,21-VADGAON SHERI,DIST-1001,FIRM-2001,MUKESH AGENCIES,true,2026-06-18T11:21:00.000Z,2026-06-18T07:40:08.337Z
6a6480de0cfec74546fb537e,101,TOOYUMM,3739,3739,21,21-VADGAON SHERI,DIST-1001,FIRM-2001,MUKESH AGENCIES,true,2026-06-18T11:21:00.000Z,2026-06-18T07:40:08.337Z
6a6480de0cfec74546fb537f,101,TOOYUMM,3810,3810,21,21-VADGAON SHERI,DIST-1001,FIRM-2001,MUKESH AGENCIES,true,2026-06-18T11:21:00.000Z,2026-06-18T07:40:08.337Z
6a6480de0cfec74546fb5380,101,TOOYUMM,3822,3822,21,21-VADGAON SHERI,DIST-1001,FIRM-2001,MUKESH AGENCIES,true,2026-06-18T11:21:00.000Z,2026-06-18T07:40:08.337Z
6a6480de0cfec74546fb5381,101,TOOYUMM,3855,3855,21,21-VADGAON SHERI,DIST-1001,FIRM-2001,MUKESH AGENCIES,true,2026-06-18T11:21:00.000Z,2026-06-18T07:40:08.337Z
6a6480de0cfec74546fb5382,101,TOOYUMM,4000,4000,21,21-VADGAON SHERI,DIST-1001,FIRM-2001,MUKESH AGENCIES,true,2026-06-18T11:21:00.000Z,2026-06-18T07:40:08.337Z
6a6480de0cfec74546fb5383,101,TOOYUMM,4099,4099,21,21-VADGAON SHERI,DIST-1001,FIRM-2001,MUKESH AGENCIES,true,2026-06-18T11:21:00.000Z,2026-06-18T07:40:08.337Z
6a6480de0cfec74546fb5384,101,TOOYUMM,4197,4197,21,21-VADGAON SHERI,DIST-1001,FIRM-2001,MUKESH AGENCIES,true,2026-06-18T11:21:00.000Z,2026-06-18T07:40:08.337Z
6a6480de0cfec74546fb5385,101,TOOYUMM,2704,2704,22,22-VIMAN NAGAR,DIST-1001,FIRM-2001,MUKESH AGENCIES,true,2026-06-18T11:21:00.000Z,2026-06-18T07:40:08.337Z
6a6480de0cfec74546fb5386,101,TOOYUMM,2711,2711,22,22-VIMAN NAGAR,DIST-1001,FIRM-2001,MUKESH AGENCIES,true,2026-06-18T11:21:00.000Z,2026-06-18T07:40:08.337Z
6a6480de0cfec74546fb5387,101,TOOYUMM,2712,2712,22,22-VIMAN NAGAR,DIST-1001,FIRM-2001,MUKESH AGENCIES,true,2026-06-18T11:21:00.000Z,2026-06-18T07:40:08.337Z
6a6480de0cfec74546fb5388,101,TOOYUMM,2713,2713,22,22-VIMAN NAGAR,DIST-1001,FIRM-2001,MUKESH AGENCIES,true,2026-06-18T11:21:00.000Z,2026-06-18T07:40:08.337Z
6a6480de0cfec74546fb5389,101,TOOYUMM,2714,2714,22,22-VIMAN NAGAR,DIST-1001,FIRM-2001,MUKESH AGENCIES,true,2026-06-18T11:21:00.000Z,2026-06-18T07:40:08.337Z
6a6480de0cfec74546fb538a,101,TOOYUMM,2715,2715,22,22-VIMAN NAGAR,DIST-1001,FIRM-2001,MUKESH AGENCIES,true,2026-06-18T11:21:00.000Z,2026-06-18T07:40:08.337Z
6a6480de0cfec74546fb538b,101,TOOYUMM,2716,2716,22,22-VIMAN NAGAR,DIST-1001,FIRM-2001,MUKESH AGENCIES,true,2026-06-18T11:21:00.000Z,2026-06-18T07:40:08.337Z
6a6480de0cfec74546fb538c,101,TOOYUMM,2717,2717,22,22-VIMAN NAGAR,DIST-1001,FIRM-2001,MUKESH AGENCIES,true,2026-06-18T11:21:00.000Z,2026-06-18T07:40:08.337Z
6a6480de0cfec74546fb538d,101,TOOYUMM,2718,2718,22,22-VIMAN NAGAR,DIST-1001,FIRM-2001,MUKESH AGENCIES,true,2026-06-18T11:21:00.000Z,2026-06-18T07:40:08.337Z
6a6480de0cfec74546fb538e,101,TOOYUMM,2910,2910,22,22-VIMAN NAGAR,DIST-1001,FIRM-2001,MUKESH AGENCIES,true,2026-06-18T11:21:00.000Z,2026-06-18T07:40:08.337Z
6a6480de0cfec74546fb538f,101,TOOYUMM,2935,2935,22,22-VIMAN NAGAR,DIST-1001,FIRM-2001,MUKESH AGENCIES,true,2026-06-18T11:21:00.000Z,2026-06-18T07:40:08.337Z
6a6480de0cfec74546fb5390,101,TOOYUMM,2936,2936,22,22-VIMAN NAGAR,DIST-1001,FIRM-2001,MUKESH AGENCIES,true,2026-06-18T11:21:00.000Z,2026-06-18T07:40:08.337Z
6a6480de0cfec74546fb5391,101,TOOYUMM,2937,2937,22,22-VIMAN NAGAR,DIST-1001,FIRM-2001,MUKESH AGENCIES,true,2026-06-18T11:21:00.000Z,2026-06-18T07:40:08.337Z
6a6480de0cfec74546fb5392,101,TOOYUMM,2938,2938,22,22-VIMAN NAGAR,DIST-1001,FIRM-2001,MUKESH AGENCIES,true,2026-06-18T11:21:00.000Z,2026-06-18T07:40:08.337Z
6a6480de0cfec74546fb5393,101,TOOYUMM,2939,2939,22,22-VIMAN NAGAR,DIST-1001,FIRM-2001,MUKESH AGENCIES,true,2026-06-18T11:21:00.000Z,2026-06-18T07:40:08.337Z
6a6480de0cfec74546fb5394,101,TOOYUMM,2940,2940,22,22-VIMAN NAGAR,DIST-1001,FIRM-2001,MUKESH AGENCIES,true,2026-06-18T11:21:00.000Z,2026-06-18T07:40:08.337Z
6a6480de0cfec74546fb5395,101,TOOYUMM,2941,2941,22,22-VIMAN NAGAR,DIST-1001,FIRM-2001,MUKESH AGENCIES,true,2026-06-18T11:21:00.000Z,2026-06-18T07:40:08.337Z
6a6480de0cfec74546fb5396,101,TOOYUMM,2955,2955,22,22-VIMAN NAGAR,DIST-1001,FIRM-2001,MUKESH AGENCIES,true,2026-06-18T11:21:00.000Z,2026-06-18T07:40:08.337Z
6a6480de0cfec74546fb5397,101,TOOYUMM,2956,2956,22,22-VIMAN NAGAR,DIST-1001,FIRM-2001,MUKESH AGENCIES,true,2026-06-18T11:21:00.000Z,2026-06-18T07:40:08.337Z
6a6480de0cfec74546fb5398,101,TOOYUMM,2957,2957,22,22-VIMAN NAGAR,DIST-1001,FIRM-2001,MUKESH AGENCIES,true,2026-06-18T11:21:00.000Z,2026-06-18T07:40:08.337Z
6a6480de0cfec74546fb5399,101,TOOYUMM,2958,2958,22,22-VIMAN NAGAR,DIST-1001,FIRM-2001,MUKESH AGENCIES,true,2026-06-18T11:21:00.000Z,2026-06-18T07:40:08.337Z
6a6480de0cfec74546fb539a,101,TOOYUMM,3039,3039,22,22-VIMAN NAGAR,DIST-1001,FIRM-2001,MUKESH AGENCIES,true,2026-06-18T11:21:00.000Z,2026-06-18T07:40:08.337Z
6a6480de0cfec74546fb539b,101,TOOYUMM,3078,3078,22,22-VIMAN NAGAR,DIST-1001,FIRM-2001,MUKESH AGENCIES,true,2026-06-18T11:21:00.000Z,2026-06-18T07:40:08.337Z
6a6480de0cfec74546fb539c,101,TOOYUMM,3084,3084,22,22-VIMAN NAGAR,DIST-1001,FIRM-2001,MUKESH AGENCIES,true,2026-06-18T11:21:00.000Z,2026-06-18T07:40:08.337Z
6a6480de0cfec74546fb539d,101,TOOYUMM,3090,3090,22,22-VIMAN NAGAR,DIST-1001,FIRM-2001,MUKESH AGENCIES,true,2026-06-18T11:21:00.000Z,2026-06-18T07:40:08.337Z
6a6480de0cfec74546fb539e,101,TOOYUMM,3091,3091,22,22-VIMAN NAGAR,DIST-1001,FIRM-2001,MUKESH AGENCIES,true,2026-06-18T11:21:00.000Z,2026-06-18T07:40:08.337Z
6a6480de0cfec74546fb539f,101,TOOYUMM,3092,3092,22,22-VIMAN NAGAR,DIST-1001,FIRM-2001,MUKESH AGENCIES,true,2026-06-18T11:21:00.000Z,2026-06-18T07:40:08.337Z
6a6480de0cfec74546fb53a0,101,TOOYUMM,3093,3093,22,22-VIMAN NAGAR,DIST-1001,FIRM-2001,MUKESH AGENCIES,true,2026-06-18T11:21:00.000Z,2026-06-18T07:40:08.337Z
6a6480de0cfec74546fb53a1,101,TOOYUMM,3116,3116,22,22-VIMAN NAGAR,DIST-1001,FIRM-2001,MUKESH AGENCIES,true,2026-06-18T11:21:00.000Z,2026-06-18T07:40:08.337Z
6a6480de0cfec74546fb53a2,101,TOOYUMM,3124,3124,22,22-VIMAN NAGAR,DIST-1001,FIRM-2001,MUKESH AGENCIES,true,2026-06-18T11:21:00.000Z,2026-06-18T07:40:08.337Z
6a6480de0cfec74546fb53a3,101,TOOYUMM,3125,3125,22,22-VIMAN NAGAR,DIST-1001,FIRM-2001,MUKESH AGENCIES,true,2026-06-18T11:21:00.000Z,2026-06-18T07:40:08.337Z
6a6480de0cfec74546fb53a4,101,TOOYUMM,3135,3135,22,22-VIMAN NAGAR,DIST-1001,FIRM-2001,MUKESH AGENCIES,true,2026-06-18T11:21:00.000Z,2026-06-18T07:40:08.337Z
6a6480de0cfec74546fb53a5,101,TOOYUMM,3136,3136,22,22-VIMAN NAGAR,DIST-1001,FIRM-2001,MUKESH AGENCIES,true,2026-06-18T11:21:00.000Z,2026-06-18T07:40:08.337Z
6a6480de0cfec74546fb53a6,101,TOOYUMM,3180,3180,22,22-VIMAN NAGAR,DIST-1001,FIRM-2001,MUKESH AGENCIES,true,2026-06-18T11:21:00.000Z,2026-06-18T07:40:08.337Z
6a6480de0cfec74546fb53a7,101,TOOYUMM,3195,3195,22,22-VIMAN NAGAR,DIST-1001,FIRM-2001,MUKESH AGENCIES,true,2026-06-18T11:21:00.000Z,2026-06-18T07:40:08.337Z
6a6480de0cfec74546fb53a8,101,TOOYUMM,3210,3210,22,22-VIMAN NAGAR,DIST-1001,FIRM-2001,MUKESH AGENCIES,true,2026-06-18T11:21:00.000Z,2026-06-18T07:40:08.337Z
6a6480de0cfec74546fb53a9,101,TOOYUMM,3216,3216,22,22-VIMAN NAGAR,DIST-1001,FIRM-2001,MUKESH AGENCIES,true,2026-06-18T11:21:00.000Z,2026-06-18T07:40:08.337Z
6a6480de0cfec74546fb53aa,101,TOOYUMM,3226,3226,22,22-VIMAN NAGAR,DIST-1001,FIRM-2001,MUKESH AGENCIES,true,2026-06-18T11:21:00.000Z,2026-06-18T07:40:08.337Z
6a6480de0cfec74546fb53ab,101,TOOYUMM,3231,3231,22,22-VIMAN NAGAR,DIST-1001,FIRM-2001,MUKESH AGENCIES,true,2026-06-18T11:21:00.000Z,2026-06-18T07:40:08.337Z
6a6480de0cfec74546fb53ac,101,TOOYUMM,3261,3261,22,22-VIMAN NAGAR,DIST-1001,FIRM-2001,MUKESH AGENCIES,true,2026-06-18T11:21:00.000Z,2026-06-18T07:40:08.337Z
6a6480de0cfec74546fb53ad,101,TOOYUMM,3262,3262,22,22-VIMAN NAGAR,DIST-1001,FIRM-2001,MUKESH AGENCIES,true,2026-06-18T11:21:00.000Z,2026-06-18T07:40:08.337Z
6a6480de0cfec74546fb53ae,101,TOOYUMM,3277,3277,22,22-VIMAN NAGAR,DIST-1001,FIRM-2001,MUKESH AGENCIES,true,2026-06-18T11:21:00.000Z,2026-06-18T07:40:08.337Z
6a6480de0cfec74546fb53af,101,TOOYUMM,3278,3278,22,22-VIMAN NAGAR,DIST-1001,FIRM-2001,MUKESH AGENCIES,true,2026-06-18T11:21:00.000Z,2026-06-18T07:40:08.337Z
6a6480de0cfec74546fb53b0,101,TOOYUMM,3290,3290,22,22-VIMAN NAGAR,DIST-1001,FIRM-2001,MUKESH AGENCIES,true,2026-06-18T11:21:00.000Z,2026-06-18T07:40:08.337Z
6a6480de0cfec74546fb53b1,101,TOOYUMM,3298,3298,22,22-VIMAN NAGAR,DIST-1001,FIRM-2001,MUKESH AGENCIES,true,2026-06-18T11:21:00.000Z,2026-06-18T07:40:08.337Z
6a6480de0cfec74546fb53b2,101,TOOYUMM,3442,3442,22,22-VIMAN NAGAR,DIST-1001,FIRM-2001,MUKESH AGENCIES,true,2026-06-18T11:21:00.000Z,2026-06-18T07:40:08.337Z
6a6480de0cfec74546fb53b3,101,TOOYUMM,3446,3446,22,22-VIMAN NAGAR,DIST-1001,FIRM-2001,MUKESH AGENCIES,true,2026-06-18T11:21:00.000Z,2026-06-18T07:40:08.337Z
6a6480de0cfec74546fb53b4,101,TOOYUMM,3451,3451,22,22-VIMAN NAGAR,DIST-1001,FIRM-2001,MUKESH AGENCIES,true,2026-06-18T11:21:00.000Z,2026-06-18T07:40:08.337Z
6a6480de0cfec74546fb53b5,101,TOOYUMM,3453,3453,22,22-VIMAN NAGAR,DIST-1001,FIRM-2001,MUKESH AGENCIES,true,2026-06-18T11:21:00.000Z,2026-06-18T07:40:08.337Z
6a6480de0cfec74546fb53b6,101,TOOYUMM,3454,3454,22,22-VIMAN NAGAR,DIST-1001,FIRM-2001,MUKESH AGENCIES,true,2026-06-18T11:21:00.000Z,2026-06-18T07:40:08.337Z
6a6480de0cfec74546fb53b7,101,TOOYUMM,3455,3455,22,22-VIMAN NAGAR,DIST-1001,FIRM-2001,MUKESH AGENCIES,true,2026-06-18T11:21:00.000Z,2026-06-18T07:40:08.337Z
6a6480de0cfec74546fb53b8,101,TOOYUMM,3456,3456,22,22-VIMAN NAGAR,DIST-1001,FIRM-2001,MUKESH AGENCIES,true,2026-06-18T11:21:00.000Z,2026-06-18T07:40:08.337Z
6a6480de0cfec74546fb53b9,101,TOOYUMM,3463,3463,22,22-VIMAN NAGAR,DIST-1001,FIRM-2001,MUKESH AGENCIES,true,2026-06-18T11:21:00.000Z,2026-06-18T07:40:08.337Z
6a6480de0cfec74546fb53ba,101,TOOYUMM,3464,3464,22,22-VIMAN NAGAR,DIST-1001,FIRM-2001,MUKESH AGENCIES,true,2026-06-18T11:21:00.000Z,2026-06-18T07:40:08.337Z
6a6480de0cfec74546fb53bb,101,TOOYUMM,3514,3514,22,22-VIMAN NAGAR,DIST-1001,FIRM-2001,MUKESH AGENCIES,true,2026-06-18T11:21:00.000Z,2026-06-18T07:40:08.337Z
6a6480de0cfec74546fb53bc,101,TOOYUMM,3524,3524,22,22-VIMAN NAGAR,DIST-1001,FIRM-2001,MUKESH AGENCIES,true,2026-06-18T11:21:00.000Z,2026-06-18T07:40:08.337Z
6a6480de0cfec74546fb53bd,101,TOOYUMM,3544,3544,22,22-VIMAN NAGAR,DIST-1001,FIRM-2001,MUKESH AGENCIES,true,2026-06-18T11:21:00.000Z,2026-06-18T07:40:08.337Z
6a6480de0cfec74546fb53be,101,TOOYUMM,3564,3564,22,22-VIMAN NAGAR,DIST-1001,FIRM-2001,MUKESH AGENCIES,true,2026-06-18T11:21:00.000Z,2026-06-18T07:40:08.337Z
6a6480de0cfec74546fb53bf,101,TOOYUMM,3582,3582,22,22-VIMAN NAGAR,DIST-1001,FIRM-2001,MUKESH AGENCIES,true,2026-06-18T11:21:00.000Z,2026-06-18T07:40:08.337Z
6a6480de0cfec74546fb53c0,101,TOOYUMM,3602,3602,22,22-VIMAN NAGAR,DIST-1001,FIRM-2001,MUKESH AGENCIES,true,2026-06-18T11:21:00.000Z,2026-06-18T07:40:08.337Z
6a6480de0cfec74546fb53c1,101,TOOYUMM,3627,3627,22,22-VIMAN NAGAR,DIST-1001,FIRM-2001,MUKESH AGENCIES,true,2026-06-18T11:21:00.000Z,2026-06-18T07:40:08.337Z
6a6480de0cfec74546fb53c2,101,TOOYUMM,3645,3645,22,22-VIMAN NAGAR,DIST-1001,FIRM-2001,MUKESH AGENCIES,true,2026-06-18T11:21:00.000Z,2026-06-18T07:40:08.337Z
6a6480de0cfec74546fb53c3,101,TOOYUMM,3646,3646,22,22-VIMAN NAGAR,DIST-1001,FIRM-2001,MUKESH AGENCIES,true,2026-06-18T11:21:00.000Z,2026-06-18T07:40:08.337Z
6a6480de0cfec74546fb53c4,101,TOOYUMM,3647,3647,22,22-VIMAN NAGAR,DIST-1001,FIRM-2001,MUKESH AGENCIES,true,2026-06-18T11:21:00.000Z,2026-06-18T07:40:08.337Z
6a6480de0cfec74546fb53c5,101,TOOYUMM,3648,3648,22,22-VIMAN NAGAR,DIST-1001,FIRM-2001,MUKESH AGENCIES,true,2026-06-18T11:21:00.000Z,2026-06-18T07:40:08.337Z
6a6480de0cfec74546fb53c6,101,TOOYUMM,3665,3665,22,22-VIMAN NAGAR,DIST-1001,FIRM-2001,MUKESH AGENCIES,true,2026-06-18T11:21:00.000Z,2026-06-18T07:40:08.337Z
6a6480de0cfec74546fb53c7,101,TOOYUMM,3685,3685,22,22-VIMAN NAGAR,DIST-1001,FIRM-2001,MUKESH AGENCIES,true,2026-06-18T11:21:00.000Z,2026-06-18T07:40:08.337Z
6a6480de0cfec74546fb53c8,101,TOOYUMM,3686,3686,22,22-VIMAN NAGAR,DIST-1001,FIRM-2001,MUKESH AGENCIES,true,2026-06-18T11:21:00.000Z,2026-06-18T07:40:08.337Z
6a6480de0cfec74546fb53c9,101,TOOYUMM,3687,3687,22,22-VIMAN NAGAR,DIST-1001,FIRM-2001,MUKESH AGENCIES,true,2026-06-18T11:21:00.000Z,2026-06-18T07:40:08.337Z
6a6480de0cfec74546fb53ca,101,TOOYUMM,3698,3698,22,22-VIMAN NAGAR,DIST-1001,FIRM-2001,MUKESH AGENCIES,true,2026-06-18T11:21:00.000Z,2026-06-18T07:40:08.337Z
6a6480de0cfec74546fb53cb,101,TOOYUMM,3706,3706,22,22-VIMAN NAGAR,DIST-1001,FIRM-2001,MUKESH AGENCIES,true,2026-06-18T11:21:00.000Z,2026-06-18T07:40:08.337Z
6a6480de0cfec74546fb53cc,101,TOOYUMM,3721,3721,22,22-VIMAN NAGAR,DIST-1001,FIRM-2001,MUKESH AGENCIES,true,2026-06-18T11:21:00.000Z,2026-06-18T07:40:08.337Z
6a6480de0cfec74546fb53cd,101,TOOYUMM,3728,3728,22,22-VIMAN NAGAR,DIST-1001,FIRM-2001,MUKESH AGENCIES,true,2026-06-18T11:21:00.000Z,2026-06-18T07:40:08.337Z
6a6480de0cfec74546fb53ce,101,TOOYUMM,3772,3772,22,22-VIMAN NAGAR,DIST-1001,FIRM-2001,MUKESH AGENCIES,true,2026-06-18T11:21:00.000Z,2026-06-18T07:40:08.337Z
6a6480de0cfec74546fb53cf,101,TOOYUMM,3815,3815,22,22-VIMAN NAGAR,DIST-1001,FIRM-2001,MUKESH AGENCIES,true,2026-06-18T11:21:00.000Z,2026-06-18T07:40:08.337Z
6a6480de0cfec74546fb53d0,101,TOOYUMM,3820,3820,22,22-VIMAN NAGAR,DIST-1001,FIRM-2001,MUKESH AGENCIES,true,2026-06-18T11:21:00.000Z,2026-06-18T07:40:08.337Z
6a6480de0cfec74546fb53d1,101,TOOYUMM,3821,3821,22,22-VIMAN NAGAR,DIST-1001,FIRM-2001,MUKESH AGENCIES,true,2026-06-18T11:21:00.000Z,2026-06-18T07:40:08.337Z
6a6480de0cfec74546fb53d2,101,TOOYUMM,3966,3966,22,22-VIMAN NAGAR,DIST-1001,FIRM-2001,MUKESH AGENCIES,true,2026-06-18T11:21:00.000Z,2026-06-18T07:40:08.337Z
6a6480de0cfec74546fb53d3,101,TOOYUMM,3967,3967,22,22-VIMAN NAGAR,DIST-1001,FIRM-2001,MUKESH AGENCIES,true,2026-06-18T11:21:00.000Z,2026-06-18T07:40:08.337Z
6a6480de0cfec74546fb53d4,101,TOOYUMM,3968,3968,22,22-VIMAN NAGAR,DIST-1001,FIRM-2001,MUKESH AGENCIES,true,2026-06-18T11:21:00.000Z,2026-06-18T07:40:08.337Z
6a6480de0cfec74546fb53d5,101,TOOYUMM,4019,4019,22,22-VIMAN NAGAR,DIST-1001,FIRM-2001,MUKESH AGENCIES,true,2026-06-18T11:21:00.000Z,2026-06-18T07:40:08.337Z
6a6480de0cfec74546fb53d6,101,TOOYUMM,4020,4020,22,22-VIMAN NAGAR,DIST-1001,FIRM-2001,MUKESH AGENCIES,true,2026-06-18T11:21:00.000Z,2026-06-18T07:40:08.337Z
6a6480de0cfec74546fb53d7,101,TOOYUMM,4077,4077,22,22-VIMAN NAGAR,DIST-1001,FIRM-2001,MUKESH AGENCIES,true,2026-06-18T11:21:00.000Z,2026-06-18T07:40:08.337Z
6a6480de0cfec74546fb53d8,101,TOOYUMM,4224,4224,22,22-VIMAN NAGAR,DIST-1001,FIRM-2001,MUKESH AGENCIES,true,2026-06-18T11:21:00.000Z,2026-06-18T07:40:08.337Z
6a6480de0cfec74546fb53d9,101,TOOYUMM,2719,2719,23,23-WAGHOLI,DIST-1001,FIRM-2001,MUKESH AGENCIES,true,2026-06-18T11:21:00.000Z,2026-06-18T07:40:08.337Z
6a6480de0cfec74546fb53da,101,TOOYUMM,2720,2720,23,23-WAGHOLI,DIST-1001,FIRM-2001,MUKESH AGENCIES,true,2026-06-18T11:21:00.000Z,2026-06-18T07:40:08.337Z
6a6480de0cfec74546fb53db,101,TOOYUMM,2721,2721,23,23-WAGHOLI,DIST-1001,FIRM-2001,MUKESH AGENCIES,true,2026-06-18T11:21:00.000Z,2026-06-18T07:40:08.337Z
6a6480de0cfec74546fb53dc,101,TOOYUMM,2722,2722,23,23-WAGHOLI,DIST-1001,FIRM-2001,MUKESH AGENCIES,true,2026-06-18T11:21:00.000Z,2026-06-18T07:40:08.337Z
6a6480de0cfec74546fb53dd,101,TOOYUMM,2723,2723,23,23-WAGHOLI,DIST-1001,FIRM-2001,MUKESH AGENCIES,true,2026-06-18T11:21:00.000Z,2026-06-18T07:40:08.337Z
6a6480de0cfec74546fb53de,101,TOOYUMM,2724,2724,23,23-WAGHOLI,DIST-1001,FIRM-2001,MUKESH AGENCIES,true,2026-06-18T11:21:00.000Z,2026-06-18T07:40:08.337Z
6a6480de0cfec74546fb53df,101,TOOYUMM,2725,2725,23,23-WAGHOLI,DIST-1001,FIRM-2001,MUKESH AGENCIES,true,2026-06-18T11:21:00.000Z,2026-06-18T07:40:08.337Z
6a6480de0cfec74546fb53e0,101,TOOYUMM,2726,2726,23,23-WAGHOLI,DIST-1001,FIRM-2001,MUKESH AGENCIES,true,2026-06-18T11:21:00.000Z,2026-06-18T07:40:08.337Z
6a6480de0cfec74546fb53e1,101,TOOYUMM,2727,2727,23,23-WAGHOLI,DIST-1001,FIRM-2001,MUKESH AGENCIES,true,2026-06-18T11:21:00.000Z,2026-06-18T07:40:08.337Z
6a6480de0cfec74546fb53e2,101,TOOYUMM,2787,2787,23,23-WAGHOLI,DIST-1001,FIRM-2001,MUKESH AGENCIES,true,2026-06-18T11:21:00.000Z,2026-06-18T07:40:08.337Z
6a6480de0cfec74546fb53e3,101,TOOYUMM,2788,2788,23,23-WAGHOLI,DIST-1001,FIRM-2001,MUKESH AGENCIES,true,2026-06-18T11:21:00.000Z,2026-06-18T07:40:08.337Z
6a6480de0cfec74546fb53e4,101,TOOYUMM,2789,2789,23,23-WAGHOLI,DIST-1001,FIRM-2001,MUKESH AGENCIES,true,2026-06-18T11:21:00.000Z,2026-06-18T07:40:08.337Z
6a6480de0cfec74546fb53e5,101,TOOYUMM,2790,2790,23,23-WAGHOLI,DIST-1001,FIRM-2001,MUKESH AGENCIES,true,2026-06-18T11:21:00.000Z,2026-06-18T07:40:08.337Z
6a6480de0cfec74546fb53e6,101,TOOYUMM,2791,2791,23,23-WAGHOLI,DIST-1001,FIRM-2001,MUKESH AGENCIES,true,2026-06-18T11:21:00.000Z,2026-06-18T07:40:08.337Z
6a6480de0cfec74546fb53e7,101,TOOYUMM,2792,2792,23,23-WAGHOLI,DIST-1001,FIRM-2001,MUKESH AGENCIES,true,2026-06-18T11:21:00.000Z,2026-06-18T07:40:08.337Z
6a6480de0cfec74546fb53e8,101,TOOYUMM,2793,2793,23,23-WAGHOLI,DIST-1001,FIRM-2001,MUKESH AGENCIES,true,2026-06-18T11:21:00.000Z,2026-06-18T07:40:08.337Z
6a6480de0cfec74546fb53e9,101,TOOYUMM,2794,2794,23,23-WAGHOLI,DIST-1001,FIRM-2001,MUKESH AGENCIES,true,2026-06-18T11:21:00.000Z,2026-06-18T07:40:08.337Z
6a6480de0cfec74546fb53ea,101,TOOYUMM,2795,2795,23,23-WAGHOLI,DIST-1001,FIRM-2001,MUKESH AGENCIES,true,2026-06-18T11:21:00.000Z,2026-06-18T07:40:08.337Z
6a6480de0cfec74546fb53eb,101,TOOYUMM,2796,2796,23,23-WAGHOLI,DIST-1001,FIRM-2001,MUKESH AGENCIES,true,2026-06-18T11:21:00.000Z,2026-06-18T07:40:08.337Z
6a6480de0cfec74546fb53ec,101,TOOYUMM,2797,2797,23,23-WAGHOLI,DIST-1001,FIRM-2001,MUKESH AGENCIES,true,2026-06-18T11:21:00.000Z,2026-06-18T07:40:08.337Z
6a6480de0cfec74546fb53ed,101,TOOYUMM,2809,2809,23,23-WAGHOLI,DIST-1001,FIRM-2001,MUKESH AGENCIES,true,2026-06-18T11:21:00.000Z,2026-06-18T07:40:08.337Z
6a6480de0cfec74546fb53ee,101,TOOYUMM,2810,2810,23,23-WAGHOLI,DIST-1001,FIRM-2001,MUKESH AGENCIES,true,2026-06-18T11:21:00.000Z,2026-06-18T07:40:08.337Z
6a6480de0cfec74546fb53ef,101,TOOYUMM,2811,2811,23,23-WAGHOLI,DIST-1001,FIRM-2001,MUKESH AGENCIES,true,2026-06-18T11:21:00.000Z,2026-06-18T07:40:08.337Z
6a6480de0cfec74546fb53f0,101,TOOYUMM,2812,2812,23,23-WAGHOLI,DIST-1001,FIRM-2001,MUKESH AGENCIES,true,2026-06-18T11:21:00.000Z,2026-06-18T07:40:08.337Z
6a6480de0cfec74546fb53f1,101,TOOYUMM,2813,2813,23,23-WAGHOLI,DIST-1001,FIRM-2001,MUKESH AGENCIES,true,2026-06-18T11:21:00.000Z,2026-06-18T07:40:08.337Z
6a6480de0cfec74546fb53f2,101,TOOYUMM,2814,2814,23,23-WAGHOLI,DIST-1001,FIRM-2001,MUKESH AGENCIES,true,2026-06-18T11:21:00.000Z,2026-06-18T07:40:08.337Z
6a6480de0cfec74546fb53f3,101,TOOYUMM,2815,2815,23,23-WAGHOLI,DIST-1001,FIRM-2001,MUKESH AGENCIES,true,2026-06-18T11:21:00.000Z,2026-06-18T07:40:08.337Z
6a6480de0cfec74546fb53f4,101,TOOYUMM,2816,2816,23,23-WAGHOLI,DIST-1001,FIRM-2001,MUKESH AGENCIES,true,2026-06-18T11:21:00.000Z,2026-06-18T07:40:08.337Z
6a6480de0cfec74546fb53f5,101,TOOYUMM,2817,2817,23,23-WAGHOLI,DIST-1001,FIRM-2001,MUKESH AGENCIES,true,2026-06-18T11:21:00.000Z,2026-06-18T07:40:08.337Z
6a6480de0cfec74546fb53f6,101,TOOYUMM,2818,2818,23,23-WAGHOLI,DIST-1001,FIRM-2001,MUKESH AGENCIES,true,2026-06-18T11:21:00.000Z,2026-06-18T07:40:08.337Z
6a6480de0cfec74546fb53f7,101,TOOYUMM,2819,2819,23,23-WAGHOLI,DIST-1001,FIRM-2001,MUKESH AGENCIES,true,2026-06-18T11:21:00.000Z,2026-06-18T07:40:08.337Z
6a6480de0cfec74546fb53f8,101,TOOYUMM,2820,2820,23,23-WAGHOLI,DIST-1001,FIRM-2001,MUKESH AGENCIES,true,2026-06-18T11:21:00.000Z,2026-06-18T07:40:08.337Z
6a6480de0cfec74546fb53f9,101,TOOYUMM,2821,2821,23,23-WAGHOLI,DIST-1001,FIRM-2001,MUKESH AGENCIES,true,2026-06-18T11:21:00.000Z,2026-06-18T07:40:08.337Z
6a6480de0cfec74546fb53fa,101,TOOYUMM,2822,2822,23,23-WAGHOLI,DIST-1001,FIRM-2001,MUKESH AGENCIES,true,2026-06-18T11:21:00.000Z,2026-06-18T07:40:08.337Z
6a6480de0cfec74546fb53fb,101,TOOYUMM,2823,2823,23,23-WAGHOLI,DIST-1001,FIRM-2001,MUKESH AGENCIES,true,2026-06-18T11:21:00.000Z,2026-06-18T07:40:08.337Z
6a6480de0cfec74546fb53fc,101,TOOYUMM,2824,2824,23,23-WAGHOLI,DIST-1001,FIRM-2001,MUKESH AGENCIES,true,2026-06-18T11:21:00.000Z,2026-06-18T07:40:08.337Z
6a6480de0cfec74546fb53fd,101,TOOYUMM,2825,2825,23,23-WAGHOLI,DIST-1001,FIRM-2001,MUKESH AGENCIES,true,2026-06-18T11:21:00.000Z,2026-06-18T07:40:08.337Z
6a6480de0cfec74546fb53fe,101,TOOYUMM,2826,2826,23,23-WAGHOLI,DIST-1001,FIRM-2001,MUKESH AGENCIES,true,2026-06-18T11:21:00.000Z,2026-06-18T07:40:08.337Z
6a6480de0cfec74546fb53ff,101,TOOYUMM,2827,2827,23,23-WAGHOLI,DIST-1001,FIRM-2001,MUKESH AGENCIES,true,2026-06-18T11:21:00.000Z,2026-06-18T07:40:08.337Z
6a6480de0cfec74546fb5400,101,TOOYUMM,2828,2828,23,23-WAGHOLI,DIST-1001,FIRM-2001,MUKESH AGENCIES,true,2026-06-18T11:21:00.000Z,2026-06-18T07:40:08.337Z
6a6480de0cfec74546fb5401,101,TOOYUMM,2829,2829,23,23-WAGHOLI,DIST-1001,FIRM-2001,MUKESH AGENCIES,true,2026-06-18T11:21:00.000Z,2026-06-18T07:40:08.337Z
6a6480de0cfec74546fb5402,101,TOOYUMM,2865,2865,23,23-WAGHOLI,DIST-1001,FIRM-2001,MUKESH AGENCIES,true,2026-06-18T11:21:00.000Z,2026-06-18T07:40:08.337Z
6a6480de0cfec74546fb5403,101,TOOYUMM,2866,2866,23,23-WAGHOLI,DIST-1001,FIRM-2001,MUKESH AGENCIES,true,2026-06-18T11:21:00.000Z,2026-06-18T07:40:08.337Z
6a6480de0cfec74546fb5404,101,TOOYUMM,2867,2867,23,23-WAGHOLI,DIST-1001,FIRM-2001,MUKESH AGENCIES,true,2026-06-18T11:21:00.000Z,2026-06-18T07:40:08.337Z
6a6480de0cfec74546fb5405,101,TOOYUMM,2868,2868,23,23-WAGHOLI,DIST-1001,FIRM-2001,MUKESH AGENCIES,true,2026-06-18T11:21:00.000Z,2026-06-18T07:40:08.337Z
6a6480de0cfec74546fb5406,101,TOOYUMM,2869,2869,23,23-WAGHOLI,DIST-1001,FIRM-2001,MUKESH AGENCIES,true,2026-06-18T11:21:00.000Z,2026-06-18T07:40:08.337Z
6a6480de0cfec74546fb5407,101,TOOYUMM,2870,2870,23,23-WAGHOLI,DIST-1001,FIRM-2001,MUKESH AGENCIES,true,2026-06-18T11:21:00.000Z,2026-06-18T07:40:08.337Z
6a6480de0cfec74546fb5408,101,TOOYUMM,2871,2871,23,23-WAGHOLI,DIST-1001,FIRM-2001,MUKESH AGENCIES,true,2026-06-18T11:21:00.000Z,2026-06-18T07:40:08.337Z
6a6480de0cfec74546fb5409,101,TOOYUMM,2872,2872,23,23-WAGHOLI,DIST-1001,FIRM-2001,MUKESH AGENCIES,true,2026-06-18T11:21:00.000Z,2026-06-18T07:40:08.337Z
6a6480de0cfec74546fb540a,101,TOOYUMM,2873,2873,23,23-WAGHOLI,DIST-1001,FIRM-2001,MUKESH AGENCIES,true,2026-06-18T11:21:00.000Z,2026-06-18T07:40:08.337Z
6a6480de0cfec74546fb540b,101,TOOYUMM,2874,2874,23,23-WAGHOLI,DIST-1001,FIRM-2001,MUKESH AGENCIES,true,2026-06-18T11:21:00.000Z,2026-06-18T07:40:08.337Z
6a6480de0cfec74546fb540c,101,TOOYUMM,2881,2881,23,23-WAGHOLI,DIST-1001,FIRM-2001,MUKESH AGENCIES,true,2026-06-18T11:21:00.000Z,2026-06-18T07:40:08.337Z
6a6480de0cfec74546fb540d,101,TOOYUMM,2890,2890,23,23-WAGHOLI,DIST-1001,FIRM-2001,MUKESH AGENCIES,true,2026-06-18T11:21:00.000Z,2026-06-18T07:40:08.337Z
6a6480de0cfec74546fb540e,101,TOOYUMM,2891,2891,23,23-WAGHOLI,DIST-1001,FIRM-2001,MUKESH AGENCIES,true,2026-06-18T11:21:00.000Z,2026-06-18T07:40:08.337Z
6a6480de0cfec74546fb540f,101,TOOYUMM,2892,2892,23,23-WAGHOLI,DIST-1001,FIRM-2001,MUKESH AGENCIES,true,2026-06-18T11:21:00.000Z,2026-06-18T07:40:08.337Z
6a6480de0cfec74546fb5410,101,TOOYUMM,2893,2893,23,23-WAGHOLI,DIST-1001,FIRM-2001,MUKESH AGENCIES,true,2026-06-18T11:21:00.000Z,2026-06-18T07:40:08.337Z
6a6480de0cfec74546fb5411,101,TOOYUMM,2894,2894,23,23-WAGHOLI,DIST-1001,FIRM-2001,MUKESH AGENCIES,true,2026-06-18T11:21:00.000Z,2026-06-18T07:40:08.337Z
6a6480de0cfec74546fb5412,101,TOOYUMM,2896,2896,23,23-WAGHOLI,DIST-1001,FIRM-2001,MUKESH AGENCIES,true,2026-06-18T11:21:00.000Z,2026-06-18T07:40:08.337Z
6a6480de0cfec74546fb5413,101,TOOYUMM,2897,2897,23,23-WAGHOLI,DIST-1001,FIRM-2001,MUKESH AGENCIES,true,2026-06-18T11:21:00.000Z,2026-06-18T07:40:08.337Z
6a6480de0cfec74546fb5414,101,TOOYUMM,2898,2898,23,23-WAGHOLI,DIST-1001,FIRM-2001,MUKESH AGENCIES,true,2026-06-18T11:21:00.000Z,2026-06-18T07:40:08.337Z
6a6480de0cfec74546fb5415,101,TOOYUMM,2899,2899,23,23-WAGHOLI,DIST-1001,FIRM-2001,MUKESH AGENCIES,true,2026-06-18T11:21:00.000Z,2026-06-18T07:40:08.337Z
6a6480de0cfec74546fb5416,101,TOOYUMM,2900,2900,23,23-WAGHOLI,DIST-1001,FIRM-2001,MUKESH AGENCIES,true,2026-06-18T11:21:00.000Z,2026-06-18T07:40:08.337Z
6a6480de0cfec74546fb5417,101,TOOYUMM,2901,2901,23,23-WAGHOLI,DIST-1001,FIRM-2001,MUKESH AGENCIES,true,2026-06-18T11:21:00.000Z,2026-06-18T07:40:08.337Z
6a6480de0cfec74546fb5418,101,TOOYUMM,2911,2911,23,23-WAGHOLI,DIST-1001,FIRM-2001,MUKESH AGENCIES,true,2026-06-18T11:21:00.000Z,2026-06-18T07:40:08.337Z
6a6480de0cfec74546fb5419,101,TOOYUMM,2912,2912,23,23-WAGHOLI,DIST-1001,FIRM-2001,MUKESH AGENCIES,true,2026-06-18T11:21:00.000Z,2026-06-18T07:40:08.337Z
6a6480de0cfec74546fb541a,101,TOOYUMM,2950,2950,23,23-WAGHOLI,DIST-1001,FIRM-2001,MUKESH AGENCIES,true,2026-06-18T11:21:00.000Z,2026-06-18T07:40:08.337Z
6a6480de0cfec74546fb541b,101,TOOYUMM,2960,2960,23,23-WAGHOLI,DIST-1001,FIRM-2001,MUKESH AGENCIES,true,2026-06-18T11:21:00.000Z,2026-06-18T07:40:08.337Z
6a6480de0cfec74546fb541c,101,TOOYUMM,2965,2965,23,23-WAGHOLI,DIST-1001,FIRM-2001,MUKESH AGENCIES,true,2026-06-18T11:21:00.000Z,2026-06-18T07:40:08.337Z
6a6480de0cfec74546fb541d,101,TOOYUMM,2966,2966,23,23-WAGHOLI,DIST-1001,FIRM-2001,MUKESH AGENCIES,true,2026-06-18T11:21:00.000Z,2026-06-18T07:40:08.337Z
6a6480de0cfec74546fb541e,101,TOOYUMM,2967,2967,23,23-WAGHOLI,DIST-1001,FIRM-2001,MUKESH AGENCIES,true,2026-06-18T11:21:00.000Z,2026-06-18T07:40:08.337Z
6a6480de0cfec74546fb541f,101,TOOYUMM,2968,2968,23,23-WAGHOLI,DIST-1001,FIRM-2001,MUKESH AGENCIES,true,2026-06-18T11:21:00.000Z,2026-06-18T07:40:08.337Z
6a6480de0cfec74546fb5420,101,TOOYUMM,2969,2969,23,23-WAGHOLI,DIST-1001,FIRM-2001,MUKESH AGENCIES,true,2026-06-18T11:21:00.000Z,2026-06-18T07:40:08.337Z
6a6480de0cfec74546fb5421,101,TOOYUMM,3018,3018,23,23-WAGHOLI,DIST-1001,FIRM-2001,MUKESH AGENCIES,true,2026-06-18T11:21:00.000Z,2026-06-18T07:40:08.337Z
6a6480de0cfec74546fb5422,101,TOOYUMM,3034,3034,23,23-WAGHOLI,DIST-1001,FIRM-2001,MUKESH AGENCIES,true,2026-06-18T11:21:00.000Z,2026-06-18T07:40:08.337Z
6a6480de0cfec74546fb5423,101,TOOYUMM,3035,3035,23,23-WAGHOLI,DIST-1001,FIRM-2001,MUKESH AGENCIES,true,2026-06-18T11:21:00.000Z,2026-06-18T07:40:08.337Z
6a6480de0cfec74546fb5424,101,TOOYUMM,3043,3043,23,23-WAGHOLI,DIST-1001,FIRM-2001,MUKESH AGENCIES,true,2026-06-18T11:21:00.000Z,2026-06-18T07:40:08.337Z
6a6480de0cfec74546fb5425,101,TOOYUMM,3044,3044,23,23-WAGHOLI,DIST-1001,FIRM-2001,MUKESH AGENCIES,true,2026-06-18T11:21:00.000Z,2026-06-18T07:40:08.337Z
6a6480de0cfec74546fb5426,101,TOOYUMM,3045,3045,23,23-WAGHOLI,DIST-1001,FIRM-2001,MUKESH AGENCIES,true,2026-06-18T11:21:00.000Z,2026-06-18T07:40:08.337Z
6a6480de0cfec74546fb5427,101,TOOYUMM,3046,3046,23,23-WAGHOLI,DIST-1001,FIRM-2001,MUKESH AGENCIES,true,2026-06-18T11:21:00.000Z,2026-06-18T07:40:08.337Z
6a6480de0cfec74546fb5428,101,TOOYUMM,3047,3047,23,23-WAGHOLI,DIST-1001,FIRM-2001,MUKESH AGENCIES,true,2026-06-18T11:21:00.000Z,2026-06-18T07:40:08.337Z
6a6480de0cfec74546fb5429,101,TOOYUMM,3048,3048,23,23-WAGHOLI,DIST-1001,FIRM-2001,MUKESH AGENCIES,true,2026-06-18T11:21:00.000Z,2026-06-18T07:40:08.337Z
6a6480de0cfec74546fb542a,101,TOOYUMM,3049,3049,23,23-WAGHOLI,DIST-1001,FIRM-2001,MUKESH AGENCIES,true,2026-06-18T11:21:00.000Z,2026-06-18T07:40:08.337Z
6a6480de0cfec74546fb542b,101,TOOYUMM,3051,3051,23,23-WAGHOLI,DIST-1001,FIRM-2001,MUKESH AGENCIES,true,2026-06-18T11:21:00.000Z,2026-06-18T07:40:08.337Z
6a6480de0cfec74546fb542c,101,TOOYUMM,3052,3052,23,23-WAGHOLI,DIST-1001,FIRM-2001,MUKESH AGENCIES,true,2026-06-18T11:21:00.000Z,2026-06-18T07:40:08.337Z
6a6480de0cfec74546fb542d,101,TOOYUMM,3058,3058,23,23-WAGHOLI,DIST-1001,FIRM-2001,MUKESH AGENCIES,true,2026-06-18T11:21:00.000Z,2026-06-18T07:40:08.337Z
6a6480de0cfec74546fb542e,101,TOOYUMM,3062,3062,23,23-WAGHOLI,DIST-1001,FIRM-2001,MUKESH AGENCIES,true,2026-06-18T11:21:00.000Z,2026-06-18T07:40:08.337Z
6a6480de0cfec74546fb542f,101,TOOYUMM,3065,3065,23,23-WAGHOLI,DIST-1001,FIRM-2001,MUKESH AGENCIES,true,2026-06-18T11:21:00.000Z,2026-06-18T07:40:08.337Z
6a6480de0cfec74546fb5430,101,TOOYUMM,3066,3066,23,23-WAGHOLI,DIST-1001,FIRM-2001,MUKESH AGENCIES,true,2026-06-18T11:21:00.000Z,2026-06-18T07:40:08.337Z
6a6480de0cfec74546fb5431,101,TOOYUMM,3070,3070,23,23-WAGHOLI,DIST-1001,FIRM-2001,MUKESH AGENCIES,true,2026-06-18T11:21:00.000Z,2026-06-18T07:40:08.337Z
6a6480de0cfec74546fb5432,101,TOOYUMM,3071,3071,23,23-WAGHOLI,DIST-1001,FIRM-2001,MUKESH AGENCIES,true,2026-06-18T11:21:00.000Z,2026-06-18T07:40:08.337Z
6a6480de0cfec74546fb5433,101,TOOYUMM,3072,3072,23,23-WAGHOLI,DIST-1001,FIRM-2001,MUKESH AGENCIES,true,2026-06-18T11:21:00.000Z,2026-06-18T07:40:08.337Z
6a6480de0cfec74546fb5434,101,TOOYUMM,3083,3083,23,23-WAGHOLI,DIST-1001,FIRM-2001,MUKESH AGENCIES,true,2026-06-18T11:21:00.000Z,2026-06-18T07:40:08.337Z
6a6480de0cfec74546fb5435,101,TOOYUMM,3088,3088,23,23-WAGHOLI,DIST-1001,FIRM-2001,MUKESH AGENCIES,true,2026-06-18T11:21:00.000Z,2026-06-18T07:40:08.337Z
6a6480de0cfec74546fb5436,101,TOOYUMM,3089,3089,23,23-WAGHOLI,DIST-1001,FIRM-2001,MUKESH AGENCIES,true,2026-06-18T11:21:00.000Z,2026-06-18T07:40:08.337Z
6a6480de0cfec74546fb5437,101,TOOYUMM,3111,3111,23,23-WAGHOLI,DIST-1001,FIRM-2001,MUKESH AGENCIES,true,2026-06-18T11:21:00.000Z,2026-06-18T07:40:08.337Z
6a6480de0cfec74546fb5438,101,TOOYUMM,3112,3112,23,23-WAGHOLI,DIST-1001,FIRM-2001,MUKESH AGENCIES,true,2026-06-18T11:21:00.000Z,2026-06-18T07:40:08.337Z
6a6480de0cfec74546fb5439,101,TOOYUMM,3113,3113,23,23-WAGHOLI,DIST-1001,FIRM-2001,MUKESH AGENCIES,true,2026-06-18T11:21:00.000Z,2026-06-18T07:40:08.337Z
6a6480de0cfec74546fb543a,101,TOOYUMM,3137,3137,23,23-WAGHOLI,DIST-1001,FIRM-2001,MUKESH AGENCIES,true,2026-06-18T11:21:00.000Z,2026-06-18T07:40:08.337Z
6a6480de0cfec74546fb543b,101,TOOYUMM,3138,3138,23,23-WAGHOLI,DIST-1001,FIRM-2001,MUKESH AGENCIES,true,2026-06-18T11:21:00.000Z,2026-06-18T07:40:08.337Z
6a6480de0cfec74546fb543c,101,TOOYUMM,3140,3140,23,23-WAGHOLI,DIST-1001,FIRM-2001,MUKESH AGENCIES,true,2026-06-18T11:21:00.000Z,2026-06-18T07:40:08.337Z
6a6480de0cfec74546fb543d,101,TOOYUMM,3142,3142,23,23-WAGHOLI,DIST-1001,FIRM-2001,MUKESH AGENCIES,true,2026-06-18T11:21:00.000Z,2026-06-18T07:40:08.337Z
6a6480de0cfec74546fb543e,101,TOOYUMM,3148,3148,23,23-WAGHOLI,DIST-1001,FIRM-2001,MUKESH AGENCIES,true,2026-06-18T11:21:00.000Z,2026-06-18T07:40:08.337Z
6a6480de0cfec74546fb543f,101,TOOYUMM,3155,3155,23,23-WAGHOLI,DIST-1001,FIRM-2001,MUKESH AGENCIES,true,2026-06-18T11:21:00.000Z,2026-06-18T07:40:08.337Z
6a6480de0cfec74546fb5440,101,TOOYUMM,3175,3175,23,23-WAGHOLI,DIST-1001,FIRM-2001,MUKESH AGENCIES,true,2026-06-18T11:21:00.000Z,2026-06-18T07:40:08.337Z
6a6480de0cfec74546fb5441,101,TOOYUMM,3183,3183,23,23-WAGHOLI,DIST-1001,FIRM-2001,MUKESH AGENCIES,true,2026-06-18T11:21:00.000Z,2026-06-18T07:40:08.337Z
6a6480de0cfec74546fb5442,101,TOOYUMM,3184,3184,23,23-WAGHOLI,DIST-1001,FIRM-2001,MUKESH AGENCIES,true,2026-06-18T11:21:00.000Z,2026-06-18T07:40:08.337Z
6a6480de0cfec74546fb5443,101,TOOYUMM,3185,3185,23,23-WAGHOLI,DIST-1001,FIRM-2001,MUKESH AGENCIES,true,2026-06-18T11:21:00.000Z,2026-06-18T07:40:08.337Z
6a6480de0cfec74546fb5444,101,TOOYUMM,3186,3186,23,23-WAGHOLI,DIST-1001,FIRM-2001,MUKESH AGENCIES,true,2026-06-18T11:21:00.000Z,2026-06-18T07:40:08.337Z
6a6480de0cfec74546fb5445,101,TOOYUMM,3190,3190,23,23-WAGHOLI,DIST-1001,FIRM-2001,MUKESH AGENCIES,true,2026-06-18T11:21:00.000Z,2026-06-18T07:40:08.337Z
6a6480de0cfec74546fb5446,101,TOOYUMM,3191,3191,23,23-WAGHOLI,DIST-1001,FIRM-2001,MUKESH AGENCIES,true,2026-06-18T11:21:00.000Z,2026-06-18T07:40:08.337Z
6a6480de0cfec74546fb5447,101,TOOYUMM,3205,3205,23,23-WAGHOLI,DIST-1001,FIRM-2001,MUKESH AGENCIES,true,2026-06-18T11:21:00.000Z,2026-06-18T07:40:08.337Z
6a6480de0cfec74546fb5448,101,TOOYUMM,3208,3208,23,23-WAGHOLI,DIST-1001,FIRM-2001,MUKESH AGENCIES,true,2026-06-18T11:21:00.000Z,2026-06-18T07:40:08.337Z
6a6480de0cfec74546fb5449,101,TOOYUMM,3209,3209,23,23-WAGHOLI,DIST-1001,FIRM-2001,MUKESH AGENCIES,true,2026-06-18T11:21:00.000Z,2026-06-18T07:40:08.337Z
6a6480de0cfec74546fb544a,101,TOOYUMM,3218,3218,23,23-WAGHOLI,DIST-1001,FIRM-2001,MUKESH AGENCIES,true,2026-06-18T11:21:00.000Z,2026-06-18T07:40:08.337Z
6a6480de0cfec74546fb544b,101,TOOYUMM,3225,3225,23,23-WAGHOLI,DIST-1001,FIRM-2001,MUKESH AGENCIES,true,2026-06-18T11:21:00.000Z,2026-06-18T07:40:08.337Z
6a6480de0cfec74546fb544c,101,TOOYUMM,3229,3229,23,23-WAGHOLI,DIST-1001,FIRM-2001,MUKESH AGENCIES,true,2026-06-18T11:21:00.000Z,2026-06-18T07:40:08.337Z
6a6480de0cfec74546fb544d,101,TOOYUMM,3236,3236,23,23-WAGHOLI,DIST-1001,FIRM-2001,MUKESH AGENCIES,true,2026-06-18T11:21:00.000Z,2026-06-18T07:40:08.337Z
6a6480de0cfec74546fb544e,101,TOOYUMM,3237,3237,23,23-WAGHOLI,DIST-1001,FIRM-2001,MUKESH AGENCIES,true,2026-06-18T11:21:00.000Z,2026-06-18T07:40:08.337Z
6a6480de0cfec74546fb544f,101,TOOYUMM,3238,3238,23,23-WAGHOLI,DIST-1001,FIRM-2001,MUKESH AGENCIES,true,2026-06-18T11:21:00.000Z,2026-06-18T07:40:08.337Z
6a6480de0cfec74546fb5450,101,TOOYUMM,3245,3245,23,23-WAGHOLI,DIST-1001,FIRM-2001,MUKESH AGENCIES,true,2026-06-18T11:21:00.000Z,2026-06-18T07:40:08.337Z
6a6480de0cfec74546fb5451,101,TOOYUMM,3247,3247,23,23-WAGHOLI,DIST-1001,FIRM-2001,MUKESH AGENCIES,true,2026-06-18T11:21:00.000Z,2026-06-18T07:40:08.337Z
6a6480de0cfec74546fb5452,101,TOOYUMM,3248,3248,23,23-WAGHOLI,DIST-1001,FIRM-2001,MUKESH AGENCIES,true,2026-06-18T11:21:00.000Z,2026-06-18T07:40:08.337Z
6a6480de0cfec74546fb5453,101,TOOYUMM,3249,3249,23,23-WAGHOLI,DIST-1001,FIRM-2001,MUKESH AGENCIES,true,2026-06-18T11:21:00.000Z,2026-06-18T07:40:08.337Z
6a6480de0cfec74546fb5454,101,TOOYUMM,3250,3250,23,23-WAGHOLI,DIST-1001,FIRM-2001,MUKESH AGENCIES,true,2026-06-18T11:21:00.000Z,2026-06-18T07:40:08.337Z
6a6480de0cfec74546fb5455,101,TOOYUMM,3279,3279,23,23-WAGHOLI,DIST-1001,FIRM-2001,MUKESH AGENCIES,true,2026-06-18T11:21:00.000Z,2026-06-18T07:40:08.337Z
6a6480de0cfec74546fb5456,101,TOOYUMM,3281,3281,23,23-WAGHOLI,DIST-1001,FIRM-2001,MUKESH AGENCIES,true,2026-06-18T11:21:00.000Z,2026-06-18T07:40:08.337Z
6a6480de0cfec74546fb5457,101,TOOYUMM,3291,3291,23,23-WAGHOLI,DIST-1001,FIRM-2001,MUKESH AGENCIES,true,2026-06-18T11:21:00.000Z,2026-06-18T07:40:08.337Z
6a6480de0cfec74546fb5458,101,TOOYUMM,3314,3314,23,23-WAGHOLI,DIST-1001,FIRM-2001,MUKESH AGENCIES,true,2026-06-18T11:21:00.000Z,2026-06-18T07:40:08.337Z
6a6480de0cfec74546fb5459,101,TOOYUMM,3319,3319,23,23-WAGHOLI,DIST-1001,FIRM-2001,MUKESH AGENCIES,true,2026-06-18T11:21:00.000Z,2026-06-18T07:40:08.337Z
6a6480de0cfec74546fb545a,101,TOOYUMM,3320,3320,23,23-WAGHOLI,DIST-1001,FIRM-2001,MUKESH AGENCIES,true,2026-06-18T11:21:00.000Z,2026-06-18T07:40:08.337Z
6a6480de0cfec74546fb545b,101,TOOYUMM,3332,3332,23,23-WAGHOLI,DIST-1001,FIRM-2001,MUKESH AGENCIES,true,2026-06-18T11:21:00.000Z,2026-06-18T07:40:08.337Z
6a6480de0cfec74546fb545c,101,TOOYUMM,3350,3350,23,23-WAGHOLI,DIST-1001,FIRM-2001,MUKESH AGENCIES,true,2026-06-18T11:21:00.000Z,2026-06-18T07:40:08.337Z
6a6480de0cfec74546fb545d,101,TOOYUMM,3355,3355,23,23-WAGHOLI,DIST-1001,FIRM-2001,MUKESH AGENCIES,true,2026-06-18T11:21:00.000Z,2026-06-18T07:40:08.337Z
6a6480de0cfec74546fb545e,101,TOOYUMM,3356,3356,23,23-WAGHOLI,DIST-1001,FIRM-2001,MUKESH AGENCIES,true,2026-06-18T11:21:00.000Z,2026-06-18T07:40:08.337Z
6a6480de0cfec74546fb545f,101,TOOYUMM,3357,3357,23,23-WAGHOLI,DIST-1001,FIRM-2001,MUKESH AGENCIES,true,2026-06-18T11:21:00.000Z,2026-06-18T07:40:08.337Z
6a6480de0cfec74546fb5460,101,TOOYUMM,3359,3359,23,23-WAGHOLI,DIST-1001,FIRM-2001,MUKESH AGENCIES,true,2026-06-18T11:21:00.000Z,2026-06-18T07:40:08.337Z
6a6480de0cfec74546fb5461,101,TOOYUMM,3379,3379,23,23-WAGHOLI,DIST-1001,FIRM-2001,MUKESH AGENCIES,true,2026-06-18T11:21:00.000Z,2026-06-18T07:40:08.337Z
6a6480de0cfec74546fb5462,101,TOOYUMM,3380,3380,23,23-WAGHOLI,DIST-1001,FIRM-2001,MUKESH AGENCIES,true,2026-06-18T11:21:00.000Z,2026-06-18T07:40:08.337Z
6a6480de0cfec74546fb5463,101,TOOYUMM,3405,3405,23,23-WAGHOLI,DIST-1001,FIRM-2001,MUKESH AGENCIES,true,2026-06-18T11:21:00.000Z,2026-06-18T07:40:08.337Z
6a6480de0cfec74546fb5464,101,TOOYUMM,3412,3412,23,23-WAGHOLI,DIST-1001,FIRM-2001,MUKESH AGENCIES,true,2026-06-18T11:21:00.000Z,2026-06-18T07:40:08.337Z
6a6480de0cfec74546fb5465,101,TOOYUMM,3429,3429,23,23-WAGHOLI,DIST-1001,FIRM-2001,MUKESH AGENCIES,true,2026-06-18T11:21:00.000Z,2026-06-18T07:40:08.337Z
6a6480de0cfec74546fb5466,101,TOOYUMM,3440,3440,23,23-WAGHOLI,DIST-1001,FIRM-2001,MUKESH AGENCIES,true,2026-06-18T11:21:00.000Z,2026-06-18T07:40:08.337Z
6a6480de0cfec74546fb5467,101,TOOYUMM,3467,3467,23,23-WAGHOLI,DIST-1001,FIRM-2001,MUKESH AGENCIES,true,2026-06-18T11:21:00.000Z,2026-06-18T07:40:08.337Z
6a6480de0cfec74546fb5468,101,TOOYUMM,3473,3473,23,23-WAGHOLI,DIST-1001,FIRM-2001,MUKESH AGENCIES,true,2026-06-18T11:21:00.000Z,2026-06-18T07:40:08.337Z
6a6480de0cfec74546fb5469,101,TOOYUMM,3474,3474,23,23-WAGHOLI,DIST-1001,FIRM-2001,MUKESH AGENCIES,true,2026-06-18T11:21:00.000Z,2026-06-18T07:40:08.337Z
6a6480de0cfec74546fb546a,101,TOOYUMM,3477,3477,23,23-WAGHOLI,DIST-1001,FIRM-2001,MUKESH AGENCIES,true,2026-06-18T11:21:00.000Z,2026-06-18T07:40:08.337Z
6a6480de0cfec74546fb546b,101,TOOYUMM,3493,3493,23,23-WAGHOLI,DIST-1001,FIRM-2001,MUKESH AGENCIES,true,2026-06-18T11:21:00.000Z,2026-06-18T07:40:08.337Z
6a6480de0cfec74546fb546c,101,TOOYUMM,3497,3497,23,23-WAGHOLI,DIST-1001,FIRM-2001,MUKESH AGENCIES,true,2026-06-18T11:21:00.000Z,2026-06-18T07:40:08.337Z
6a6480de0cfec74546fb546d,101,TOOYUMM,3512,3512,23,23-WAGHOLI,DIST-1001,FIRM-2001,MUKESH AGENCIES,true,2026-06-18T11:21:00.000Z,2026-06-18T07:40:08.337Z
6a6480de0cfec74546fb546e,101,TOOYUMM,3513,3513,23,23-WAGHOLI,DIST-1001,FIRM-2001,MUKESH AGENCIES,true,2026-06-18T11:21:00.000Z,2026-06-18T07:40:08.337Z
6a6480de0cfec74546fb546f,101,TOOYUMM,3518,3518,23,23-WAGHOLI,DIST-1001,FIRM-2001,MUKESH AGENCIES,true,2026-06-18T11:21:00.000Z,2026-06-18T07:40:08.337Z
6a6480de0cfec74546fb5470,101,TOOYUMM,3519,3519,23,23-WAGHOLI,DIST-1001,FIRM-2001,MUKESH AGENCIES,true,2026-06-18T11:21:00.000Z,2026-06-18T07:40:08.337Z
6a6480de0cfec74546fb5471,101,TOOYUMM,3534,3534,23,23-WAGHOLI,DIST-1001,FIRM-2001,MUKESH AGENCIES,true,2026-06-18T11:21:00.000Z,2026-06-18T07:40:08.337Z
6a6480de0cfec74546fb5472,101,TOOYUMM,3535,3535,23,23-WAGHOLI,DIST-1001,FIRM-2001,MUKESH AGENCIES,true,2026-06-18T11:21:00.000Z,2026-06-18T07:40:08.337Z
6a6480de0cfec74546fb5473,101,TOOYUMM,3537,3537,23,23-WAGHOLI,DIST-1001,FIRM-2001,MUKESH AGENCIES,true,2026-06-18T11:21:00.000Z,2026-06-18T07:40:08.337Z
6a6480de0cfec74546fb5474,101,TOOYUMM,3539,3539,23,23-WAGHOLI,DIST-1001,FIRM-2001,MUKESH AGENCIES,true,2026-06-18T11:21:00.000Z,2026-06-18T07:40:08.337Z
6a6480de0cfec74546fb5475,101,TOOYUMM,3556,3556,23,23-WAGHOLI,DIST-1001,FIRM-2001,MUKESH AGENCIES,true,2026-06-18T11:21:00.000Z,2026-06-18T07:40:08.337Z
6a6480de0cfec74546fb5476,101,TOOYUMM,3575,3575,23,23-WAGHOLI,DIST-1001,FIRM-2001,MUKESH AGENCIES,true,2026-06-18T11:21:00.000Z,2026-06-18T07:40:08.337Z
6a6480de0cfec74546fb5477,101,TOOYUMM,3576,3576,23,23-WAGHOLI,DIST-1001,FIRM-2001,MUKESH AGENCIES,true,2026-06-18T11:21:00.000Z,2026-06-18T07:40:08.337Z
6a6480de0cfec74546fb5478,101,TOOYUMM,3592,3592,23,23-WAGHOLI,DIST-1001,FIRM-2001,MUKESH AGENCIES,true,2026-06-18T11:21:00.000Z,2026-06-18T07:40:08.337Z
6a6480de0cfec74546fb5479,101,TOOYUMM,3596,3596,23,23-WAGHOLI,DIST-1001,FIRM-2001,MUKESH AGENCIES,true,2026-06-18T11:21:00.000Z,2026-06-18T07:40:08.337Z
6a6480de0cfec74546fb547a,101,TOOYUMM,3599,3599,23,23-WAGHOLI,DIST-1001,FIRM-2001,MUKESH AGENCIES,true,2026-06-18T11:21:00.000Z,2026-06-18T07:40:08.337Z
6a6480de0cfec74546fb547b,101,TOOYUMM,3608,3608,23,23-WAGHOLI,DIST-1001,FIRM-2001,MUKESH AGENCIES,true,2026-06-18T11:21:00.000Z,2026-06-18T07:40:08.337Z
6a6480de0cfec74546fb547c,101,TOOYUMM,3609,3609,23,23-WAGHOLI,DIST-1001,FIRM-2001,MUKESH AGENCIES,true,2026-06-18T11:21:00.000Z,2026-06-18T07:40:08.337Z
6a6480de0cfec74546fb547d,101,TOOYUMM,3626,3626,23,23-WAGHOLI,DIST-1001,FIRM-2001,MUKESH AGENCIES,true,2026-06-18T11:21:00.000Z,2026-06-18T07:40:08.337Z
6a6480de0cfec74546fb547e,101,TOOYUMM,3633,3633,23,23-WAGHOLI,DIST-1001,FIRM-2001,MUKESH AGENCIES,true,2026-06-18T11:21:00.000Z,2026-06-18T07:40:08.337Z
6a6480de0cfec74546fb547f,101,TOOYUMM,3657,3657,23,23-WAGHOLI,DIST-1001,FIRM-2001,MUKESH AGENCIES,true,2026-06-18T11:21:00.000Z,2026-06-18T07:40:08.337Z
6a6480de0cfec74546fb5480,101,TOOYUMM,3663,3663,23,23-WAGHOLI,DIST-1001,FIRM-2001,MUKESH AGENCIES,true,2026-06-18T11:21:00.000Z,2026-06-18T07:40:08.337Z
6a6480de0cfec74546fb5481,101,TOOYUMM,3677,3677,23,23-WAGHOLI,DIST-1001,FIRM-2001,MUKESH AGENCIES,true,2026-06-18T11:21:00.000Z,2026-06-18T07:40:08.337Z
6a6480de0cfec74546fb5482,101,TOOYUMM,3689,3689,23,23-WAGHOLI,DIST-1001,FIRM-2001,MUKESH AGENCIES,true,2026-06-18T11:21:00.000Z,2026-06-18T07:40:08.337Z
6a6480de0cfec74546fb5483,101,TOOYUMM,3691,3691,23,23-WAGHOLI,DIST-1001,FIRM-2001,MUKESH AGENCIES,true,2026-06-18T11:21:00.000Z,2026-06-18T07:40:08.337Z
6a6480de0cfec74546fb5484,101,TOOYUMM,3692,3692,23,23-WAGHOLI,DIST-1001,FIRM-2001,MUKESH AGENCIES,true,2026-06-18T11:21:00.000Z,2026-06-18T07:40:08.337Z
6a6480de0cfec74546fb5485,101,TOOYUMM,3702,3702,23,23-WAGHOLI,DIST-1001,FIRM-2001,MUKESH AGENCIES,true,2026-06-18T11:21:00.000Z,2026-06-18T07:40:08.337Z
6a6480de0cfec74546fb5486,101,TOOYUMM,3710,3710,23,23-WAGHOLI,DIST-1001,FIRM-2001,MUKESH AGENCIES,true,2026-06-18T11:21:00.000Z,2026-06-18T07:40:08.337Z
6a6480de0cfec74546fb5487,101,TOOYUMM,3715,3715,23,23-WAGHOLI,DIST-1001,FIRM-2001,MUKESH AGENCIES,true,2026-06-18T11:21:00.000Z,2026-06-18T07:40:08.337Z
6a6480de0cfec74546fb5488,101,TOOYUMM,3717,3717,23,23-WAGHOLI,DIST-1001,FIRM-2001,MUKESH AGENCIES,true,2026-06-18T11:21:00.000Z,2026-06-18T07:40:08.337Z
6a6480de0cfec74546fb5489,101,TOOYUMM,3722,3722,23,23-WAGHOLI,DIST-1001,FIRM-2001,MUKESH AGENCIES,true,2026-06-18T11:21:00.000Z,2026-06-18T07:40:08.337Z
6a6480de0cfec74546fb548a,101,TOOYUMM,3727,3727,23,23-WAGHOLI,DIST-1001,FIRM-2001,MUKESH AGENCIES,true,2026-06-18T11:21:00.000Z,2026-06-18T07:40:08.337Z
6a6480de0cfec74546fb548b,101,TOOYUMM,3730,3730,23,23-WAGHOLI,DIST-1001,FIRM-2001,MUKESH AGENCIES,true,2026-06-18T11:21:00.000Z,2026-06-18T07:40:08.337Z
6a6480de0cfec74546fb548c,101,TOOYUMM,3731,3731,23,23-WAGHOLI,DIST-1001,FIRM-2001,MUKESH AGENCIES,true,2026-06-18T11:21:00.000Z,2026-06-18T07:40:08.337Z
6a6480de0cfec74546fb548d,101,TOOYUMM,3761,3761,23,23-WAGHOLI,DIST-1001,FIRM-2001,MUKESH AGENCIES,true,2026-06-18T11:21:00.000Z,2026-06-18T07:40:08.337Z
6a6480de0cfec74546fb548e,101,TOOYUMM,3777,3777,23,23-WAGHOLI,DIST-1001,FIRM-2001,MUKESH AGENCIES,true,2026-06-18T11:21:00.000Z,2026-06-18T07:40:08.337Z
6a6480de0cfec74546fb548f,101,TOOYUMM,3832,3832,23,23-WAGHOLI,DIST-1001,FIRM-2001,MUKESH AGENCIES,true,2026-06-18T11:21:00.000Z,2026-06-18T07:40:08.337Z
6a6480de0cfec74546fb5490,101,TOOYUMM,3837,3837,23,23-WAGHOLI,DIST-1001,FIRM-2001,MUKESH AGENCIES,true,2026-06-18T11:21:00.000Z,2026-06-18T07:40:08.337Z
6a6480de0cfec74546fb5491,101,TOOYUMM,3852,3852,23,23-WAGHOLI,DIST-1001,FIRM-2001,MUKESH AGENCIES,true,2026-06-18T11:21:00.000Z,2026-06-18T07:40:08.337Z
6a6480de0cfec74546fb5492,101,TOOYUMM,3860,3860,23,23-WAGHOLI,DIST-1001,FIRM-2001,MUKESH AGENCIES,true,2026-06-18T11:21:00.000Z,2026-06-18T07:40:08.337Z
6a6480de0cfec74546fb5493,101,TOOYUMM,3886,3886,23,23-WAGHOLI,DIST-1001,FIRM-2001,MUKESH AGENCIES,true,2026-06-18T11:21:00.000Z,2026-06-18T07:40:08.337Z
6a6480de0cfec74546fb5494,101,TOOYUMM,3916,3916,23,23-WAGHOLI,DIST-1001,FIRM-2001,MUKESH AGENCIES,true,2026-06-18T11:21:00.000Z,2026-06-18T07:40:08.337Z
6a6480de0cfec74546fb5495,101,TOOYUMM,3919,3919,23,23-WAGHOLI,DIST-1001,FIRM-2001,MUKESH AGENCIES,true,2026-06-18T11:21:00.000Z,2026-06-18T07:40:08.337Z
6a6480de0cfec74546fb5496,101,TOOYUMM,3930,3930,23,23-WAGHOLI,DIST-1001,FIRM-2001,MUKESH AGENCIES,true,2026-06-18T11:21:00.000Z,2026-06-18T07:40:08.337Z
6a6480de0cfec74546fb5497,101,TOOYUMM,3942,3942,23,23-WAGHOLI,DIST-1001,FIRM-2001,MUKESH AGENCIES,true,2026-06-18T11:21:00.000Z,2026-06-18T07:40:08.337Z
6a6480de0cfec74546fb5498,101,TOOYUMM,3947,3947,23,23-WAGHOLI,DIST-1001,FIRM-2001,MUKESH AGENCIES,true,2026-06-18T11:21:00.000Z,2026-06-18T07:40:08.337Z
6a6480de0cfec74546fb5499,101,TOOYUMM,3955,3955,23,23-WAGHOLI,DIST-1001,FIRM-2001,MUKESH AGENCIES,true,2026-06-18T11:21:00.000Z,2026-06-18T07:40:08.337Z
6a6480de0cfec74546fb549a,101,TOOYUMM,3982,3982,23,23-WAGHOLI,DIST-1001,FIRM-2001,MUKESH AGENCIES,true,2026-06-18T11:21:00.000Z,2026-06-18T07:40:08.337Z
6a6480de0cfec74546fb549b,101,TOOYUMM,4043,4043,23,23-WAGHOLI,DIST-1001,FIRM-2001,MUKESH AGENCIES,true,2026-06-18T11:21:00.000Z,2026-06-18T07:40:08.337Z
6a6480de0cfec74546fb549c,101,TOOYUMM,4056,4056,23,23-WAGHOLI,DIST-1001,FIRM-2001,MUKESH AGENCIES,true,2026-06-18T11:21:00.000Z,2026-06-18T07:40:08.337Z
6a6480de0cfec74546fb549d,101,TOOYUMM,4085,4085,23,23-WAGHOLI,DIST-1001,FIRM-2001,MUKESH AGENCIES,true,2026-06-18T11:21:00.000Z,2026-06-18T07:40:08.337Z
6a6480de0cfec74546fb549e,101,TOOYUMM,4092,4092,23,23-WAGHOLI,DIST-1001,FIRM-2001,MUKESH AGENCIES,true,2026-06-18T11:21:00.000Z,2026-06-18T07:40:08.337Z
6a6480de0cfec74546fb549f,101,TOOYUMM,4116,4116,23,23-WAGHOLI,DIST-1001,FIRM-2001,MUKESH AGENCIES,true,2026-06-18T11:21:00.000Z,2026-06-18T07:40:08.337Z
6a6480de0cfec74546fb54a0,101,TOOYUMM,4157,4157,23,23-WAGHOLI,DIST-1001,FIRM-2001,MUKESH AGENCIES,true,2026-06-18T11:21:00.000Z,2026-06-18T07:40:08.337Z
6a6480de0cfec74546fb54a1,101,TOOYUMM,4166,4166,23,23-WAGHOLI,DIST-1001,FIRM-2001,MUKESH AGENCIES,true,2026-06-18T11:21:00.000Z,2026-06-18T07:40:08.337Z
6a6480de0cfec74546fb54a2,101,TOOYUMM,4177,4177,23,23-WAGHOLI,DIST-1001,FIRM-2001,MUKESH AGENCIES,true,2026-06-18T11:21:00.000Z,2026-06-18T07:40:08.337Z
6a6480de0cfec74546fb54a3,101,TOOYUMM,4182,4182,23,23-WAGHOLI,DIST-1001,FIRM-2001,MUKESH AGENCIES,true,2026-06-18T11:21:00.000Z,2026-06-18T07:40:08.337Z
6a6480de0cfec74546fb54a4,101,TOOYUMM,4200,4200,23,23-WAGHOLI,DIST-1001,FIRM-2001,MUKESH AGENCIES,true,2026-06-18T11:21:00.000Z,2026-06-18T07:40:08.337Z
6a6480de0cfec74546fb54a5,101,TOOYUMM,4209,4209,23,23-WAGHOLI,DIST-1001,FIRM-2001,MUKESH AGENCIES,true,2026-06-18T11:21:00.000Z,2026-06-18T07:40:08.337Z
6a6480de0cfec74546fb54a6,101,TOOYUMM,4216,4216,23,23-WAGHOLI,DIST-1001,FIRM-2001,MUKESH AGENCIES,true,2026-06-18T11:21:00.000Z,2026-06-18T07:40:08.337Z
6a6480de0cfec74546fb54a7,101,TOOYUMM,4222,4222,23,23-WAGHOLI,DIST-1001,FIRM-2001,MUKESH AGENCIES,true,2026-06-18T11:21:00.000Z,2026-06-18T07:40:08.337Z
6a6480de0cfec74546fb54a8,101,TOOYUMM,4223,4223,23,23-WAGHOLI,DIST-1001,FIRM-2001,MUKESH AGENCIES,true,2026-06-18T11:21:00.000Z,2026-06-18T07:40:08.337Z
6a6480de0cfec74546fb54a9,101,TOOYUMM,2710,2710,24,24-NAGAR ROAD,DIST-1001,FIRM-2001,MUKESH AGENCIES,true,2026-06-18T11:21:00.000Z,2026-06-18T07:40:08.337Z
6a6480de0cfec74546fb54aa,101,TOOYUMM,2769,2769,24,24-NAGAR ROAD,DIST-1001,FIRM-2001,MUKESH AGENCIES,true,2026-06-18T11:21:00.000Z,2026-06-18T07:40:08.337Z
6a6480de0cfec74546fb54ab,101,TOOYUMM,2770,2770,24,24-NAGAR ROAD,DIST-1001,FIRM-2001,MUKESH AGENCIES,true,2026-06-18T11:21:00.000Z,2026-06-18T07:40:08.337Z
6a6480de0cfec74546fb54ac,101,TOOYUMM,2771,2771,24,24-NAGAR ROAD,DIST-1001,FIRM-2001,MUKESH AGENCIES,true,2026-06-18T11:21:00.000Z,2026-06-18T07:40:08.337Z
6a6480de0cfec74546fb54ad,101,TOOYUMM,2772,2772,24,24-NAGAR ROAD,DIST-1001,FIRM-2001,MUKESH AGENCIES,true,2026-06-18T11:21:00.000Z,2026-06-18T07:40:08.337Z
6a6480de0cfec74546fb54ae,101,TOOYUMM,2773,2773,24,24-NAGAR ROAD,DIST-1001,FIRM-2001,MUKESH AGENCIES,true,2026-06-18T11:21:00.000Z,2026-06-18T07:40:08.337Z
6a6480de0cfec74546fb54af,101,TOOYUMM,2774,2774,24,24-NAGAR ROAD,DIST-1001,FIRM-2001,MUKESH AGENCIES,true,2026-06-18T11:21:00.000Z,2026-06-18T07:40:08.337Z
6a6480de0cfec74546fb54b0,101,TOOYUMM,2775,2775,24,24-NAGAR ROAD,DIST-1001,FIRM-2001,MUKESH AGENCIES,true,2026-06-18T11:21:00.000Z,2026-06-18T07:40:08.337Z
6a6480de0cfec74546fb54b1,101,TOOYUMM,2776,2776,24,24-NAGAR ROAD,DIST-1001,FIRM-2001,MUKESH AGENCIES,true,2026-06-18T11:21:00.000Z,2026-06-18T07:40:08.337Z
6a6480de0cfec74546fb54b2,101,TOOYUMM,2777,2777,24,24-NAGAR ROAD,DIST-1001,FIRM-2001,MUKESH AGENCIES,true,2026-06-18T11:21:00.000Z,2026-06-18T07:40:08.337Z
6a6480de0cfec74546fb54b3,101,TOOYUMM,2778,2778,24,24-NAGAR ROAD,DIST-1001,FIRM-2001,MUKESH AGENCIES,true,2026-06-18T11:21:00.000Z,2026-06-18T07:40:08.337Z
6a6480de0cfec74546fb54b4,101,TOOYUMM,2779,2779,24,24-NAGAR ROAD,DIST-1001,FIRM-2001,MUKESH AGENCIES,true,2026-06-18T11:21:00.000Z,2026-06-18T07:40:08.337Z
6a6480de0cfec74546fb54b5,101,TOOYUMM,3080,3080,24,24-NAGAR ROAD,DIST-1001,FIRM-2001,MUKESH AGENCIES,true,2026-06-18T11:21:00.000Z,2026-06-18T07:40:08.337Z
6a6480de0cfec74546fb54b6,101,TOOYUMM,3170,3170,24,24-NAGAR ROAD,DIST-1001,FIRM-2001,MUKESH AGENCIES,true,2026-06-18T11:21:00.000Z,2026-06-18T07:40:08.337Z
6a6480de0cfec74546fb54b7,101,TOOYUMM,3171,3171,24,24-NAGAR ROAD,DIST-1001,FIRM-2001,MUKESH AGENCIES,true,2026-06-18T11:21:00.000Z,2026-06-18T07:40:08.337Z
6a6480de0cfec74546fb54b8,101,TOOYUMM,3172,3172,24,24-NAGAR ROAD,DIST-1001,FIRM-2001,MUKESH AGENCIES,true,2026-06-18T11:21:00.000Z,2026-06-18T07:40:08.337Z
6a6480de0cfec74546fb54b9,101,TOOYUMM,3173,3173,24,24-NAGAR ROAD,DIST-1001,FIRM-2001,MUKESH AGENCIES,true,2026-06-18T11:21:00.000Z,2026-06-18T07:40:08.337Z
6a6480de0cfec74546fb54ba,101,TOOYUMM,3174,3174,24,24-NAGAR ROAD,DIST-1001,FIRM-2001,MUKESH AGENCIES,true,2026-06-18T11:21:00.000Z,2026-06-18T07:40:08.337Z
6a6480de0cfec74546fb54bb,101,TOOYUMM,3227,3227,24,24-NAGAR ROAD,DIST-1001,FIRM-2001,MUKESH AGENCIES,true,2026-06-18T11:21:00.000Z,2026-06-18T07:40:08.337Z
6a6480de0cfec74546fb54bc,101,TOOYUMM,3347,3347,24,24-NAGAR ROAD,DIST-1001,FIRM-2001,MUKESH AGENCIES,true,2026-06-18T11:21:00.000Z,2026-06-18T07:40:08.337Z
6a6480de0cfec74546fb54bd,101,TOOYUMM,3476,3476,24,24-NAGAR ROAD,DIST-1001,FIRM-2001,MUKESH AGENCIES,true,2026-06-18T11:21:00.000Z,2026-06-18T07:40:08.337Z
6a6480de0cfec74546fb54be,101,TOOYUMM,3491,3491,24,24-NAGAR ROAD,DIST-1001,FIRM-2001,MUKESH AGENCIES,true,2026-06-18T11:21:00.000Z,2026-06-18T07:40:08.337Z
6a6480de0cfec74546fb54bf,101,TOOYUMM,3551,3551,24,24-NAGAR ROAD,DIST-1001,FIRM-2001,MUKESH AGENCIES,true,2026-06-18T11:21:00.000Z,2026-06-18T07:40:08.337Z
6a6480de0cfec74546fb54c0,101,TOOYUMM,3707,3707,24,24-NAGAR ROAD,DIST-1001,FIRM-2001,MUKESH AGENCIES,true,2026-06-18T11:21:00.000Z,2026-06-18T07:40:08.337Z
6a6480de0cfec74546fb54c1,101,TOOYUMM,2751,2751,25,25-KHARADI-2,DIST-1001,FIRM-2001,MUKESH AGENCIES,true,2026-06-18T11:21:00.000Z,2026-06-18T07:40:08.337Z
6a6480de0cfec74546fb54c2,101,TOOYUMM,2752,2752,25,25-KHARADI-2,DIST-1001,FIRM-2001,MUKESH AGENCIES,true,2026-06-18T11:21:00.000Z,2026-06-18T07:40:08.337Z
6a6480de0cfec74546fb54c3,101,TOOYUMM,2753,2753,25,25-KHARADI-2,DIST-1001,FIRM-2001,MUKESH AGENCIES,true,2026-06-18T11:21:00.000Z,2026-06-18T07:40:08.337Z
6a6480de0cfec74546fb54c4,101,TOOYUMM,2754,2754,25,25-KHARADI-2,DIST-1001,FIRM-2001,MUKESH AGENCIES,true,2026-06-18T11:21:00.000Z,2026-06-18T07:40:08.337Z
6a6480de0cfec74546fb54c5,101,TOOYUMM,2755,2755,25,25-KHARADI-2,DIST-1001,FIRM-2001,MUKESH AGENCIES,true,2026-06-18T11:21:00.000Z,2026-06-18T07:40:08.337Z
6a6480de0cfec74546fb54c6,101,TOOYUMM,2756,2756,25,25-KHARADI-2,DIST-1001,FIRM-2001,MUKESH AGENCIES,true,2026-06-18T11:21:00.000Z,2026-06-18T07:40:08.337Z
6a6480de0cfec74546fb54c7,101,TOOYUMM,2864,2864,25,25-KHARADI-2,DIST-1001,FIRM-2001,MUKESH AGENCIES,true,2026-06-18T11:21:00.000Z,2026-06-18T07:40:08.337Z
6a6480de0cfec74546fb54c8,101,TOOYUMM,2884,2884,25,25-KHARADI-2,DIST-1001,FIRM-2001,MUKESH AGENCIES,true,2026-06-18T11:21:00.000Z,2026-06-18T07:40:08.337Z
6a6480de0cfec74546fb54c9,101,TOOYUMM,3010,3010,25,25-KHARADI-2,DIST-1001,FIRM-2001,MUKESH AGENCIES,true,2026-06-18T11:21:00.000Z,2026-06-18T07:40:08.337Z
6a6480de0cfec74546fb54ca,101,TOOYUMM,3011,3011,25,25-KHARADI-2,DIST-1001,FIRM-2001,MUKESH AGENCIES,true,2026-06-18T11:21:00.000Z,2026-06-18T07:40:08.337Z
6a6480de0cfec74546fb54cb,101,TOOYUMM,3012,3012,25,25-KHARADI-2,DIST-1001,FIRM-2001,MUKESH AGENCIES,true,2026-06-18T11:21:00.000Z,2026-06-18T07:40:08.337Z
6a6480de0cfec74546fb54cc,101,TOOYUMM,3013,3013,25,25-KHARADI-2,DIST-1001,FIRM-2001,MUKESH AGENCIES,true,2026-06-18T11:21:00.000Z,2026-06-18T07:40:08.337Z
6a6480de0cfec74546fb54cd,101,TOOYUMM,3014,3014,25,25-KHARADI-2,DIST-1001,FIRM-2001,MUKESH AGENCIES,true,2026-06-18T11:21:00.000Z,2026-06-18T07:40:08.337Z
6a6480de0cfec74546fb54ce,101,TOOYUMM,3015,3015,25,25-KHARADI-2,DIST-1001,FIRM-2001,MUKESH AGENCIES,true,2026-06-18T11:21:00.000Z,2026-06-18T07:40:08.337Z
6a6480de0cfec74546fb54cf,101,TOOYUMM,3016,3016,25,25-KHARADI-2,DIST-1001,FIRM-2001,MUKESH AGENCIES,true,2026-06-18T11:21:00.000Z,2026-06-18T07:40:08.337Z
6a6480de0cfec74546fb54d0,101,TOOYUMM,3017,3017,25,25-KHARADI-2,DIST-1001,FIRM-2001,MUKESH AGENCIES,true,2026-06-18T11:21:00.000Z,2026-06-18T07:40:08.337Z
6a6480de0cfec74546fb54d1,101,TOOYUMM,3165,3165,25,25-KHARADI-2,DIST-1001,FIRM-2001,MUKESH AGENCIES,true,2026-06-18T11:21:00.000Z,2026-06-18T07:40:08.337Z
6a6480de0cfec74546fb54d2,101,TOOYUMM,3181,3181,25,25-KHARADI-2,DIST-1001,FIRM-2001,MUKESH AGENCIES,true,2026-06-18T11:21:00.000Z,2026-06-18T07:40:08.337Z
6a6480de0cfec74546fb54d3,101,TOOYUMM,3182,3182,25,25-KHARADI-2,DIST-1001,FIRM-2001,MUKESH AGENCIES,true,2026-06-18T11:21:00.000Z,2026-06-18T07:40:08.337Z
6a6480de0cfec74546fb54d4,101,TOOYUMM,3330,3330,25,25-KHARADI-2,DIST-1001,FIRM-2001,MUKESH AGENCIES,true,2026-06-18T11:21:00.000Z,2026-06-18T07:40:08.337Z
6a6480de0cfec74546fb54d5,101,TOOYUMM,3370,3370,25,25-KHARADI-2,DIST-1001,FIRM-2001,MUKESH AGENCIES,true,2026-06-18T11:21:00.000Z,2026-06-18T07:40:08.337Z
6a6480de0cfec74546fb54d6,101,TOOYUMM,3495,3495,25,25-KHARADI-2,DIST-1001,FIRM-2001,MUKESH AGENCIES,true,2026-06-18T11:21:00.000Z,2026-06-18T07:40:08.337Z
6a6480de0cfec74546fb54d7,101,TOOYUMM,3496,3496,25,25-KHARADI-2,DIST-1001,FIRM-2001,MUKESH AGENCIES,true,2026-06-18T11:21:00.000Z,2026-06-18T07:40:08.337Z
6a6480de0cfec74546fb54d8,101,TOOYUMM,3545,3545,25,25-KHARADI-2,DIST-1001,FIRM-2001,MUKESH AGENCIES,true,2026-06-18T11:21:00.000Z,2026-06-18T07:40:08.337Z
6a6480de0cfec74546fb54d9,101,TOOYUMM,3856,3856,25,25-KHARADI-2,DIST-1001,FIRM-2001,MUKESH AGENCIES,true,2026-06-18T11:21:00.000Z,2026-06-18T07:40:08.337Z
6a6480de0cfec74546fb54da,101,TOOYUMM,2733,2733,26,26-AWHALWADI,DIST-1001,FIRM-2001,MUKESH AGENCIES,true,2026-06-18T11:21:00.000Z,2026-06-18T07:40:08.337Z
6a6480de0cfec74546fb54db,101,TOOYUMM,2734,2734,26,26-AWHALWADI,DIST-1001,FIRM-2001,MUKESH AGENCIES,true,2026-06-18T11:21:00.000Z,2026-06-18T07:40:08.337Z
6a6480de0cfec74546fb54dc,101,TOOYUMM,2735,2735,26,26-AWHALWADI,DIST-1001,FIRM-2001,MUKESH AGENCIES,true,2026-06-18T11:21:00.000Z,2026-06-18T07:40:08.337Z
6a6480de0cfec74546fb54dd,101,TOOYUMM,2736,2736,26,26-AWHALWADI,DIST-1001,FIRM-2001,MUKESH AGENCIES,true,2026-06-18T11:21:00.000Z,2026-06-18T07:40:08.337Z
6a6480de0cfec74546fb54de,101,TOOYUMM,2737,2737,26,26-AWHALWADI,DIST-1001,FIRM-2001,MUKESH AGENCIES,true,2026-06-18T11:21:00.000Z,2026-06-18T07:40:08.337Z
6a6480de0cfec74546fb54df,101,TOOYUMM,2738,2738,26,26-AWHALWADI,DIST-1001,FIRM-2001,MUKESH AGENCIES,true,2026-06-18T11:21:00.000Z,2026-06-18T07:40:08.337Z
6a6480de0cfec74546fb54e0,101,TOOYUMM,2739,2739,26,26-AWHALWADI,DIST-1001,FIRM-2001,MUKESH AGENCIES,true,2026-06-18T11:21:00.000Z,2026-06-18T07:40:08.337Z
6a6480de0cfec74546fb54e1,101,TOOYUMM,2740,2740,26,26-AWHALWADI,DIST-1001,FIRM-2001,MUKESH AGENCIES,true,2026-06-18T11:21:00.000Z,2026-06-18T07:40:08.337Z
6a6480de0cfec74546fb54e2,101,TOOYUMM,2741,2741,26,26-AWHALWADI,DIST-1001,FIRM-2001,MUKESH AGENCIES,true,2026-06-18T11:21:00.000Z,2026-06-18T07:40:08.337Z
6a6480de0cfec74546fb54e3,101,TOOYUMM,2742,2742,26,26-AWHALWADI,DIST-1001,FIRM-2001,MUKESH AGENCIES,true,2026-06-18T11:21:00.000Z,2026-06-18T07:40:08.337Z
6a6480de0cfec74546fb54e4,101,TOOYUMM,2804,2804,26,26-AWHALWADI,DIST-1001,FIRM-2001,MUKESH AGENCIES,true,2026-06-18T11:21:00.000Z,2026-06-18T07:40:08.337Z
6a6480de0cfec74546fb54e5,101,TOOYUMM,2805,2805,26,26-AWHALWADI,DIST-1001,FIRM-2001,MUKESH AGENCIES,true,2026-06-18T11:21:00.000Z,2026-06-18T07:40:08.337Z
6a6480de0cfec74546fb54e6,101,TOOYUMM,2806,2806,26,26-AWHALWADI,DIST-1001,FIRM-2001,MUKESH AGENCIES,true,2026-06-18T11:21:00.000Z,2026-06-18T07:40:08.337Z
6a6480de0cfec74546fb54e7,101,TOOYUMM,2807,2807,26,26-AWHALWADI,DIST-1001,FIRM-2001,MUKESH AGENCIES,true,2026-06-18T11:21:00.000Z,2026-06-18T07:40:08.337Z
6a6480de0cfec74546fb54e8,101,TOOYUMM,2808,2808,26,26-AWHALWADI,DIST-1001,FIRM-2001,MUKESH AGENCIES,true,2026-06-18T11:21:00.000Z,2026-06-18T07:40:08.337Z
6a6480de0cfec74546fb54e9,101,TOOYUMM,2877,2877,26,26-AWHALWADI,DIST-1001,FIRM-2001,MUKESH AGENCIES,true,2026-06-18T11:21:00.000Z,2026-06-18T07:40:08.337Z
6a6480de0cfec74546fb54ea,101,TOOYUMM,2878,2878,26,26-AWHALWADI,DIST-1001,FIRM-2001,MUKESH AGENCIES,true,2026-06-18T11:21:00.000Z,2026-06-18T07:40:08.337Z
6a6480de0cfec74546fb54eb,101,TOOYUMM,2879,2879,26,26-AWHALWADI,DIST-1001,FIRM-2001,MUKESH AGENCIES,true,2026-06-18T11:21:00.000Z,2026-06-18T07:40:08.337Z
6a6480de0cfec74546fb54ec,101,TOOYUMM,2880,2880,26,26-AWHALWADI,DIST-1001,FIRM-2001,MUKESH AGENCIES,true,2026-06-18T11:21:00.000Z,2026-06-18T07:40:08.337Z
6a6480de0cfec74546fb54ed,101,TOOYUMM,2902,2902,26,26-AWHALWADI,DIST-1001,FIRM-2001,MUKESH AGENCIES,true,2026-06-18T11:21:00.000Z,2026-06-18T07:40:08.337Z
6a6480de0cfec74546fb54ee,101,TOOYUMM,2933,2933,26,26-AWHALWADI,DIST-1001,FIRM-2001,MUKESH AGENCIES,true,2026-06-18T11:21:00.000Z,2026-06-18T07:40:08.337Z
6a6480de0cfec74546fb54ef,101,TOOYUMM,2934,2934,26,26-AWHALWADI,DIST-1001,FIRM-2001,MUKESH AGENCIES,true,2026-06-18T11:21:00.000Z,2026-06-18T07:40:08.337Z
6a6480de0cfec74546fb54f0,101,TOOYUMM,3029,3029,26,26-AWHALWADI,DIST-1001,FIRM-2001,MUKESH AGENCIES,true,2026-06-18T11:21:00.000Z,2026-06-18T07:40:08.337Z
6a6480de0cfec74546fb54f1,101,TOOYUMM,3030,3030,26,26-AWHALWADI,DIST-1001,FIRM-2001,MUKESH AGENCIES,true,2026-06-18T11:21:00.000Z,2026-06-18T07:40:08.337Z
6a6480de0cfec74546fb54f2,101,TOOYUMM,3031,3031,26,26-AWHALWADI,DIST-1001,FIRM-2001,MUKESH AGENCIES,true,2026-06-18T11:21:00.000Z,2026-06-18T07:40:08.337Z
6a6480de0cfec74546fb54f3,101,TOOYUMM,3032,3032,26,26-AWHALWADI,DIST-1001,FIRM-2001,MUKESH AGENCIES,true,2026-06-18T11:21:00.000Z,2026-06-18T07:40:08.337Z
6a6480de0cfec74546fb54f4,101,TOOYUMM,3033,3033,26,26-AWHALWADI,DIST-1001,FIRM-2001,MUKESH AGENCIES,true,2026-06-18T11:21:00.000Z,2026-06-18T07:40:08.337Z
6a6480de0cfec74546fb54f5,101,TOOYUMM,3036,3036,26,26-AWHALWADI,DIST-1001,FIRM-2001,MUKESH AGENCIES,true,2026-06-18T11:21:00.000Z,2026-06-18T07:40:08.337Z
6a6480de0cfec74546fb54f6,101,TOOYUMM,3037,3037,26,26-AWHALWADI,DIST-1001,FIRM-2001,MUKESH AGENCIES,true,2026-06-18T11:21:00.000Z,2026-06-18T07:40:08.337Z
6a6480de0cfec74546fb54f7,101,TOOYUMM,3040,3040,26,26-AWHALWADI,DIST-1001,FIRM-2001,MUKESH AGENCIES,true,2026-06-18T11:21:00.000Z,2026-06-18T07:40:08.337Z
6a6480de0cfec74546fb54f8,101,TOOYUMM,3041,3041,26,26-AWHALWADI,DIST-1001,FIRM-2001,MUKESH AGENCIES,true,2026-06-18T11:21:00.000Z,2026-06-18T07:40:08.337Z
6a6480de0cfec74546fb54f9,101,TOOYUMM,3042,3042,26,26-AWHALWADI,DIST-1001,FIRM-2001,MUKESH AGENCIES,true,2026-06-18T11:21:00.000Z,2026-06-18T07:40:08.337Z
6a6480de0cfec74546fb54fa,101,TOOYUMM,3077,3077,26,26-AWHALWADI,DIST-1001,FIRM-2001,MUKESH AGENCIES,true,2026-06-18T11:21:00.000Z,2026-06-18T07:40:08.337Z
6a6480de0cfec74546fb54fb,101,TOOYUMM,3114,3114,26,26-AWHALWADI,DIST-1001,FIRM-2001,MUKESH AGENCIES,true,2026-06-18T11:21:00.000Z,2026-06-18T07:40:08.337Z
6a6480de0cfec74546fb54fc,101,TOOYUMM,3194,3194,26,26-AWHALWADI,DIST-1001,FIRM-2001,MUKESH AGENCIES,true,2026-06-18T11:21:00.000Z,2026-06-18T07:40:08.337Z
6a6480de0cfec74546fb54fd,101,TOOYUMM,3198,3198,26,26-AWHALWADI,DIST-1001,FIRM-2001,MUKESH AGENCIES,true,2026-06-18T11:21:00.000Z,2026-06-18T07:40:08.337Z
6a6480de0cfec74546fb54fe,101,TOOYUMM,3214,3214,26,26-AWHALWADI,DIST-1001,FIRM-2001,MUKESH AGENCIES,true,2026-06-18T11:21:00.000Z,2026-06-18T07:40:08.337Z
6a6480de0cfec74546fb54ff,101,TOOYUMM,3251,3251,26,26-AWHALWADI,DIST-1001,FIRM-2001,MUKESH AGENCIES,true,2026-06-18T11:21:00.000Z,2026-06-18T07:40:08.337Z
6a6480de0cfec74546fb5500,101,TOOYUMM,3260,3260,26,26-AWHALWADI,DIST-1001,FIRM-2001,MUKESH AGENCIES,true,2026-06-18T11:21:00.000Z,2026-06-18T07:40:08.337Z
6a6480de0cfec74546fb5501,101,TOOYUMM,3274,3274,26,26-AWHALWADI,DIST-1001,FIRM-2001,MUKESH AGENCIES,true,2026-06-18T11:21:00.000Z,2026-06-18T07:40:08.337Z
6a6480de0cfec74546fb5502,101,TOOYUMM,3322,3322,26,26-AWHALWADI,DIST-1001,FIRM-2001,MUKESH AGENCIES,true,2026-06-18T11:21:00.000Z,2026-06-18T07:40:08.337Z
6a6480de0cfec74546fb5503,101,TOOYUMM,3323,3323,26,26-AWHALWADI,DIST-1001,FIRM-2001,MUKESH AGENCIES,true,2026-06-18T11:21:00.000Z,2026-06-18T07:40:08.337Z
6a6480de0cfec74546fb5504,101,TOOYUMM,3324,3324,26,26-AWHALWADI,DIST-1001,FIRM-2001,MUKESH AGENCIES,true,2026-06-18T11:21:00.000Z,2026-06-18T07:40:08.337Z
6a6480de0cfec74546fb5505,101,TOOYUMM,3336,3336,26,26-AWHALWADI,DIST-1001,FIRM-2001,MUKESH AGENCIES,true,2026-06-18T11:21:00.000Z,2026-06-18T07:40:08.337Z
6a6480de0cfec74546fb5506,101,TOOYUMM,3507,3507,26,26-AWHALWADI,DIST-1001,FIRM-2001,MUKESH AGENCIES,true,2026-06-18T11:21:00.000Z,2026-06-18T07:40:08.337Z
6a6480de0cfec74546fb5507,101,TOOYUMM,3508,3508,26,26-AWHALWADI,DIST-1001,FIRM-2001,MUKESH AGENCIES,true,2026-06-18T11:21:00.000Z,2026-06-18T07:40:08.337Z
6a6480de0cfec74546fb5508,101,TOOYUMM,3509,3509,26,26-AWHALWADI,DIST-1001,FIRM-2001,MUKESH AGENCIES,true,2026-06-18T11:21:00.000Z,2026-06-18T07:40:08.337Z
6a6480de0cfec74546fb5509,101,TOOYUMM,3517,3517,26,26-AWHALWADI,DIST-1001,FIRM-2001,MUKESH AGENCIES,true,2026-06-18T11:21:00.000Z,2026-06-18T07:40:08.337Z
6a6480de0cfec74546fb550a,101,TOOYUMM,3521,3521,26,26-AWHALWADI,DIST-1001,FIRM-2001,MUKESH AGENCIES,true,2026-06-18T11:21:00.000Z,2026-06-18T07:40:08.337Z
6a6480de0cfec74546fb550b,101,TOOYUMM,3541,3541,26,26-AWHALWADI,DIST-1001,FIRM-2001,MUKESH AGENCIES,true,2026-06-18T11:21:00.000Z,2026-06-18T07:40:08.337Z
6a6480de0cfec74546fb550c,101,TOOYUMM,3542,3542,26,26-AWHALWADI,DIST-1001,FIRM-2001,MUKESH AGENCIES,true,2026-06-18T11:21:00.000Z,2026-06-18T07:40:08.337Z
6a6480de0cfec74546fb550d,101,TOOYUMM,3595,3595,26,26-AWHALWADI,DIST-1001,FIRM-2001,MUKESH AGENCIES,true,2026-06-18T11:21:00.000Z,2026-06-18T07:40:08.337Z
6a6480de0cfec74546fb550e,101,TOOYUMM,3601,3601,26,26-AWHALWADI,DIST-1001,FIRM-2001,MUKESH AGENCIES,true,2026-06-18T11:21:00.000Z,2026-06-18T07:40:08.337Z
6a6480de0cfec74546fb550f,101,TOOYUMM,3690,3690,26,26-AWHALWADI,DIST-1001,FIRM-2001,MUKESH AGENCIES,true,2026-06-18T11:21:00.000Z,2026-06-18T07:40:08.337Z
6a6480de0cfec74546fb5510,101,TOOYUMM,3714,3714,26,26-AWHALWADI,DIST-1001,FIRM-2001,MUKESH AGENCIES,true,2026-06-18T11:21:00.000Z,2026-06-18T07:40:08.337Z
6a6480de0cfec74546fb5511,101,TOOYUMM,3981,3981,26,26-AWHALWADI,DIST-1001,FIRM-2001,MUKESH AGENCIES,true,2026-06-18T11:21:00.000Z,2026-06-18T07:40:08.337Z
6a6480de0cfec74546fb5512,101,TOOYUMM,4007,4007,26,26-AWHALWADI,DIST-1001,FIRM-2001,MUKESH AGENCIES,true,2026-06-18T11:21:00.000Z,2026-06-18T07:40:08.337Z
6a6480de0cfec74546fb5513,101,TOOYUMM,4065,4065,26,26-AWHALWADI,DIST-1001,FIRM-2001,MUKESH AGENCIES,true,2026-06-18T11:21:00.000Z,2026-06-18T07:40:08.337Z
6a6480de0cfec74546fb5514,101,TOOYUMM,4066,4066,26,26-AWHALWADI,DIST-1001,FIRM-2001,MUKESH AGENCIES,true,2026-06-18T11:21:00.000Z,2026-06-18T07:40:08.337Z
6a6480de0cfec74546fb5515,101,TOOYUMM,4093,4093,26,26-AWHALWADI,DIST-1001,FIRM-2001,MUKESH AGENCIES,true,2026-06-18T11:21:00.000Z,2026-06-18T07:40:08.337Z
6a6480de0cfec74546fb5516,101,TOOYUMM,4165,4165,26,26-AWHALWADI,DIST-1001,FIRM-2001,MUKESH AGENCIES,true,2026-06-18T11:21:00.000Z,2026-06-18T07:40:08.337Z
6a6480de0cfec74546fb5517,101,TOOYUMM,2855,2855,27,27-LOHEGOAN ROAD,DIST-1001,FIRM-2001,MUKESH AGENCIES,true,2026-06-18T11:21:00.000Z,2026-06-18T07:40:08.337Z
6a6480de0cfec74546fb5518,101,TOOYUMM,2856,2856,27,27-LOHEGOAN ROAD,DIST-1001,FIRM-2001,MUKESH AGENCIES,true,2026-06-18T11:21:00.000Z,2026-06-18T07:40:08.337Z
6a6480de0cfec74546fb5519,101,TOOYUMM,2857,2857,27,27-LOHEGOAN ROAD,DIST-1001,FIRM-2001,MUKESH AGENCIES,true,2026-06-18T11:21:00.000Z,2026-06-18T07:40:08.337Z
6a6480de0cfec74546fb551a,101,TOOYUMM,2875,2875,27,27-LOHEGOAN ROAD,DIST-1001,FIRM-2001,MUKESH AGENCIES,true,2026-06-18T11:21:00.000Z,2026-06-18T07:40:08.337Z
6a6480de0cfec74546fb551b,101,TOOYUMM,2876,2876,27,27-LOHEGOAN ROAD,DIST-1001,FIRM-2001,MUKESH AGENCIES,true,2026-06-18T11:21:00.000Z,2026-06-18T07:40:08.337Z
6a6480de0cfec74546fb551c,101,TOOYUMM,2920,2920,27,27-LOHEGOAN ROAD,DIST-1001,FIRM-2001,MUKESH AGENCIES,true,2026-06-18T11:21:00.000Z,2026-06-18T07:40:08.337Z
6a6480de0cfec74546fb551d,101,TOOYUMM,2921,2921,27,27-LOHEGOAN ROAD,DIST-1001,FIRM-2001,MUKESH AGENCIES,true,2026-06-18T11:21:00.000Z,2026-06-18T07:40:08.337Z
6a6480de0cfec74546fb551e,101,TOOYUMM,2922,2922,27,27-LOHEGOAN ROAD,DIST-1001,FIRM-2001,MUKESH AGENCIES,true,2026-06-18T11:21:00.000Z,2026-06-18T07:40:08.337Z
6a6480de0cfec74546fb551f,101,TOOYUMM,2923,2923,27,27-LOHEGOAN ROAD,DIST-1001,FIRM-2001,MUKESH AGENCIES,true,2026-06-18T11:21:00.000Z,2026-06-18T07:40:08.337Z
6a6480de0cfec74546fb5520,101,TOOYUMM,2924,2924,27,27-LOHEGOAN ROAD,DIST-1001,FIRM-2001,MUKESH AGENCIES,true,2026-06-18T11:21:00.000Z,2026-06-18T07:40:08.337Z
6a6480de0cfec74546fb5521,101,TOOYUMM,3061,3061,27,27-LOHEGOAN ROAD,DIST-1001,FIRM-2001,MUKESH AGENCIES,true,2026-06-18T11:21:00.000Z,2026-06-18T07:40:08.337Z
6a6480de0cfec74546fb5522,101,TOOYUMM,3079,3079,27,27-LOHEGOAN ROAD,DIST-1001,FIRM-2001,MUKESH AGENCIES,true,2026-06-18T11:21:00.000Z,2026-06-18T07:40:08.337Z
6a6480de0cfec74546fb5523,101,TOOYUMM,3096,3096,27,27-LOHEGOAN ROAD,DIST-1001,FIRM-2001,MUKESH AGENCIES,true,2026-06-18T11:21:00.000Z,2026-06-18T07:40:08.337Z
6a6480de0cfec74546fb5524,101,TOOYUMM,3132,3132,27,27-LOHEGOAN ROAD,DIST-1001,FIRM-2001,MUKESH AGENCIES,true,2026-06-18T11:21:00.000Z,2026-06-18T07:40:08.337Z
6a6480de0cfec74546fb5525,101,TOOYUMM,3133,3133,27,27-LOHEGOAN ROAD,DIST-1001,FIRM-2001,MUKESH AGENCIES,true,2026-06-18T11:21:00.000Z,2026-06-18T07:40:08.337Z
6a6480de0cfec74546fb5526,101,TOOYUMM,3177,3177,27,27-LOHEGOAN ROAD,DIST-1001,FIRM-2001,MUKESH AGENCIES,true,2026-06-18T11:21:00.000Z,2026-06-18T07:40:08.337Z
6a6480de0cfec74546fb5527,101,TOOYUMM,3178,3178,27,27-LOHEGOAN ROAD,DIST-1001,FIRM-2001,MUKESH AGENCIES,true,2026-06-18T11:21:00.000Z,2026-06-18T07:40:08.337Z
6a6480de0cfec74546fb5528,101,TOOYUMM,3179,3179,27,27-LOHEGOAN ROAD,DIST-1001,FIRM-2001,MUKESH AGENCIES,true,2026-06-18T11:21:00.000Z,2026-06-18T07:40:08.337Z
6a6480de0cfec74546fb5529,101,TOOYUMM,3240,3240,27,27-LOHEGOAN ROAD,DIST-1001,FIRM-2001,MUKESH AGENCIES,true,2026-06-18T11:21:00.000Z,2026-06-18T07:40:08.337Z
6a6480de0cfec74546fb552a,101,TOOYUMM,3241,3241,27,27-LOHEGOAN ROAD,DIST-1001,FIRM-2001,MUKESH AGENCIES,true,2026-06-18T11:21:00.000Z,2026-06-18T07:40:08.337Z
6a6480de0cfec74546fb552b,101,TOOYUMM,3321,3321,27,27-LOHEGOAN ROAD,DIST-1001,FIRM-2001,MUKESH AGENCIES,true,2026-06-18T11:21:00.000Z,2026-06-18T07:40:08.337Z
6a6480de0cfec74546fb552c,101,TOOYUMM,3377,3377,27,27-LOHEGOAN ROAD,DIST-1001,FIRM-2001,MUKESH AGENCIES,true,2026-06-18T11:21:00.000Z,2026-06-18T07:40:08.337Z
6a6480de0cfec74546fb552d,101,TOOYUMM,3390,3390,27,27-LOHEGOAN ROAD,DIST-1001,FIRM-2001,MUKESH AGENCIES,true,2026-06-18T11:21:00.000Z,2026-06-18T07:40:08.337Z
6a6480de0cfec74546fb552e,101,TOOYUMM,3391,3391,27,27-LOHEGOAN ROAD,DIST-1001,FIRM-2001,MUKESH AGENCIES,true,2026-06-18T11:21:00.000Z,2026-06-18T07:40:08.337Z
6a6480de0cfec74546fb552f,101,TOOYUMM,3484,3484,27,27-LOHEGOAN ROAD,DIST-1001,FIRM-2001,MUKESH AGENCIES,true,2026-06-18T11:21:00.000Z,2026-06-18T07:40:08.337Z
6a6480de0cfec74546fb5530,101,TOOYUMM,3485,3485,27,27-LOHEGOAN ROAD,DIST-1001,FIRM-2001,MUKESH AGENCIES,true,2026-06-18T11:21:00.000Z,2026-06-18T07:40:08.337Z
6a6480de0cfec74546fb5531,101,TOOYUMM,3492,3492,27,27-LOHEGOAN ROAD,DIST-1001,FIRM-2001,MUKESH AGENCIES,true,2026-06-18T11:21:00.000Z,2026-06-18T07:40:08.337Z
6a6480de0cfec74546fb5532,101,TOOYUMM,3563,3563,27,27-LOHEGOAN ROAD,DIST-1001,FIRM-2001,MUKESH AGENCIES,true,2026-06-18T11:21:00.000Z,2026-06-18T07:40:08.337Z
6a6480de0cfec74546fb5533,101,TOOYUMM,3619,3619,27,27-LOHEGOAN ROAD,DIST-1001,FIRM-2001,MUKESH AGENCIES,true,2026-06-18T11:21:00.000Z,2026-06-18T07:40:08.337Z
6a6480de0cfec74546fb5534,101,TOOYUMM,3622,3622,27,27-LOHEGOAN ROAD,DIST-1001,FIRM-2001,MUKESH AGENCIES,true,2026-06-18T11:21:00.000Z,2026-06-18T07:40:08.337Z
6a6480de0cfec74546fb5535,101,TOOYUMM,3726,3726,27,27-LOHEGOAN ROAD,DIST-1001,FIRM-2001,MUKESH AGENCIES,true,2026-06-18T11:21:00.000Z,2026-06-18T07:40:08.337Z
6a6480de0cfec74546fb5536,101,TOOYUMM,3760,3760,27,27-LOHEGOAN ROAD,DIST-1001,FIRM-2001,MUKESH AGENCIES,true,2026-06-18T11:21:00.000Z,2026-06-18T07:40:08.337Z
6a6480de0cfec74546fb5537,101,TOOYUMM,3792,3792,27,27-LOHEGOAN ROAD,DIST-1001,FIRM-2001,MUKESH AGENCIES,true,2026-06-18T11:21:00.000Z,2026-06-18T07:40:08.337Z
6a6480de0cfec74546fb5538,101,TOOYUMM,3793,3793,27,27-LOHEGOAN ROAD,DIST-1001,FIRM-2001,MUKESH AGENCIES,true,2026-06-18T11:21:00.000Z,2026-06-18T07:40:08.337Z
6a6480de0cfec74546fb5539,101,TOOYUMM,3926,3926,27,27-LOHEGOAN ROAD,DIST-1001,FIRM-2001,MUKESH AGENCIES,true,2026-06-18T11:21:00.000Z,2026-06-18T07:40:08.337Z
6a6480de0cfec74546fb553a,101,TOOYUMM,3944,3944,27,27-LOHEGOAN ROAD,DIST-1001,FIRM-2001,MUKESH AGENCIES,true,2026-06-18T11:21:00.000Z,2026-06-18T07:40:08.337Z
6a6480de0cfec74546fb553b,101,TOOYUMM,3961,3961,27,27-LOHEGOAN ROAD,DIST-1001,FIRM-2001,MUKESH AGENCIES,true,2026-06-18T11:21:00.000Z,2026-06-18T07:40:08.337Z
6a6480de0cfec74546fb553c,101,TOOYUMM,4061,4061,27,27-LOHEGOAN ROAD,DIST-1001,FIRM-2001,MUKESH AGENCIES,true,2026-06-18T11:21:00.000Z,2026-06-18T07:40:08.337Z
6a6480de0cfec74546fb553d,101,TOOYUMM,4062,4062,27,27-LOHEGOAN ROAD,DIST-1001,FIRM-2001,MUKESH AGENCIES,true,2026-06-18T11:21:00.000Z,2026-06-18T07:40:08.337Z
6a6480de0cfec74546fb553e,101,TOOYUMM,4078,4078,27,27-LOHEGOAN ROAD,DIST-1001,FIRM-2001,MUKESH AGENCIES,true,2026-06-18T11:21:00.000Z,2026-06-18T07:40:08.337Z
6a6480de0cfec74546fb553f,101,TOOYUMM,4145,4145,27,27-LOHEGOAN ROAD,DIST-1001,FIRM-2001,MUKESH AGENCIES,true,2026-06-18T11:21:00.000Z,2026-06-18T07:40:08.337Z
6a6480de0cfec74546fb5540,101,TOOYUMM,3284,3284,28,28-A,DIST-1001,FIRM-2001,MUKESH AGENCIES,true,2026-06-18T11:21:00.000Z,2026-06-18T07:40:08.337Z
6a6480de0cfec74546fb5541,101,TOOYUMM,3289,3289,28,28-A,DIST-1001,FIRM-2001,MUKESH AGENCIES,true,2026-06-18T11:21:00.000Z,2026-06-18T07:40:08.337Z
6a6480de0cfec74546fb5542,101,TOOYUMM,3611,3611,28,28-A,DIST-1001,FIRM-2001,MUKESH AGENCIES,true,2026-06-18T11:21:00.000Z,2026-06-18T07:40:08.337Z
6a6480de0cfec74546fb5543,101,TOOYUMM,3612,3612,28,28-A,DIST-1001,FIRM-2001,MUKESH AGENCIES,true,2026-06-18T11:21:00.000Z,2026-06-18T07:40:08.337Z
6a6480de0cfec74546fb5544,102,NATURALI,2001,2001,1,01-LOHEGOAN,DIST-1001,FIRM-2001,MUKESH AGENCIES,true,2026-06-18T11:21:00.000Z,2026-06-18T07:40:08.337Z
6a6480de0cfec74546fb5545,102,NATURALI,2451,2451,1,01-LOHEGOAN,DIST-1001,FIRM-2001,MUKESH AGENCIES,true,2026-06-18T11:21:00.000Z,2026-06-18T07:40:08.337Z
6a6480de0cfec74546fb5546,102,NATURALI,2556,2556,1,01-LOHEGOAN,DIST-1001,FIRM-2001,MUKESH AGENCIES,true,2026-06-18T11:21:00.000Z,2026-06-18T07:40:08.337Z
6a6480de0cfec74546fb5547,102,NATURALI,2973,2973,1,01-LOHEGOAN,DIST-1001,FIRM-2001,MUKESH AGENCIES,true,2026-06-18T11:21:00.000Z,2026-06-18T07:40:08.337Z
6a6480de0cfec74546fb5548,102,NATURALI,2974,2974,1,01-LOHEGOAN,DIST-1001,FIRM-2001,MUKESH AGENCIES,true,2026-06-18T11:21:00.000Z,2026-06-18T07:40:08.337Z
6a6480de0cfec74546fb5549,102,NATURALI,2975,2975,1,01-LOHEGOAN,DIST-1001,FIRM-2001,MUKESH AGENCIES,true,2026-06-18T11:21:00.000Z,2026-06-18T07:40:08.337Z
6a6480de0cfec74546fb554a,102,NATURALI,2976,2976,1,01-LOHEGOAN,DIST-1001,FIRM-2001,MUKESH AGENCIES,true,2026-06-18T11:21:00.000Z,2026-06-18T07:40:08.337Z
6a6480de0cfec74546fb554b,102,NATURALI,3141,3141,1,01-LOHEGOAN,DIST-1001,FIRM-2001,MUKESH AGENCIES,true,2026-06-18T11:21:00.000Z,2026-06-18T07:40:08.337Z
6a6480de0cfec74546fb554c,102,NATURALI,3292,3292,1,01-LOHEGOAN,DIST-1001,FIRM-2001,MUKESH AGENCIES,true,2026-06-18T11:21:00.000Z,2026-06-18T07:40:08.337Z
6a6480de0cfec74546fb554d,102,NATURALI,2135,2135,2,02-DHANORI,DIST-1001,FIRM-2001,MUKESH AGENCIES,true,2026-06-18T11:21:00.000Z,2026-06-18T07:40:08.337Z
6a6480de0cfec74546fb554e,102,NATURALI,2161,2161,2,02-DHANORI,DIST-1001,FIRM-2001,MUKESH AGENCIES,true,2026-06-18T11:21:00.000Z,2026-06-18T07:40:08.337Z
6a6480de0cfec74546fb554f,102,NATURALI,2179,2179,2,02-DHANORI,DIST-1001,FIRM-2001,MUKESH AGENCIES,true,2026-06-18T11:21:00.000Z,2026-06-18T07:40:08.337Z
6a6480de0cfec74546fb5550,102,NATURALI,2180,2180,2,02-DHANORI,DIST-1001,FIRM-2001,MUKESH AGENCIES,true,2026-06-18T11:21:00.000Z,2026-06-18T07:40:08.337Z
6a6480de0cfec74546fb5551,102,NATURALI,2564,2564,2,02-DHANORI,DIST-1001,FIRM-2001,MUKESH AGENCIES,true,2026-06-18T11:21:00.000Z,2026-06-18T07:40:08.337Z
6a6480de0cfec74546fb5552,102,NATURALI,2994,2994,2,02-DHANORI,DIST-1001,FIRM-2001,MUKESH AGENCIES,true,2026-06-18T11:21:00.000Z,2026-06-18T07:40:08.337Z
6a6480de0cfec74546fb5553,102,NATURALI,3007,3007,2,02-DHANORI,DIST-1001,FIRM-2001,MUKESH AGENCIES,true,2026-06-18T11:21:00.000Z,2026-06-18T07:40:08.337Z
6a6480de0cfec74546fb5554,102,NATURALI,3008,3008,2,02-DHANORI,DIST-1001,FIRM-2001,MUKESH AGENCIES,true,2026-06-18T11:21:00.000Z,2026-06-18T07:40:08.337Z
6a6480de0cfec74546fb5555,102,NATURALI,3009,3009,2,02-DHANORI,DIST-1001,FIRM-2001,MUKESH AGENCIES,true,2026-06-18T11:21:00.000Z,2026-06-18T07:40:08.337Z
6a6480de0cfec74546fb5556,102,NATURALI,4048,4048,3,03-VISHAWANTWADI,DIST-1001,FIRM-2001,MUKESH AGENCIES,true,2026-06-18T11:21:00.000Z,2026-06-18T07:40:08.337Z
6a6480de0cfec74546fb5557,102,NATURALI,2980,2980,6,06-MUNJEWASTI,DIST-1001,FIRM-2001,MUKESH AGENCIES,true,2026-06-18T11:21:00.000Z,2026-06-18T07:40:08.337Z
6a6480de0cfec74546fb5558,102,NATURALI,3006,3006,7,07-TINGRE NAGAR,DIST-1001,FIRM-2001,MUKESH AGENCIES,true,2026-06-18T11:21:00.000Z,2026-06-18T07:40:08.337Z
6a6480de0cfec74546fb5559,102,NATURALI,2978,2978,10,10-YERADA,DIST-1001,FIRM-2001,MUKESH AGENCIES,true,2026-06-18T11:21:00.000Z,2026-06-18T07:40:08.337Z
6a6480df0cfec74546fb555a,102,NATURALI,2979,2979,10,10-YERADA,DIST-1001,FIRM-2001,MUKESH AGENCIES,true,2026-06-18T11:21:00.000Z,2026-06-18T07:40:08.337Z
6a6480df0cfec74546fb555b,102,NATURALI,2988,2988,16,16-KALYANI NAGAR,DIST-1001,FIRM-2001,MUKESH AGENCIES,true,2026-06-18T11:21:00.000Z,2026-06-18T07:40:08.337Z
6a6480df0cfec74546fb555c,102,NATURALI,2989,2989,16,16-KALYANI NAGAR,DIST-1001,FIRM-2001,MUKESH AGENCIES,true,2026-06-18T11:21:00.000Z,2026-06-18T07:40:08.337Z
6a6480df0cfec74546fb555d,102,NATURALI,2993,2993,16,16-KALYANI NAGAR,DIST-1001,FIRM-2001,MUKESH AGENCIES,true,2026-06-18T11:21:00.000Z,2026-06-18T07:40:08.337Z
6a6480df0cfec74546fb555e,102,NATURALI,2987,2987,17,17-KOREGAON PARK,DIST-1001,FIRM-2001,MUKESH AGENCIES,true,2026-06-18T11:21:00.000Z,2026-06-18T07:40:08.337Z
6a6480df0cfec74546fb555f,102,NATURALI,2981,2981,19,19-KHARADI-1,DIST-1001,FIRM-2001,MUKESH AGENCIES,true,2026-06-18T11:21:00.000Z,2026-06-18T07:40:08.337Z
6a6480df0cfec74546fb5560,102,NATURALI,2982,2982,19,19-KHARADI-1,DIST-1001,FIRM-2001,MUKESH AGENCIES,true,2026-06-18T11:21:00.000Z,2026-06-18T07:40:08.337Z
6a6480df0cfec74546fb5561,102,NATURALI,2983,2983,19,19-KHARADI-1,DIST-1001,FIRM-2001,MUKESH AGENCIES,true,2026-06-18T11:21:00.000Z,2026-06-18T07:40:08.337Z
6a6480df0cfec74546fb5562,102,NATURALI,2985,2985,19,19-KHARADI-1,DIST-1001,FIRM-2001,MUKESH AGENCIES,true,2026-06-18T11:21:00.000Z,2026-06-18T07:40:08.337Z
6a6480df0cfec74546fb5563,102,NATURALI,2990,2990,19,19-KHARADI-1,DIST-1001,FIRM-2001,MUKESH AGENCIES,true,2026-06-18T11:21:00.000Z,2026-06-18T07:40:08.337Z
6a6480df0cfec74546fb5564,102,NATURALI,2991,2991,19,19-KHARADI-1,DIST-1001,FIRM-2001,MUKESH AGENCIES,true,2026-06-18T11:21:00.000Z,2026-06-18T07:40:08.337Z
6a6480df0cfec74546fb5565,102,NATURALI,2992,2992,19,19-KHARADI-1,DIST-1001,FIRM-2001,MUKESH AGENCIES,true,2026-06-18T11:21:00.000Z,2026-06-18T07:40:08.337Z
6a6480df0cfec74546fb5566,102,NATURALI,2995,2995,19,19-KHARADI-1,DIST-1001,FIRM-2001,MUKESH AGENCIES,true,2026-06-18T11:21:00.000Z,2026-06-18T07:40:08.337Z
6a6480df0cfec74546fb5567,102,NATURALI,2999,2999,19,19-KHARADI-1,DIST-1001,FIRM-2001,MUKESH AGENCIES,true,2026-06-18T11:21:00.000Z,2026-06-18T07:40:08.337Z
6a6480df0cfec74546fb5568,102,NATURALI,3000,3000,19,19-KHARADI-1,DIST-1001,FIRM-2001,MUKESH AGENCIES,true,2026-06-18T11:21:00.000Z,2026-06-18T07:40:08.337Z
6a6480df0cfec74546fb5569,102,NATURALI,3001,3001,19,19-KHARADI-1,DIST-1001,FIRM-2001,MUKESH AGENCIES,true,2026-06-18T11:21:00.000Z,2026-06-18T07:40:08.337Z
6a6480df0cfec74546fb556a,102,NATURALI,3002,3002,19,19-KHARADI-1,DIST-1001,FIRM-2001,MUKESH AGENCIES,true,2026-06-18T11:21:00.000Z,2026-06-18T07:40:08.337Z
6a6480df0cfec74546fb556b,102,NATURALI,3003,3003,19,19-KHARADI-1,DIST-1001,FIRM-2001,MUKESH AGENCIES,true,2026-06-18T11:21:00.000Z,2026-06-18T07:40:08.337Z
6a6480df0cfec74546fb556c,102,NATURALI,3004,3004,19,19-KHARADI-1,DIST-1001,FIRM-2001,MUKESH AGENCIES,true,2026-06-18T11:21:00.000Z,2026-06-18T07:40:08.337Z
6a6480df0cfec74546fb556d,102,NATURALI,3005,3005,19,19-KHARADI-1,DIST-1001,FIRM-2001,MUKESH AGENCIES,true,2026-06-18T11:21:00.000Z,2026-06-18T07:40:08.337Z
6a6480df0cfec74546fb556e,102,NATURALI,3085,3085,19,19-KHARADI-1,DIST-1001,FIRM-2001,MUKESH AGENCIES,true,2026-06-18T11:21:00.000Z,2026-06-18T07:40:08.337Z
6a6480df0cfec74546fb556f,102,NATURALI,3147,3147,19,19-KHARADI-1,DIST-1001,FIRM-2001,MUKESH AGENCIES,true,2026-06-18T11:21:00.000Z,2026-06-18T07:40:08.337Z
6a6480df0cfec74546fb5570,102,NATURALI,3163,3163,20,20-CHANDAN NAGAR,DIST-1001,FIRM-2001,MUKESH AGENCIES,true,2026-06-18T11:21:00.000Z,2026-06-18T07:40:08.337Z
6a6480df0cfec74546fb5571,102,NATURALI,3164,3164,20,20-CHANDAN NAGAR,DIST-1001,FIRM-2001,MUKESH AGENCIES,true,2026-06-18T11:21:00.000Z,2026-06-18T07:40:08.337Z
6a6480df0cfec74546fb5572,102,NATURALI,2984,2984,21,21-VADGAON SHERI,DIST-1001,FIRM-2001,MUKESH AGENCIES,true,2026-06-18T11:21:00.000Z,2026-06-18T07:40:08.337Z
6a6480df0cfec74546fb5573,102,NATURALI,2986,2986,21,21-VADGAON SHERI,DIST-1001,FIRM-2001,MUKESH AGENCIES,true,2026-06-18T11:21:00.000Z,2026-06-18T07:40:08.337Z
6a6480df0cfec74546fb5574,102,NATURALI,2996,2996,21,21-VADGAON SHERI,DIST-1001,FIRM-2001,MUKESH AGENCIES,true,2026-06-18T11:21:00.000Z,2026-06-18T07:40:08.337Z
6a6480df0cfec74546fb5575,102,NATURALI,2997,2997,21,21-VADGAON SHERI,DIST-1001,FIRM-2001,MUKESH AGENCIES,true,2026-06-18T11:21:00.000Z,2026-06-18T07:40:08.337Z
6a6480df0cfec74546fb5576,102,NATURALI,2998,2998,21,21-VADGAON SHERI,DIST-1001,FIRM-2001,MUKESH AGENCIES,true,2026-06-18T11:21:00.000Z,2026-06-18T07:40:08.337Z
6a6480df0cfec74546fb5577,102,NATURALI,2977,2977,22,22-VIMAN NAGAR,DIST-1001,FIRM-2001,MUKESH AGENCIES,true,2026-06-18T11:21:00.000Z,2026-06-18T07:40:08.337Z
6a6480df0cfec74546fb5578,102,NATURALI,3225,3225,23,23-WAGHOLI,DIST-1001,FIRM-2001,MUKESH AGENCIES,true,2026-06-18T11:21:00.000Z,2026-06-18T07:40:08.337Z
6a6480df0cfec74546fb5579,102,NATURALI,3229,3229,23,23-WAGHOLI,DIST-1001,FIRM-2001,MUKESH AGENCIES,true,2026-06-18T11:21:00.000Z,2026-06-18T07:40:08.337Z
6a6480df0cfec74546fb557a,102,NATURALI,3860,3860,23,23-WAGHOLI,DIST-1001,FIRM-2001,MUKESH AGENCIES,true,2026-06-18T11:21:00.000Z,2026-06-18T07:40:08.337Z
6a6480df0cfec74546fb557b,103,RASNA,2001,2001,1,01-LOHEGOAN,DIST-1001,FIRM-2001,MUKESH AGENCIES,true,2026-06-18T11:21:00.000Z,2026-06-18T07:40:08.337Z
6a6480df0cfec74546fb557c,103,RASNA,2036,2036,1,01-LOHEGOAN,DIST-1001,FIRM-2001,MUKESH AGENCIES,true,2026-06-18T11:21:00.000Z,2026-06-18T07:40:08.337Z
6a6480df0cfec74546fb557d,103,RASNA,2040,2040,1,01-LOHEGOAN,DIST-1001,FIRM-2001,MUKESH AGENCIES,true,2026-06-18T11:21:00.000Z,2026-06-18T07:40:08.337Z
6a6480df0cfec74546fb557e,103,RASNA,2061,2061,1,01-LOHEGOAN,DIST-1001,FIRM-2001,MUKESH AGENCIES,true,2026-06-18T11:21:00.000Z,2026-06-18T07:40:08.337Z
6a6480df0cfec74546fb557f,103,RASNA,2073,2073,1,01-LOHEGOAN,DIST-1001,FIRM-2001,MUKESH AGENCIES,true,2026-06-18T11:21:00.000Z,2026-06-18T07:40:08.337Z
6a6480df0cfec74546fb5580,103,RASNA,2433,2433,1,01-LOHEGOAN,DIST-1001,FIRM-2001,MUKESH AGENCIES,true,2026-06-18T11:21:00.000Z,2026-06-18T07:40:08.337Z
6a6480df0cfec74546fb5581,103,RASNA,2437,2437,1,01-LOHEGOAN,DIST-1001,FIRM-2001,MUKESH AGENCIES,true,2026-06-18T11:21:00.000Z,2026-06-18T07:40:08.337Z
6a6480df0cfec74546fb5582,103,RASNA,2502,2502,1,01-LOHEGOAN,DIST-1001,FIRM-2001,MUKESH AGENCIES,true,2026-06-18T11:21:00.000Z,2026-06-18T07:40:08.337Z
6a6480df0cfec74546fb5583,103,RASNA,2550,2550,1,01-LOHEGOAN,DIST-1001,FIRM-2001,MUKESH AGENCIES,true,2026-06-18T11:21:00.000Z,2026-06-18T07:40:08.337Z
6a6480df0cfec74546fb5584,103,RASNA,2551,2551,1,01-LOHEGOAN,DIST-1001,FIRM-2001,MUKESH AGENCIES,true,2026-06-18T11:21:00.000Z,2026-06-18T07:40:08.337Z
6a6480df0cfec74546fb5585,103,RASNA,2566,2566,1,01-LOHEGOAN,DIST-1001,FIRM-2001,MUKESH AGENCIES,true,2026-06-18T11:21:00.000Z,2026-06-18T07:40:08.337Z
6a6480df0cfec74546fb5586,103,RASNA,2676,2676,1,01-LOHEGOAN,DIST-1001,FIRM-2001,MUKESH AGENCIES,true,2026-06-18T11:21:00.000Z,2026-06-18T07:40:08.337Z
6a6480df0cfec74546fb5587,103,RASNA,2932,2932,1,01-LOHEGOAN,DIST-1001,FIRM-2001,MUKESH AGENCIES,true,2026-06-18T11:21:00.000Z,2026-06-18T07:40:08.337Z
6a6480df0cfec74546fb5588,103,RASNA,2946,2946,1,01-LOHEGOAN,DIST-1001,FIRM-2001,MUKESH AGENCIES,true,2026-06-18T11:21:00.000Z,2026-06-18T07:40:08.337Z
6a6480df0cfec74546fb5589,103,RASNA,2947,2947,1,01-LOHEGOAN,DIST-1001,FIRM-2001,MUKESH AGENCIES,true,2026-06-18T11:21:00.000Z,2026-06-18T07:40:08.337Z
6a6480df0cfec74546fb558a,103,RASNA,2948,2948,1,01-LOHEGOAN,DIST-1001,FIRM-2001,MUKESH AGENCIES,true,2026-06-18T11:21:00.000Z,2026-06-18T07:40:08.337Z
6a6480df0cfec74546fb558b,103,RASNA,2949,2949,1,01-LOHEGOAN,DIST-1001,FIRM-2001,MUKESH AGENCIES,true,2026-06-18T11:21:00.000Z,2026-06-18T07:40:08.337Z
6a6480df0cfec74546fb558c,103,RASNA,3157,3157,1,01-LOHEGOAN,DIST-1001,FIRM-2001,MUKESH AGENCIES,true,2026-06-18T11:21:00.000Z,2026-06-18T07:40:08.337Z
6a6480df0cfec74546fb558d,103,RASNA,3338,3338,1,01-LOHEGOAN,DIST-1001,FIRM-2001,MUKESH AGENCIES,true,2026-06-18T11:21:00.000Z,2026-06-18T07:40:08.337Z
6a6480df0cfec74546fb558e,103,RASNA,3471,3471,1,01-LOHEGOAN,DIST-1001,FIRM-2001,MUKESH AGENCIES,true,2026-06-18T11:21:00.000Z,2026-06-18T07:40:08.337Z
6a6480df0cfec74546fb558f,103,RASNA,3720,3720,1,01-LOHEGOAN,DIST-1001,FIRM-2001,MUKESH AGENCIES,true,2026-06-18T11:21:00.000Z,2026-06-18T07:40:08.337Z
6a6480df0cfec74546fb5590,103,RASNA,2117,2117,2,02-DHANORI,DIST-1001,FIRM-2001,MUKESH AGENCIES,true,2026-06-18T11:21:00.000Z,2026-06-18T07:40:08.337Z
6a6480df0cfec74546fb5591,103,RASNA,2120,2120,2,02-DHANORI,DIST-1001,FIRM-2001,MUKESH AGENCIES,true,2026-06-18T11:21:00.000Z,2026-06-18T07:40:08.337Z
6a6480df0cfec74546fb5592,103,RASNA,2123,2123,2,02-DHANORI,DIST-1001,FIRM-2001,MUKESH AGENCIES,true,2026-06-18T11:21:00.000Z,2026-06-18T07:40:08.337Z
6a6480df0cfec74546fb5593,103,RASNA,2149,2149,2,02-DHANORI,DIST-1001,FIRM-2001,MUKESH AGENCIES,true,2026-06-18T11:21:00.000Z,2026-06-18T07:40:08.337Z
6a6480df0cfec74546fb5594,103,RASNA,2159,2159,2,02-DHANORI,DIST-1001,FIRM-2001,MUKESH AGENCIES,true,2026-06-18T11:21:00.000Z,2026-06-18T07:40:08.337Z
6a6480df0cfec74546fb5595,103,RASNA,2161,2161,2,02-DHANORI,DIST-1001,FIRM-2001,MUKESH AGENCIES,true,2026-06-18T11:21:00.000Z,2026-06-18T07:40:08.337Z
6a6480df0cfec74546fb5596,103,RASNA,2171,2171,2,02-DHANORI,DIST-1001,FIRM-2001,MUKESH AGENCIES,true,2026-06-18T11:21:00.000Z,2026-06-18T07:40:08.337Z
6a6480df0cfec74546fb5597,103,RASNA,2179,2179,2,02-DHANORI,DIST-1001,FIRM-2001,MUKESH AGENCIES,true,2026-06-18T11:21:00.000Z,2026-06-18T07:40:08.337Z
6a6480df0cfec74546fb5598,103,RASNA,2180,2180,2,02-DHANORI,DIST-1001,FIRM-2001,MUKESH AGENCIES,true,2026-06-18T11:21:00.000Z,2026-06-18T07:40:08.337Z
6a6480df0cfec74546fb5599,103,RASNA,2408,2408,2,02-DHANORI,DIST-1001,FIRM-2001,MUKESH AGENCIES,true,2026-06-18T11:21:00.000Z,2026-06-18T07:40:08.337Z
6a6480df0cfec74546fb559a,103,RASNA,2475,2475,2,02-DHANORI,DIST-1001,FIRM-2001,MUKESH AGENCIES,true,2026-06-18T11:21:00.000Z,2026-06-18T07:40:08.337Z
6a6480df0cfec74546fb559b,103,RASNA,2564,2564,2,02-DHANORI,DIST-1001,FIRM-2001,MUKESH AGENCIES,true,2026-06-18T11:21:00.000Z,2026-06-18T07:40:08.337Z
6a6480df0cfec74546fb559c,103,RASNA,2668,2668,2,02-DHANORI,DIST-1001,FIRM-2001,MUKESH AGENCIES,true,2026-06-18T11:21:00.000Z,2026-06-18T07:40:08.337Z
6a6480df0cfec74546fb559d,103,RASNA,3393,3393,2,02-DHANORI,DIST-1001,FIRM-2001,MUKESH AGENCIES,true,2026-06-18T11:21:00.000Z,2026-06-18T07:40:08.337Z
6a6480df0cfec74546fb559e,103,RASNA,3394,3394,2,02-DHANORI,DIST-1001,FIRM-2001,MUKESH AGENCIES,true,2026-06-18T11:21:00.000Z,2026-06-18T07:40:08.337Z
6a6480df0cfec74546fb559f,103,RASNA,3395,3395,2,02-DHANORI,DIST-1001,FIRM-2001,MUKESH AGENCIES,true,2026-06-18T11:21:00.000Z,2026-06-18T07:40:08.337Z
6a6480df0cfec74546fb55a0,103,RASNA,3734,3734,2,02-DHANORI,DIST-1001,FIRM-2001,MUKESH AGENCIES,true,2026-06-18T11:21:00.000Z,2026-06-18T07:40:08.337Z
6a6480df0cfec74546fb55a1,103,RASNA,3386,3386,3,03-VISHAWANTWADI,DIST-1001,FIRM-2001,MUKESH AGENCIES,true,2026-06-18T11:21:00.000Z,2026-06-18T07:40:08.337Z
6a6480df0cfec74546fb55a2,103,RASNA,3384,3384,4,04-FULEGANAGR,DIST-1001,FIRM-2001,MUKESH AGENCIES,true,2026-06-18T11:21:00.000Z,2026-06-18T07:40:08.337Z
6a6480df0cfec74546fb55a3,103,RASNA,3385,3385,4,04-FULEGANAGR,DIST-1001,FIRM-2001,MUKESH AGENCIES,true,2026-06-18T11:21:00.000Z,2026-06-18T07:40:08.337Z
6a6480df0cfec74546fb55a4,103,RASNA,2214,2214,5,05-KALASH,DIST-1001,FIRM-2001,MUKESH AGENCIES,true,2026-06-18T11:21:00.000Z,2026-06-18T07:40:08.337Z
6a6480df0cfec74546fb55a5,103,RASNA,2219,2219,5,05-KALASH,DIST-1001,FIRM-2001,MUKESH AGENCIES,true,2026-06-18T11:21:00.000Z,2026-06-18T07:40:08.337Z
6a6480df0cfec74546fb55a6,103,RASNA,2400,2400,5,05-KALASH,DIST-1001,FIRM-2001,MUKESH AGENCIES,true,2026-06-18T11:21:00.000Z,2026-06-18T07:40:08.337Z
6a6480df0cfec74546fb55a7,103,RASNA,2440,2440,5,05-KALASH,DIST-1001,FIRM-2001,MUKESH AGENCIES,true,2026-06-18T11:21:00.000Z,2026-06-18T07:40:08.337Z
6a6480df0cfec74546fb55a8,103,RASNA,2663,2663,5,05-KALASH,DIST-1001,FIRM-2001,MUKESH AGENCIES,true,2026-06-18T11:21:00.000Z,2026-06-18T07:40:08.337Z
6a6480df0cfec74546fb55a9,103,RASNA,2680,2680,5,05-KALASH,DIST-1001,FIRM-2001,MUKESH AGENCIES,true,2026-06-18T11:21:00.000Z,2026-06-18T07:40:08.337Z
6a6480df0cfec74546fb55aa,103,RASNA,2681,2681,5,05-KALASH,DIST-1001,FIRM-2001,MUKESH AGENCIES,true,2026-06-18T11:21:00.000Z,2026-06-18T07:40:08.337Z
6a6480df0cfec74546fb55ab,103,RASNA,3335,3335,5,05-KALASH,DIST-1001,FIRM-2001,MUKESH AGENCIES,true,2026-06-18T11:21:00.000Z,2026-06-18T07:40:08.337Z
6a6480df0cfec74546fb55ac,103,RASNA,2226,2226,6,06-MUNJEWASTI,DIST-1001,FIRM-2001,MUKESH AGENCIES,true,2026-06-18T11:21:00.000Z,2026-06-18T07:40:08.337Z
6a6480df0cfec74546fb55ad,103,RASNA,2228,2228,6,06-MUNJEWASTI,DIST-1001,FIRM-2001,MUKESH AGENCIES,true,2026-06-18T11:21:00.000Z,2026-06-18T07:40:08.337Z
6a6480df0cfec74546fb55ae,103,RASNA,2579,2579,6,06-MUNJEWASTI,DIST-1001,FIRM-2001,MUKESH AGENCIES,true,2026-06-18T11:21:00.000Z,2026-06-18T07:40:08.337Z
6a6480df0cfec74546fb55af,103,RASNA,2635,2635,6,06-MUNJEWASTI,DIST-1001,FIRM-2001,MUKESH AGENCIES,true,2026-06-18T11:21:00.000Z,2026-06-18T07:40:08.337Z
6a6480df0cfec74546fb55b0,103,RASNA,2654,2654,6,06-MUNJEWASTI,DIST-1001,FIRM-2001,MUKESH AGENCIES,true,2026-06-18T11:21:00.000Z,2026-06-18T07:40:08.337Z
6a6480df0cfec74546fb55b1,103,RASNA,2665,2665,6,06-MUNJEWASTI,DIST-1001,FIRM-2001,MUKESH AGENCIES,true,2026-06-18T11:21:00.000Z,2026-06-18T07:40:08.337Z
6a6480df0cfec74546fb55b2,103,RASNA,3211,3211,6,06-MUNJEWASTI,DIST-1001,FIRM-2001,MUKESH AGENCIES,true,2026-06-18T11:21:00.000Z,2026-06-18T07:40:08.337Z
6a6480df0cfec74546fb55b3,103,RASNA,2233,2233,7,07-TINGRE NAGAR,DIST-1001,FIRM-2001,MUKESH AGENCIES,true,2026-06-18T11:21:00.000Z,2026-06-18T07:40:08.337Z
6a6480df0cfec74546fb55b4,103,RASNA,2238,2238,7,07-TINGRE NAGAR,DIST-1001,FIRM-2001,MUKESH AGENCIES,true,2026-06-18T11:21:00.000Z,2026-06-18T07:40:08.337Z
6a6480df0cfec74546fb55b5,103,RASNA,2239,2239,7,07-TINGRE NAGAR,DIST-1001,FIRM-2001,MUKESH AGENCIES,true,2026-06-18T11:21:00.000Z,2026-06-18T07:40:08.337Z
6a6480df0cfec74546fb55b6,103,RASNA,2240,2240,7,07-TINGRE NAGAR,DIST-1001,FIRM-2001,MUKESH AGENCIES,true,2026-06-18T11:21:00.000Z,2026-06-18T07:40:08.337Z
6a6480df0cfec74546fb55b7,103,RASNA,2241,2241,7,07-TINGRE NAGAR,DIST-1001,FIRM-2001,MUKESH AGENCIES,true,2026-06-18T11:21:00.000Z,2026-06-18T07:40:08.337Z
6a6480df0cfec74546fb55b8,103,RASNA,2246,2246,7,07-TINGRE NAGAR,DIST-1001,FIRM-2001,MUKESH AGENCIES,true,2026-06-18T11:21:00.000Z,2026-06-18T07:40:08.337Z
6a6480df0cfec74546fb55b9,103,RASNA,2248,2248,7,07-TINGRE NAGAR,DIST-1001,FIRM-2001,MUKESH AGENCIES,true,2026-06-18T11:21:00.000Z,2026-06-18T07:40:08.337Z
6a6480df0cfec74546fb55ba,103,RASNA,3361,3361,7,07-TINGRE NAGAR,DIST-1001,FIRM-2001,MUKESH AGENCIES,true,2026-06-18T11:21:00.000Z,2026-06-18T07:40:08.337Z
6a6480df0cfec74546fb55bb,103,RASNA,3362,3362,7,07-TINGRE NAGAR,DIST-1001,FIRM-2001,MUKESH AGENCIES,true,2026-06-18T11:21:00.000Z,2026-06-18T07:40:08.337Z
6a6480df0cfec74546fb55bc,103,RASNA,3388,3388,7,07-TINGRE NAGAR,DIST-1001,FIRM-2001,MUKESH AGENCIES,true,2026-06-18T11:21:00.000Z,2026-06-18T07:40:08.337Z
6a6480df0cfec74546fb55bd,103,RASNA,3389,3389,7,07-TINGRE NAGAR,DIST-1001,FIRM-2001,MUKESH AGENCIES,true,2026-06-18T11:21:00.000Z,2026-06-18T07:40:08.337Z
6a6480df0cfec74546fb55be,103,RASNA,3387,3387,8,08-PRATIK NAGAR,DIST-1001,FIRM-2001,MUKESH AGENCIES,true,2026-06-18T11:21:00.000Z,2026-06-18T07:40:08.337Z
6a6480df0cfec74546fb55bf,103,RASNA,3481,3481,8,08-PRATIK NAGAR,DIST-1001,FIRM-2001,MUKESH AGENCIES,true,2026-06-18T11:21:00.000Z,2026-06-18T07:40:08.337Z
6a6480df0cfec74546fb55c0,103,RASNA,2409,2409,9,09-NAGPUR CHAL,DIST-1001,FIRM-2001,MUKESH AGENCIES,true,2026-06-18T11:21:00.000Z,2026-06-18T07:40:08.337Z
6a6480df0cfec74546fb55c1,103,RASNA,3146,3146,9,09-NAGPUR CHAL,DIST-1001,FIRM-2001,MUKESH AGENCIES,true,2026-06-18T11:21:00.000Z,2026-06-18T07:40:08.337Z
6a6480df0cfec74546fb55c2,103,RASNA,3363,3363,10,10-YERADA,DIST-1001,FIRM-2001,MUKESH AGENCIES,true,2026-06-18T11:21:00.000Z,2026-06-18T07:40:08.337Z
6a6480df0cfec74546fb55c3,103,RASNA,3364,3364,10,10-YERADA,DIST-1001,FIRM-2001,MUKESH AGENCIES,true,2026-06-18T11:21:00.000Z,2026-06-18T07:40:08.337Z
6a6480df0cfec74546fb55c4,103,RASNA,3365,3365,10,10-YERADA,DIST-1001,FIRM-2001,MUKESH AGENCIES,true,2026-06-18T11:21:00.000Z,2026-06-18T07:40:08.337Z
6a6480df0cfec74546fb55c5,103,RASNA,3366,3366,10,10-YERADA,DIST-1001,FIRM-2001,MUKESH AGENCIES,true,2026-06-18T11:21:00.000Z,2026-06-18T07:40:08.337Z
6a6480df0cfec74546fb55c6,103,RASNA,3367,3367,10,10-YERADA,DIST-1001,FIRM-2001,MUKESH AGENCIES,true,2026-06-18T11:21:00.000Z,2026-06-18T07:40:08.337Z
6a6480df0cfec74546fb55c7,103,RASNA,3368,3368,10,10-YERADA,DIST-1001,FIRM-2001,MUKESH AGENCIES,true,2026-06-18T11:21:00.000Z,2026-06-18T07:40:08.337Z
6a6480df0cfec74546fb55c8,103,RASNA,3369,3369,10,10-YERADA,DIST-1001,FIRM-2001,MUKESH AGENCIES,true,2026-06-18T11:21:00.000Z,2026-06-18T07:40:08.337Z
6a6480df0cfec74546fb55c9,103,RASNA,2213,2213,11,11-KALWAD,DIST-1001,FIRM-2001,MUKESH AGENCIES,true,2026-06-18T11:21:00.000Z,2026-06-18T07:40:08.337Z
6a6480df0cfec74546fb55ca,103,RASNA,2492,2492,11,11-KALWAD,DIST-1001,FIRM-2001,MUKESH AGENCIES,true,2026-06-18T11:21:00.000Z,2026-06-18T07:40:08.337Z
6a6480df0cfec74546fb55cb,103,RASNA,2535,2535,11,11-KALWAD,DIST-1001,FIRM-2001,MUKESH AGENCIES,true,2026-06-18T11:21:00.000Z,2026-06-18T07:40:08.337Z
6a6480df0cfec74546fb55cc,103,RASNA,2653,2653,11,11-KALWAD,DIST-1001,FIRM-2001,MUKESH AGENCIES,true,2026-06-18T11:21:00.000Z,2026-06-18T07:40:08.337Z
6a6480df0cfec74546fb55cd,103,RASNA,3187,3187,11,11-KALWAD,DIST-1001,FIRM-2001,MUKESH AGENCIES,true,2026-06-18T11:21:00.000Z,2026-06-18T07:40:08.337Z
6a6480df0cfec74546fb55ce,103,RASNA,3202,3202,11,11-KALWAD,DIST-1001,FIRM-2001,MUKESH AGENCIES,true,2026-06-18T11:21:00.000Z,2026-06-18T07:40:08.337Z
6a6480df0cfec74546fb55cf,103,RASNA,2375,2375,12,12-BHAIRAV NAGAR,DIST-1001,FIRM-2001,MUKESH AGENCIES,true,2026-06-18T11:21:00.000Z,2026-06-18T07:40:08.337Z
6a6480df0cfec74546fb55d0,103,RASNA,2381,2381,12,12-BHAIRAV NAGAR,DIST-1001,FIRM-2001,MUKESH AGENCIES,true,2026-06-18T11:21:00.000Z,2026-06-18T07:40:08.337Z
6a6480df0cfec74546fb55d1,103,RASNA,2832,2832,19,19-KHARADI-1,DIST-1001,FIRM-2001,MUKESH AGENCIES,true,2026-06-18T11:21:00.000Z,2026-06-18T07:40:08.337Z
6a6480df0cfec74546fb55d2,103,RASNA,3219,3219,19,19-KHARADI-1,DIST-1001,FIRM-2001,MUKESH AGENCIES,true,2026-06-18T11:21:00.000Z,2026-06-18T07:40:08.337Z
6a6480df0cfec74546fb55d3,103,RASNA,2970,2970,20,20-CHANDAN NAGAR,DIST-1001,FIRM-2001,MUKESH AGENCIES,true,2026-06-18T11:21:00.000Z,2026-06-18T07:40:08.337Z
6a6480df0cfec74546fb55d4,103,RASNA,2972,2972,20,20-CHANDAN NAGAR,DIST-1001,FIRM-2001,MUKESH AGENCIES,true,2026-06-18T11:21:00.000Z,2026-06-18T07:40:08.337Z
6a6480df0cfec74546fb55d5,103,RASNA,3159,3159,20,20-CHANDAN NAGAR,DIST-1001,FIRM-2001,MUKESH AGENCIES,true,2026-06-18T11:21:00.000Z,2026-06-18T07:40:08.337Z
6a6480df0cfec74546fb55d6,103,RASNA,3197,3197,20,20-CHANDAN NAGAR,DIST-1001,FIRM-2001,MUKESH AGENCIES,true,2026-06-18T11:21:00.000Z,2026-06-18T07:40:08.337Z
6a6480df0cfec74546fb55d7,103,RASNA,3230,3230,20,20-CHANDAN NAGAR,DIST-1001,FIRM-2001,MUKESH AGENCIES,true,2026-06-18T11:21:00.000Z,2026-06-18T07:40:08.337Z
6a6480df0cfec74546fb55d8,103,RASNA,3372,3372,20,20-CHANDAN NAGAR,DIST-1001,FIRM-2001,MUKESH AGENCIES,true,2026-06-18T11:21:00.000Z,2026-06-18T07:40:08.337Z
6a6480df0cfec74546fb55d9,103,RASNA,3373,3373,20,20-CHANDAN NAGAR,DIST-1001,FIRM-2001,MUKESH AGENCIES,true,2026-06-18T11:21:00.000Z,2026-06-18T07:40:08.337Z
6a6480df0cfec74546fb55da,103,RASNA,3374,3374,20,20-CHANDAN NAGAR,DIST-1001,FIRM-2001,MUKESH AGENCIES,true,2026-06-18T11:21:00.000Z,2026-06-18T07:40:08.337Z
6a6480df0cfec74546fb55db,103,RASNA,2702,2702,21,21-VADGAON SHERI,DIST-1001,FIRM-2001,MUKESH AGENCIES,true,2026-06-18T11:21:00.000Z,2026-06-18T07:40:08.337Z
6a6480df0cfec74546fb55dc,103,RASNA,3093,3093,22,22-VIMAN NAGAR,DIST-1001,FIRM-2001,MUKESH AGENCIES,true,2026-06-18T11:21:00.000Z,2026-06-18T07:40:08.337Z
6a6480df0cfec74546fb55dd,103,RASNA,3195,3195,22,22-VIMAN NAGAR,DIST-1001,FIRM-2001,MUKESH AGENCIES,true,2026-06-18T11:21:00.000Z,2026-06-18T07:40:08.337Z
6a6480df0cfec74546fb55de,103,RASNA,3043,3043,23,23-WAGHOLI,DIST-1001,FIRM-2001,MUKESH AGENCIES,true,2026-06-18T11:21:00.000Z,2026-06-18T07:40:08.337Z
6a6480df0cfec74546fb55df,103,RASNA,3282,3282,23,23-WAGHOLI,DIST-1001,FIRM-2001,MUKESH AGENCIES,true,2026-06-18T11:21:00.000Z,2026-06-18T07:40:08.337Z
6a6480df0cfec74546fb55e0,103,RASNA,3291,3291,23,23-WAGHOLI,DIST-1001,FIRM-2001,MUKESH AGENCIES,true,2026-06-18T11:21:00.000Z,2026-06-18T07:40:08.337Z
6a6480df0cfec74546fb55e1,103,RASNA,3371,3371,23,23-WAGHOLI,DIST-1001,FIRM-2001,MUKESH AGENCIES,true,2026-06-18T11:21:00.000Z,2026-06-18T07:40:08.337Z
6a6480df0cfec74546fb55e2,103,RASNA,3396,3396,23,23-WAGHOLI,DIST-1001,FIRM-2001,MUKESH AGENCIES,true,2026-06-18T11:21:00.000Z,2026-06-18T07:40:08.337Z
6a6480df0cfec74546fb55e3,103,RASNA,3397,3397,23,23-WAGHOLI,DIST-1001,FIRM-2001,MUKESH AGENCIES,true,2026-06-18T11:21:00.000Z,2026-06-18T07:40:08.337Z
6a6480df0cfec74546fb55e4,103,RASNA,3398,3398,23,23-WAGHOLI,DIST-1001,FIRM-2001,MUKESH AGENCIES,true,2026-06-18T11:21:00.000Z,2026-06-18T07:40:08.337Z
6a6480df0cfec74546fb55e5,103,RASNA,3421,3421,23,23-WAGHOLI,DIST-1001,FIRM-2001,MUKESH AGENCIES,true,2026-06-18T11:21:00.000Z,2026-06-18T07:40:08.337Z
6a6480df0cfec74546fb55e6,103,RASNA,3860,3860,23,23-WAGHOLI,DIST-1001,FIRM-2001,MUKESH AGENCIES,true,2026-06-18T11:21:00.000Z,2026-06-18T07:40:08.337Z
6a6480df0cfec74546fb55e7,103,RASNA,3080,3080,24,24-NAGAR ROAD,DIST-1001,FIRM-2001,MUKESH AGENCIES,true,2026-06-18T11:21:00.000Z,2026-06-18T07:40:08.337Z
6a6480df0cfec74546fb55e8,103,RASNA,3015,3015,25,25-KHARADI-2,DIST-1001,FIRM-2001,MUKESH AGENCIES,true,2026-06-18T11:21:00.000Z,2026-06-18T07:40:08.337Z
6a6480df0cfec74546fb55e9,103,RASNA,3181,3181,25,25-KHARADI-2,DIST-1001,FIRM-2001,MUKESH AGENCIES,true,2026-06-18T11:21:00.000Z,2026-06-18T07:40:08.337Z
6a6480df0cfec74546fb55ea,103,RASNA,3182,3182,25,25-KHARADI-2,DIST-1001,FIRM-2001,MUKESH AGENCIES,true,2026-06-18T11:21:00.000Z,2026-06-18T07:40:08.337Z
6a6480df0cfec74546fb55eb,103,RASNA,3333,3333,25,25-KHARADI-2,DIST-1001,FIRM-2001,MUKESH AGENCIES,true,2026-06-18T11:21:00.000Z,2026-06-18T07:40:08.337Z
6a6480df0cfec74546fb55ec,103,RASNA,3334,3334,25,25-KHARADI-2,DIST-1001,FIRM-2001,MUKESH AGENCIES,true,2026-06-18T11:21:00.000Z,2026-06-18T07:40:08.337Z
6a6480df0cfec74546fb55ed,103,RASNA,3370,3370,25,25-KHARADI-2,DIST-1001,FIRM-2001,MUKESH AGENCIES,true,2026-06-18T11:21:00.000Z,2026-06-18T07:40:08.337Z
6a6480df0cfec74546fb55ee,103,RASNA,2742,2742,26,26-AWHALWADI,DIST-1001,FIRM-2001,MUKESH AGENCIES,true,2026-06-18T11:21:00.000Z,2026-06-18T07:40:08.337Z
6a6480df0cfec74546fb55ef,103,RASNA,2804,2804,26,26-AWHALWADI,DIST-1001,FIRM-2001,MUKESH AGENCIES,true,2026-06-18T11:21:00.000Z,2026-06-18T07:40:08.337Z
6a6480df0cfec74546fb55f0,103,RASNA,2877,2877,26,26-AWHALWADI,DIST-1001,FIRM-2001,MUKESH AGENCIES,true,2026-06-18T11:21:00.000Z,2026-06-18T07:40:08.337Z
6a6480df0cfec74546fb55f1,103,RASNA,2878,2878,26,26-AWHALWADI,DIST-1001,FIRM-2001,MUKESH AGENCIES,true,2026-06-18T11:21:00.000Z,2026-06-18T07:40:08.337Z
6a6480df0cfec74546fb55f2,103,RASNA,3194,3194,26,26-AWHALWADI,DIST-1001,FIRM-2001,MUKESH AGENCIES,true,2026-06-18T11:21:00.000Z,2026-06-18T07:40:08.337Z
6a6480df0cfec74546fb55f3,103,RASNA,3423,3423,27,27-LOHEGOAN ROAD,DIST-1001,FIRM-2001,MUKESH AGENCIES,true,2026-06-18T11:21:00.000Z,2026-06-18T07:40:08.337Z
6a6480df0cfec74546fb55f4,103,RASNA,3424,3424,27,27-LOHEGOAN ROAD,DIST-1001,FIRM-2001,MUKESH AGENCIES,true,2026-06-18T11:21:00.000Z,2026-06-18T07:40:08.337Z
6a6480df0cfec74546fb55f5,103,RASNA,3425,3425,27,27-LOHEGOAN ROAD,DIST-1001,FIRM-2001,MUKESH AGENCIES,true,2026-06-18T11:21:00.000Z,2026-06-18T07:40:08.337Z
6a6480df0cfec74546fb55f6,104,ORION,2001,2001,1,01-LOHEGOAN,DIST-1001,FIRM-2001,MUKESH AGENCIES,true,2026-06-18T11:21:00.000Z,2026-06-18T07:40:08.337Z
6a6480df0cfec74546fb55f7,104,ORION,2014,2014,1,01-LOHEGOAN,DIST-1001,FIRM-2001,MUKESH AGENCIES,true,2026-06-18T11:21:00.000Z,2026-06-18T07:40:08.337Z
6a6480df0cfec74546fb55f8,104,ORION,2018,2018,1,01-LOHEGOAN,DIST-1001,FIRM-2001,MUKESH AGENCIES,true,2026-06-18T11:21:00.000Z,2026-06-18T07:40:08.337Z
6a6480df0cfec74546fb55f9,104,ORION,2020,2020,1,01-LOHEGOAN,DIST-1001,FIRM-2001,MUKESH AGENCIES,true,2026-06-18T11:21:00.000Z,2026-06-18T07:40:08.337Z
6a6480df0cfec74546fb55fa,104,ORION,2024,2024,1,01-LOHEGOAN,DIST-1001,FIRM-2001,MUKESH AGENCIES,true,2026-06-18T11:21:00.000Z,2026-06-18T07:40:08.337Z
6a6480df0cfec74546fb55fb,104,ORION,2025,2025,1,01-LOHEGOAN,DIST-1001,FIRM-2001,MUKESH AGENCIES,true,2026-06-18T11:21:00.000Z,2026-06-18T07:40:08.337Z
6a6480df0cfec74546fb55fc,104,ORION,2036,2036,1,01-LOHEGOAN,DIST-1001,FIRM-2001,MUKESH AGENCIES,true,2026-06-18T11:21:00.000Z,2026-06-18T07:40:08.337Z
6a6480df0cfec74546fb55fd,104,ORION,2037,2037,1,01-LOHEGOAN,DIST-1001,FIRM-2001,MUKESH AGENCIES,true,2026-06-18T11:21:00.000Z,2026-06-18T07:40:08.337Z
6a6480df0cfec74546fb55fe,104,ORION,2039,2039,1,01-LOHEGOAN,DIST-1001,FIRM-2001,MUKESH AGENCIES,true,2026-06-18T11:21:00.000Z,2026-06-18T07:40:08.337Z
6a6480df0cfec74546fb55ff,104,ORION,2047,2047,1,01-LOHEGOAN,DIST-1001,FIRM-2001,MUKESH AGENCIES,true,2026-06-18T11:21:00.000Z,2026-06-18T07:40:08.337Z
6a6480df0cfec74546fb5600,104,ORION,2053,2053,1,01-LOHEGOAN,DIST-1001,FIRM-2001,MUKESH AGENCIES,true,2026-06-18T11:21:00.000Z,2026-06-18T07:40:08.337Z
6a6480df0cfec74546fb5601,104,ORION,2061,2061,1,01-LOHEGOAN,DIST-1001,FIRM-2001,MUKESH AGENCIES,true,2026-06-18T11:21:00.000Z,2026-06-18T07:40:08.337Z
6a6480df0cfec74546fb5602,104,ORION,2073,2073,1,01-LOHEGOAN,DIST-1001,FIRM-2001,MUKESH AGENCIES,true,2026-06-18T11:21:00.000Z,2026-06-18T07:40:08.337Z
6a6480df0cfec74546fb5603,104,ORION,2432,2432,1,01-LOHEGOAN,DIST-1001,FIRM-2001,MUKESH AGENCIES,true,2026-06-18T11:21:00.000Z,2026-06-18T07:40:08.337Z
6a6480df0cfec74546fb5604,104,ORION,2433,2433,1,01-LOHEGOAN,DIST-1001,FIRM-2001,MUKESH AGENCIES,true,2026-06-18T11:21:00.000Z,2026-06-18T07:40:08.337Z
6a6480df0cfec74546fb5605,104,ORION,2435,2435,1,01-LOHEGOAN,DIST-1001,FIRM-2001,MUKESH AGENCIES,true,2026-06-18T11:21:00.000Z,2026-06-18T07:40:08.337Z
6a6480df0cfec74546fb5606,104,ORION,2436,2436,1,01-LOHEGOAN,DIST-1001,FIRM-2001,MUKESH AGENCIES,true,2026-06-18T11:21:00.000Z,2026-06-18T07:40:08.337Z
6a6480df0cfec74546fb5607,104,ORION,2437,2437,1,01-LOHEGOAN,DIST-1001,FIRM-2001,MUKESH AGENCIES,true,2026-06-18T11:21:00.000Z,2026-06-18T07:40:08.337Z
6a6480df0cfec74546fb5608,104,ORION,2438,2438,1,01-LOHEGOAN,DIST-1001,FIRM-2001,MUKESH AGENCIES,true,2026-06-18T11:21:00.000Z,2026-06-18T07:40:08.337Z
6a6480df0cfec74546fb5609,104,ORION,2439,2439,1,01-LOHEGOAN,DIST-1001,FIRM-2001,MUKESH AGENCIES,true,2026-06-18T11:21:00.000Z,2026-06-18T07:40:08.337Z
6a6480df0cfec74546fb560a,104,ORION,2451,2451,1,01-LOHEGOAN,DIST-1001,FIRM-2001,MUKESH AGENCIES,true,2026-06-18T11:21:00.000Z,2026-06-18T07:40:08.337Z
6a6480df0cfec74546fb560b,104,ORION,2472,2472,1,01-LOHEGOAN,DIST-1001,FIRM-2001,MUKESH AGENCIES,true,2026-06-18T11:21:00.000Z,2026-06-18T07:40:08.337Z
6a6480df0cfec74546fb560c,104,ORION,2482,2482,1,01-LOHEGOAN,DIST-1001,FIRM-2001,MUKESH AGENCIES,true,2026-06-18T11:21:00.000Z,2026-06-18T07:40:08.337Z
6a6480df0cfec74546fb560d,104,ORION,2486,2486,1,01-LOHEGOAN,DIST-1001,FIRM-2001,MUKESH AGENCIES,true,2026-06-18T11:21:00.000Z,2026-06-18T07:40:08.337Z
6a6480df0cfec74546fb560e,104,ORION,2488,2488,1,01-LOHEGOAN,DIST-1001,FIRM-2001,MUKESH AGENCIES,true,2026-06-18T11:21:00.000Z,2026-06-18T07:40:08.337Z
6a6480df0cfec74546fb560f,104,ORION,2550,2550,1,01-LOHEGOAN,DIST-1001,FIRM-2001,MUKESH AGENCIES,true,2026-06-18T11:21:00.000Z,2026-06-18T07:40:08.337Z
6a6480df0cfec74546fb5610,104,ORION,2558,2558,1,01-LOHEGOAN,DIST-1001,FIRM-2001,MUKESH AGENCIES,true,2026-06-18T11:21:00.000Z,2026-06-18T07:40:08.337Z
6a6480df0cfec74546fb5611,104,ORION,2566,2566,1,01-LOHEGOAN,DIST-1001,FIRM-2001,MUKESH AGENCIES,true,2026-06-18T11:21:00.000Z,2026-06-18T07:40:08.337Z
6a6480df0cfec74546fb5612,104,ORION,2576,2576,1,01-LOHEGOAN,DIST-1001,FIRM-2001,MUKESH AGENCIES,true,2026-06-18T11:21:00.000Z,2026-06-18T07:40:08.337Z
6a6480df0cfec74546fb5613,104,ORION,2582,2582,1,01-LOHEGOAN,DIST-1001,FIRM-2001,MUKESH AGENCIES,true,2026-06-18T11:21:00.000Z,2026-06-18T07:40:08.337Z
6a6480df0cfec74546fb5614,104,ORION,2607,2607,1,01-LOHEGOAN,DIST-1001,FIRM-2001,MUKESH AGENCIES,true,2026-06-18T11:21:00.000Z,2026-06-18T07:40:08.337Z
6a6480df0cfec74546fb5615,104,ORION,2624,2624,1,01-LOHEGOAN,DIST-1001,FIRM-2001,MUKESH AGENCIES,true,2026-06-18T11:21:00.000Z,2026-06-18T07:40:08.337Z
6a6480df0cfec74546fb5616,104,ORION,2645,2645,1,01-LOHEGOAN,DIST-1001,FIRM-2001,MUKESH AGENCIES,true,2026-06-18T11:21:00.000Z,2026-06-18T07:40:08.337Z
6a6480df0cfec74546fb5617,104,ORION,2887,2887,1,01-LOHEGOAN,DIST-1001,FIRM-2001,MUKESH AGENCIES,true,2026-06-18T11:21:00.000Z,2026-06-18T07:40:08.337Z
6a6480df0cfec74546fb5618,104,ORION,2946,2946,1,01-LOHEGOAN,DIST-1001,FIRM-2001,MUKESH AGENCIES,true,2026-06-18T11:21:00.000Z,2026-06-18T07:40:08.337Z
6a6480df0cfec74546fb5619,104,ORION,2947,2947,1,01-LOHEGOAN,DIST-1001,FIRM-2001,MUKESH AGENCIES,true,2026-06-18T11:21:00.000Z,2026-06-18T07:40:08.337Z
6a6480df0cfec74546fb561a,104,ORION,2948,2948,1,01-LOHEGOAN,DIST-1001,FIRM-2001,MUKESH AGENCIES,true,2026-06-18T11:21:00.000Z,2026-06-18T07:40:08.337Z
6a6480df0cfec74546fb561b,104,ORION,2949,2949,1,01-LOHEGOAN,DIST-1001,FIRM-2001,MUKESH AGENCIES,true,2026-06-18T11:21:00.000Z,2026-06-18T07:40:08.337Z
6a6480df0cfec74546fb561c,104,ORION,3156,3156,1,01-LOHEGOAN,DIST-1001,FIRM-2001,MUKESH AGENCIES,true,2026-06-18T11:21:00.000Z,2026-06-18T07:40:08.337Z
6a6480df0cfec74546fb561d,104,ORION,3157,3157,1,01-LOHEGOAN,DIST-1001,FIRM-2001,MUKESH AGENCIES,true,2026-06-18T11:21:00.000Z,2026-06-18T07:40:08.337Z
6a6480df0cfec74546fb561e,104,ORION,3203,3203,1,01-LOHEGOAN,DIST-1001,FIRM-2001,MUKESH AGENCIES,true,2026-06-18T11:21:00.000Z,2026-06-18T07:40:08.337Z
6a6480df0cfec74546fb561f,104,ORION,3287,3287,1,01-LOHEGOAN,DIST-1001,FIRM-2001,MUKESH AGENCIES,true,2026-06-18T11:21:00.000Z,2026-06-18T07:40:08.337Z
6a6480df0cfec74546fb5620,104,ORION,3296,3296,1,01-LOHEGOAN,DIST-1001,FIRM-2001,MUKESH AGENCIES,true,2026-06-18T11:21:00.000Z,2026-06-18T07:40:08.337Z
6a6480df0cfec74546fb5621,104,ORION,3297,3297,1,01-LOHEGOAN,DIST-1001,FIRM-2001,MUKESH AGENCIES,true,2026-06-18T11:21:00.000Z,2026-06-18T07:40:08.337Z
6a6480df0cfec74546fb5622,104,ORION,3306,3306,1,01-LOHEGOAN,DIST-1001,FIRM-2001,MUKESH AGENCIES,true,2026-06-18T11:21:00.000Z,2026-06-18T07:40:08.337Z
6a6480df0cfec74546fb5623,104,ORION,3337,3337,1,01-LOHEGOAN,DIST-1001,FIRM-2001,MUKESH AGENCIES,true,2026-06-18T11:21:00.000Z,2026-06-18T07:40:08.337Z
6a6480df0cfec74546fb5624,104,ORION,3338,3338,1,01-LOHEGOAN,DIST-1001,FIRM-2001,MUKESH AGENCIES,true,2026-06-18T11:21:00.000Z,2026-06-18T07:40:08.337Z
6a6480df0cfec74546fb5625,104,ORION,3339,3339,1,01-LOHEGOAN,DIST-1001,FIRM-2001,MUKESH AGENCIES,true,2026-06-18T11:21:00.000Z,2026-06-18T07:40:08.337Z
6a6480df0cfec74546fb5626,104,ORION,3340,3340,1,01-LOHEGOAN,DIST-1001,FIRM-2001,MUKESH AGENCIES,true,2026-06-18T11:21:00.000Z,2026-06-18T07:40:08.337Z
6a6480df0cfec74546fb5627,104,ORION,3341,3341,1,01-LOHEGOAN,DIST-1001,FIRM-2001,MUKESH AGENCIES,true,2026-06-18T11:21:00.000Z,2026-06-18T07:40:08.337Z
6a6480df0cfec74546fb5628,104,ORION,3346,3346,1,01-LOHEGOAN,DIST-1001,FIRM-2001,MUKESH AGENCIES,true,2026-06-18T11:21:00.000Z,2026-06-18T07:40:08.337Z
6a6480df0cfec74546fb5629,104,ORION,3382,3382,1,01-LOHEGOAN,DIST-1001,FIRM-2001,MUKESH AGENCIES,true,2026-06-18T11:21:00.000Z,2026-06-18T07:40:08.337Z
6a6480df0cfec74546fb562a,104,ORION,3457,3457,1,01-LOHEGOAN,DIST-1001,FIRM-2001,MUKESH AGENCIES,true,2026-06-18T11:21:00.000Z,2026-06-18T07:40:08.337Z
6a6480df0cfec74546fb562b,104,ORION,3466,3466,1,01-LOHEGOAN,DIST-1001,FIRM-2001,MUKESH AGENCIES,true,2026-06-18T11:21:00.000Z,2026-06-18T07:40:08.337Z
6a6480df0cfec74546fb562c,104,ORION,3470,3470,1,01-LOHEGOAN,DIST-1001,FIRM-2001,MUKESH AGENCIES,true,2026-06-18T11:21:00.000Z,2026-06-18T07:40:08.337Z
6a6480df0cfec74546fb562d,104,ORION,2093,2093,2,02-DHANORI,DIST-1001,FIRM-2001,MUKESH AGENCIES,true,2026-06-18T11:21:00.000Z,2026-06-18T07:40:08.337Z
6a6480df0cfec74546fb562e,104,ORION,2108,2108,2,02-DHANORI,DIST-1001,FIRM-2001,MUKESH AGENCIES,true,2026-06-18T11:21:00.000Z,2026-06-18T07:40:08.337Z
6a6480df0cfec74546fb562f,104,ORION,2110,2110,2,02-DHANORI,DIST-1001,FIRM-2001,MUKESH AGENCIES,true,2026-06-18T11:21:00.000Z,2026-06-18T07:40:08.337Z
6a6480df0cfec74546fb5630,104,ORION,2117,2117,2,02-DHANORI,DIST-1001,FIRM-2001,MUKESH AGENCIES,true,2026-06-18T11:21:00.000Z,2026-06-18T07:40:08.337Z
6a6480df0cfec74546fb5631,104,ORION,2118,2118,2,02-DHANORI,DIST-1001,FIRM-2001,MUKESH AGENCIES,true,2026-06-18T11:21:00.000Z,2026-06-18T07:40:08.337Z
6a6480df0cfec74546fb5632,104,ORION,2121,2121,2,02-DHANORI,DIST-1001,FIRM-2001,MUKESH AGENCIES,true,2026-06-18T11:21:00.000Z,2026-06-18T07:40:08.337Z
6a6480df0cfec74546fb5633,104,ORION,2123,2123,2,02-DHANORI,DIST-1001,FIRM-2001,MUKESH AGENCIES,true,2026-06-18T11:21:00.000Z,2026-06-18T07:40:08.337Z
6a6480df0cfec74546fb5634,104,ORION,2125,2125,2,02-DHANORI,DIST-1001,FIRM-2001,MUKESH AGENCIES,true,2026-06-18T11:21:00.000Z,2026-06-18T07:40:08.337Z
6a6480df0cfec74546fb5635,104,ORION,2129,2129,2,02-DHANORI,DIST-1001,FIRM-2001,MUKESH AGENCIES,true,2026-06-18T11:21:00.000Z,2026-06-18T07:40:08.337Z
6a6480df0cfec74546fb5636,104,ORION,2131,2131,2,02-DHANORI,DIST-1001,FIRM-2001,MUKESH AGENCIES,true,2026-06-18T11:21:00.000Z,2026-06-18T07:40:08.337Z
6a6480df0cfec74546fb5637,104,ORION,2133,2133,2,02-DHANORI,DIST-1001,FIRM-2001,MUKESH AGENCIES,true,2026-06-18T11:21:00.000Z,2026-06-18T07:40:08.337Z
6a6480df0cfec74546fb5638,104,ORION,2135,2135,2,02-DHANORI,DIST-1001,FIRM-2001,MUKESH AGENCIES,true,2026-06-18T11:21:00.000Z,2026-06-18T07:40:08.337Z
6a6480df0cfec74546fb5639,104,ORION,2138,2138,2,02-DHANORI,DIST-1001,FIRM-2001,MUKESH AGENCIES,true,2026-06-18T11:21:00.000Z,2026-06-18T07:40:08.337Z
6a6480df0cfec74546fb563a,104,ORION,2146,2146,2,02-DHANORI,DIST-1001,FIRM-2001,MUKESH AGENCIES,true,2026-06-18T11:21:00.000Z,2026-06-18T07:40:08.337Z
6a6480df0cfec74546fb563b,104,ORION,2158,2158,2,02-DHANORI,DIST-1001,FIRM-2001,MUKESH AGENCIES,true,2026-06-18T11:21:00.000Z,2026-06-18T07:40:08.337Z
6a6480df0cfec74546fb563c,104,ORION,2160,2160,2,02-DHANORI,DIST-1001,FIRM-2001,MUKESH AGENCIES,true,2026-06-18T11:21:00.000Z,2026-06-18T07:40:08.337Z
6a6480df0cfec74546fb563d,104,ORION,2161,2161,2,02-DHANORI,DIST-1001,FIRM-2001,MUKESH AGENCIES,true,2026-06-18T11:21:00.000Z,2026-06-18T07:40:08.337Z
6a6480df0cfec74546fb563e,104,ORION,2163,2163,2,02-DHANORI,DIST-1001,FIRM-2001,MUKESH AGENCIES,true,2026-06-18T11:21:00.000Z,2026-06-18T07:40:08.337Z
6a6480df0cfec74546fb563f,104,ORION,2171,2171,2,02-DHANORI,DIST-1001,FIRM-2001,MUKESH AGENCIES,true,2026-06-18T11:21:00.000Z,2026-06-18T07:40:08.337Z
6a6480df0cfec74546fb5640,104,ORION,2179,2179,2,02-DHANORI,DIST-1001,FIRM-2001,MUKESH AGENCIES,true,2026-06-18T11:21:00.000Z,2026-06-18T07:40:08.337Z
6a6480df0cfec74546fb5641,104,ORION,2180,2180,2,02-DHANORI,DIST-1001,FIRM-2001,MUKESH AGENCIES,true,2026-06-18T11:21:00.000Z,2026-06-18T07:40:08.337Z
6a6480df0cfec74546fb5642,104,ORION,2184,2184,2,02-DHANORI,DIST-1001,FIRM-2001,MUKESH AGENCIES,true,2026-06-18T11:21:00.000Z,2026-06-18T07:40:08.337Z
6a6480df0cfec74546fb5643,104,ORION,2408,2408,2,02-DHANORI,DIST-1001,FIRM-2001,MUKESH AGENCIES,true,2026-06-18T11:21:00.000Z,2026-06-18T07:40:08.337Z
6a6480df0cfec74546fb5644,104,ORION,2414,2414,2,02-DHANORI,DIST-1001,FIRM-2001,MUKESH AGENCIES,true,2026-06-18T11:21:00.000Z,2026-06-18T07:40:08.337Z
6a6480df0cfec74546fb5645,104,ORION,2415,2415,2,02-DHANORI,DIST-1001,FIRM-2001,MUKESH AGENCIES,true,2026-06-18T11:21:00.000Z,2026-06-18T07:40:08.337Z
6a6480df0cfec74546fb5646,104,ORION,2475,2475,2,02-DHANORI,DIST-1001,FIRM-2001,MUKESH AGENCIES,true,2026-06-18T11:21:00.000Z,2026-06-18T07:40:08.337Z
6a6480df0cfec74546fb5647,104,ORION,2494,2494,2,02-DHANORI,DIST-1001,FIRM-2001,MUKESH AGENCIES,true,2026-06-18T11:21:00.000Z,2026-06-18T07:40:08.337Z
6a6480df0cfec74546fb5648,104,ORION,2564,2564,2,02-DHANORI,DIST-1001,FIRM-2001,MUKESH AGENCIES,true,2026-06-18T11:21:00.000Z,2026-06-18T07:40:08.337Z
6a6480df0cfec74546fb5649,104,ORION,2886,2886,2,02-DHANORI,DIST-1001,FIRM-2001,MUKESH AGENCIES,true,2026-06-18T11:21:00.000Z,2026-06-18T07:40:08.337Z
6a6480df0cfec74546fb564a,104,ORION,3239,3239,2,02-DHANORI,DIST-1001,FIRM-2001,MUKESH AGENCIES,true,2026-06-18T11:21:00.000Z,2026-06-18T07:40:08.337Z
6a6480df0cfec74546fb564b,104,ORION,3317,3317,2,02-DHANORI,DIST-1001,FIRM-2001,MUKESH AGENCIES,true,2026-06-18T11:21:00.000Z,2026-06-18T07:40:08.337Z
6a6480df0cfec74546fb564c,104,ORION,2192,2192,3,03-VISHAWANTWADI,DIST-1001,FIRM-2001,MUKESH AGENCIES,true,2026-06-18T11:21:00.000Z,2026-06-18T07:40:08.337Z
6a6480df0cfec74546fb564d,104,ORION,2200,2200,3,03-VISHAWANTWADI,DIST-1001,FIRM-2001,MUKESH AGENCIES,true,2026-06-18T11:21:00.000Z,2026-06-18T07:40:08.337Z
6a6480df0cfec74546fb564e,104,ORION,2578,2578,3,03-VISHAWANTWADI,DIST-1001,FIRM-2001,MUKESH AGENCIES,true,2026-06-18T11:21:00.000Z,2026-06-18T07:40:08.337Z
6a6480df0cfec74546fb564f,104,ORION,3224,3224,3,03-VISHAWANTWADI,DIST-1001,FIRM-2001,MUKESH AGENCIES,true,2026-06-18T11:21:00.000Z,2026-06-18T07:40:08.337Z
6a6480df0cfec74546fb5650,104,ORION,2401,2401,4,04-FULEGANAGR,DIST-1001,FIRM-2001,MUKESH AGENCIES,true,2026-06-18T11:21:00.000Z,2026-06-18T07:40:08.337Z
6a6480df0cfec74546fb5651,104,ORION,2608,2608,4,04-FULEGANAGR,DIST-1001,FIRM-2001,MUKESH AGENCIES,true,2026-06-18T11:21:00.000Z,2026-06-18T07:40:08.337Z
6a6480df0cfec74546fb5652,104,ORION,2214,2214,5,05-KALASH,DIST-1001,FIRM-2001,MUKESH AGENCIES,true,2026-06-18T11:21:00.000Z,2026-06-18T07:40:08.337Z
6a6480df0cfec74546fb5653,104,ORION,2219,2219,5,05-KALASH,DIST-1001,FIRM-2001,MUKESH AGENCIES,true,2026-06-18T11:21:00.000Z,2026-06-18T07:40:08.337Z
6a6480df0cfec74546fb5654,104,ORION,2396,2396,5,05-KALASH,DIST-1001,FIRM-2001,MUKESH AGENCIES,true,2026-06-18T11:21:00.000Z,2026-06-18T07:40:08.337Z
6a6480df0cfec74546fb5655,104,ORION,2398,2398,5,05-KALASH,DIST-1001,FIRM-2001,MUKESH AGENCIES,true,2026-06-18T11:21:00.000Z,2026-06-18T07:40:08.337Z
6a6480df0cfec74546fb5656,104,ORION,2400,2400,5,05-KALASH,DIST-1001,FIRM-2001,MUKESH AGENCIES,true,2026-06-18T11:21:00.000Z,2026-06-18T07:40:08.337Z
6a6480df0cfec74546fb5657,104,ORION,2440,2440,5,05-KALASH,DIST-1001,FIRM-2001,MUKESH AGENCIES,true,2026-06-18T11:21:00.000Z,2026-06-18T07:40:08.337Z
6a6480df0cfec74546fb5658,104,ORION,2659,2659,5,05-KALASH,DIST-1001,FIRM-2001,MUKESH AGENCIES,true,2026-06-18T11:21:00.000Z,2026-06-18T07:40:08.337Z
6a6480df0cfec74546fb5659,104,ORION,2663,2663,5,05-KALASH,DIST-1001,FIRM-2001,MUKESH AGENCIES,true,2026-06-18T11:21:00.000Z,2026-06-18T07:40:08.337Z
6a6480df0cfec74546fb565a,104,ORION,2673,2673,5,05-KALASH,DIST-1001,FIRM-2001,MUKESH AGENCIES,true,2026-06-18T11:21:00.000Z,2026-06-18T07:40:08.337Z
6a6480df0cfec74546fb565b,104,ORION,2680,2680,5,05-KALASH,DIST-1001,FIRM-2001,MUKESH AGENCIES,true,2026-06-18T11:21:00.000Z,2026-06-18T07:40:08.337Z
6a6480df0cfec74546fb565c,104,ORION,2681,2681,5,05-KALASH,DIST-1001,FIRM-2001,MUKESH AGENCIES,true,2026-06-18T11:21:00.000Z,2026-06-18T07:40:08.337Z
6a6480df0cfec74546fb565d,104,ORION,2684,2684,5,05-KALASH,DIST-1001,FIRM-2001,MUKESH AGENCIES,true,2026-06-18T11:21:00.000Z,2026-06-18T07:40:08.337Z
6a6480df0cfec74546fb565e,104,ORION,2930,2930,5,05-KALASH,DIST-1001,FIRM-2001,MUKESH AGENCIES,true,2026-06-18T11:21:00.000Z,2026-06-18T07:40:08.337Z
6a6480df0cfec74546fb565f,104,ORION,3295,3295,5,05-KALASH,DIST-1001,FIRM-2001,MUKESH AGENCIES,true,2026-06-18T11:21:00.000Z,2026-06-18T07:40:08.337Z
6a6480df0cfec74546fb5660,104,ORION,3327,3327,5,05-KALASH,DIST-1001,FIRM-2001,MUKESH AGENCIES,true,2026-06-18T11:21:00.000Z,2026-06-18T07:40:08.337Z
6a6480df0cfec74546fb5661,104,ORION,2226,2226,6,06-MUNJEWASTI,DIST-1001,FIRM-2001,MUKESH AGENCIES,true,2026-06-18T11:21:00.000Z,2026-06-18T07:40:08.337Z
6a6480df0cfec74546fb5662,104,ORION,2462,2462,6,06-MUNJEWASTI,DIST-1001,FIRM-2001,MUKESH AGENCIES,true,2026-06-18T11:21:00.000Z,2026-06-18T07:40:08.337Z
6a6480df0cfec74546fb5663,104,ORION,2579,2579,6,06-MUNJEWASTI,DIST-1001,FIRM-2001,MUKESH AGENCIES,true,2026-06-18T11:21:00.000Z,2026-06-18T07:40:08.337Z
6a6480df0cfec74546fb5664,104,ORION,2635,2635,6,06-MUNJEWASTI,DIST-1001,FIRM-2001,MUKESH AGENCIES,true,2026-06-18T11:21:00.000Z,2026-06-18T07:40:08.337Z
6a6480df0cfec74546fb5665,104,ORION,2654,2654,6,06-MUNJEWASTI,DIST-1001,FIRM-2001,MUKESH AGENCIES,true,2026-06-18T11:21:00.000Z,2026-06-18T07:40:08.337Z
6a6480df0cfec74546fb5666,104,ORION,2656,2656,6,06-MUNJEWASTI,DIST-1001,FIRM-2001,MUKESH AGENCIES,true,2026-06-18T11:21:00.000Z,2026-06-18T07:40:08.337Z
6a6480df0cfec74546fb5667,104,ORION,2665,2665,6,06-MUNJEWASTI,DIST-1001,FIRM-2001,MUKESH AGENCIES,true,2026-06-18T11:21:00.000Z,2026-06-18T07:40:08.337Z
6a6480df0cfec74546fb5668,104,ORION,2762,2762,6,06-MUNJEWASTI,DIST-1001,FIRM-2001,MUKESH AGENCIES,true,2026-06-18T11:21:00.000Z,2026-06-18T07:40:08.337Z
6a6480df0cfec74546fb5669,104,ORION,2888,2888,6,06-MUNJEWASTI,DIST-1001,FIRM-2001,MUKESH AGENCIES,true,2026-06-18T11:21:00.000Z,2026-06-18T07:40:08.337Z
6a6480df0cfec74546fb566a,104,ORION,3211,3211,6,06-MUNJEWASTI,DIST-1001,FIRM-2001,MUKESH AGENCIES,true,2026-06-18T11:21:00.000Z,2026-06-18T07:40:08.337Z
6a6480df0cfec74546fb566b,104,ORION,3276,3276,6,06-MUNJEWASTI,DIST-1001,FIRM-2001,MUKESH AGENCIES,true,2026-06-18T11:21:00.000Z,2026-06-18T07:40:08.337Z
6a6480df0cfec74546fb566c,104,ORION,2233,2233,7,07-TINGRE NAGAR,DIST-1001,FIRM-2001,MUKESH AGENCIES,true,2026-06-18T11:21:00.000Z,2026-06-18T07:40:08.337Z
6a6480df0cfec74546fb566d,104,ORION,2241,2241,7,07-TINGRE NAGAR,DIST-1001,FIRM-2001,MUKESH AGENCIES,true,2026-06-18T11:21:00.000Z,2026-06-18T07:40:08.337Z
6a6480df0cfec74546fb566e,104,ORION,2243,2243,7,07-TINGRE NAGAR,DIST-1001,FIRM-2001,MUKESH AGENCIES,true,2026-06-18T11:21:00.000Z,2026-06-18T07:40:08.337Z
6a6480df0cfec74546fb566f,104,ORION,2269,2269,7,07-TINGRE NAGAR,DIST-1001,FIRM-2001,MUKESH AGENCIES,true,2026-06-18T11:21:00.000Z,2026-06-18T07:40:08.337Z
6a6480df0cfec74546fb5670,104,ORION,2283,2283,7,07-TINGRE NAGAR,DIST-1001,FIRM-2001,MUKESH AGENCIES,true,2026-06-18T11:21:00.000Z,2026-06-18T07:40:08.337Z
6a6480df0cfec74546fb5671,104,ORION,2497,2497,7,07-TINGRE NAGAR,DIST-1001,FIRM-2001,MUKESH AGENCIES,true,2026-06-18T11:21:00.000Z,2026-06-18T07:40:08.337Z
6a6480df0cfec74546fb5672,104,ORION,2620,2620,7,07-TINGRE NAGAR,DIST-1001,FIRM-2001,MUKESH AGENCIES,true,2026-06-18T11:21:00.000Z,2026-06-18T07:40:08.337Z
6a6480df0cfec74546fb5673,104,ORION,2289,2289,8,08-PRATIK NAGAR,DIST-1001,FIRM-2001,MUKESH AGENCIES,true,2026-06-18T11:21:00.000Z,2026-06-18T07:40:08.337Z
6a6480df0cfec74546fb5674,104,ORION,3481,3481,8,08-PRATIK NAGAR,DIST-1001,FIRM-2001,MUKESH AGENCIES,true,2026-06-18T11:21:00.000Z,2026-06-18T07:40:08.337Z
6a6480df0cfec74546fb5675,104,ORION,2409,2409,9,09-NAGPUR CHAL,DIST-1001,FIRM-2001,MUKESH AGENCIES,true,2026-06-18T11:21:00.000Z,2026-06-18T07:40:08.337Z
6a6480df0cfec74546fb5676,104,ORION,2410,2410,9,09-NAGPUR CHAL,DIST-1001,FIRM-2001,MUKESH AGENCIES,true,2026-06-18T11:21:00.000Z,2026-06-18T07:40:08.337Z
6a6480df0cfec74546fb5677,104,ORION,3308,3308,9,09-NAGPUR CHAL,DIST-1001,FIRM-2001,MUKESH AGENCIES,true,2026-06-18T11:21:00.000Z,2026-06-18T07:40:08.337Z
6a6480df0cfec74546fb5678,104,ORION,2467,2467,10,10-YERADA,DIST-1001,FIRM-2001,MUKESH AGENCIES,true,2026-06-18T11:21:00.000Z,2026-06-18T07:40:08.337Z
6a6480df0cfec74546fb5679,104,ORION,3307,3307,10,10-YERADA,DIST-1001,FIRM-2001,MUKESH AGENCIES,true,2026-06-18T11:21:00.000Z,2026-06-18T07:40:08.337Z
6a6480df0cfec74546fb567a,104,ORION,3311,3311,10,10-YERADA,DIST-1001,FIRM-2001,MUKESH AGENCIES,true,2026-06-18T11:21:00.000Z,2026-06-18T07:40:08.337Z
6a6480df0cfec74546fb567b,104,ORION,2375,2375,12,12-BHAIRAV NAGAR,DIST-1001,FIRM-2001,MUKESH AGENCIES,true,2026-06-18T11:21:00.000Z,2026-06-18T07:40:08.337Z
6a6480df0cfec74546fb567c,104,ORION,2379,2379,12,12-BHAIRAV NAGAR,DIST-1001,FIRM-2001,MUKESH AGENCIES,true,2026-06-18T11:21:00.000Z,2026-06-18T07:40:08.337Z
6a6480df0cfec74546fb567d,104,ORION,2381,2381,12,12-BHAIRAV NAGAR,DIST-1001,FIRM-2001,MUKESH AGENCIES,true,2026-06-18T11:21:00.000Z,2026-06-18T07:40:08.337Z
6a6480df0cfec74546fb567e,104,ORION,2383,2383,12,12-BHAIRAV NAGAR,DIST-1001,FIRM-2001,MUKESH AGENCIES,true,2026-06-18T11:21:00.000Z,2026-06-18T07:40:08.337Z
6a6480df0cfec74546fb567f,104,ORION,2601,2601,16,16-KALYANI NAGAR,DIST-1001,FIRM-2001,MUKESH AGENCIES,true,2026-06-18T11:21:00.000Z,2026-06-18T07:40:08.337Z
6a6480df0cfec74546fb5680,104,ORION,2617,2617,16,16-KALYANI NAGAR,DIST-1001,FIRM-2001,MUKESH AGENCIES,true,2026-06-18T11:21:00.000Z,2026-06-18T07:40:08.337Z
6a6480df0cfec74546fb5681,104,ORION,2573,2573,17,17-KOREGAON PARK,DIST-1001,FIRM-2001,MUKESH AGENCIES,true,2026-06-18T11:21:00.000Z,2026-06-18T07:40:08.337Z
6a6480df0cfec74546fb5682,104,ORION,2585,2585,17,17-KOREGAON PARK,DIST-1001,FIRM-2001,MUKESH AGENCIES,true,2026-06-18T11:21:00.000Z,2026-06-18T07:40:08.337Z
6a6480df0cfec74546fb5683,104,ORION,2611,2611,17,17-KOREGAON PARK,DIST-1001,FIRM-2001,MUKESH AGENCIES,true,2026-06-18T11:21:00.000Z,2026-06-18T07:40:08.337Z
6a6480df0cfec74546fb5684,104,ORION,3313,3313,17,17-KOREGAON PARK,DIST-1001,FIRM-2001,MUKESH AGENCIES,true,2026-06-18T11:21:00.000Z,2026-06-18T07:40:08.337Z
6a6480df0cfec74546fb5685,104,ORION,2593,2593,18,18-DP ROAD,DIST-1001,FIRM-2001,MUKESH AGENCIES,true,2026-06-18T11:21:00.000Z,2026-06-18T07:40:08.337Z
6a6480df0cfec74546fb5686,104,ORION,2595,2595,18,18-DP ROAD,DIST-1001,FIRM-2001,MUKESH AGENCIES,true,2026-06-18T11:21:00.000Z,2026-06-18T07:40:08.337Z
6a6480df0cfec74546fb5687,104,ORION,2602,2602,18,18-DP ROAD,DIST-1001,FIRM-2001,MUKESH AGENCIES,true,2026-06-18T11:21:00.000Z,2026-06-18T07:40:08.337Z
6a6480df0cfec74546fb5688,104,ORION,3312,3312,18,18-DP ROAD,DIST-1001,FIRM-2001,MUKESH AGENCIES,true,2026-06-18T11:21:00.000Z,2026-06-18T07:40:08.337Z
6a6480df0cfec74546fb5689,104,ORION,2833,2833,19,19-KHARADI-1,DIST-1001,FIRM-2001,MUKESH AGENCIES,true,2026-06-18T11:21:00.000Z,2026-06-18T07:40:08.337Z
6a6480df0cfec74546fb568a,104,ORION,2907,2907,19,19-KHARADI-1,DIST-1001,FIRM-2001,MUKESH AGENCIES,true,2026-06-18T11:21:00.000Z,2026-06-18T07:40:08.337Z
6a6480df0cfec74546fb568b,104,ORION,2917,2917,19,19-KHARADI-1,DIST-1001,FIRM-2001,MUKESH AGENCIES,true,2026-06-18T11:21:00.000Z,2026-06-18T07:40:08.337Z
6a6480df0cfec74546fb568c,104,ORION,3005,3005,19,19-KHARADI-1,DIST-1001,FIRM-2001,MUKESH AGENCIES,true,2026-06-18T11:21:00.000Z,2026-06-18T07:40:08.337Z
6a6480df0cfec74546fb568d,104,ORION,3128,3128,19,19-KHARADI-1,DIST-1001,FIRM-2001,MUKESH AGENCIES,true,2026-06-18T11:21:00.000Z,2026-06-18T07:40:08.337Z
6a6480df0cfec74546fb568e,104,ORION,3147,3147,19,19-KHARADI-1,DIST-1001,FIRM-2001,MUKESH AGENCIES,true,2026-06-18T11:21:00.000Z,2026-06-18T07:40:08.337Z
6a6480df0cfec74546fb568f,104,ORION,3154,3154,19,19-KHARADI-1,DIST-1001,FIRM-2001,MUKESH AGENCIES,true,2026-06-18T11:21:00.000Z,2026-06-18T07:40:08.337Z
6a6480df0cfec74546fb5690,104,ORION,2728,2728,20,20-CHANDAN NAGAR,DIST-1001,FIRM-2001,MUKESH AGENCIES,true,2026-06-18T11:21:00.000Z,2026-06-18T07:40:08.337Z
6a6480df0cfec74546fb5691,104,ORION,2749,2749,20,20-CHANDAN NAGAR,DIST-1001,FIRM-2001,MUKESH AGENCIES,true,2026-06-18T11:21:00.000Z,2026-06-18T07:40:08.337Z
6a6480df0cfec74546fb5692,104,ORION,2843,2843,20,20-CHANDAN NAGAR,DIST-1001,FIRM-2001,MUKESH AGENCIES,true,2026-06-18T11:21:00.000Z,2026-06-18T07:40:08.337Z
6a6480df0cfec74546fb5693,104,ORION,2851,2851,20,20-CHANDAN NAGAR,DIST-1001,FIRM-2001,MUKESH AGENCIES,true,2026-06-18T11:21:00.000Z,2026-06-18T07:40:08.337Z
6a6480df0cfec74546fb5694,104,ORION,2885,2885,20,20-CHANDAN NAGAR,DIST-1001,FIRM-2001,MUKESH AGENCIES,true,2026-06-18T11:21:00.000Z,2026-06-18T07:40:08.337Z
6a6480df0cfec74546fb5695,104,ORION,2959,2959,20,20-CHANDAN NAGAR,DIST-1001,FIRM-2001,MUKESH AGENCIES,true,2026-06-18T11:21:00.000Z,2026-06-18T07:40:08.337Z
6a6480df0cfec74546fb5696,104,ORION,3057,3057,20,20-CHANDAN NAGAR,DIST-1001,FIRM-2001,MUKESH AGENCIES,true,2026-06-18T11:21:00.000Z,2026-06-18T07:40:08.337Z
6a6480df0cfec74546fb5697,104,ORION,3076,3076,20,20-CHANDAN NAGAR,DIST-1001,FIRM-2001,MUKESH AGENCIES,true,2026-06-18T11:21:00.000Z,2026-06-18T07:40:08.337Z
6a6480df0cfec74546fb5698,104,ORION,3101,3101,20,20-CHANDAN NAGAR,DIST-1001,FIRM-2001,MUKESH AGENCIES,true,2026-06-18T11:21:00.000Z,2026-06-18T07:40:08.337Z
6a6480df0cfec74546fb5699,104,ORION,3445,3445,20,20-CHANDAN NAGAR,DIST-1001,FIRM-2001,MUKESH AGENCIES,true,2026-06-18T11:21:00.000Z,2026-06-18T07:40:08.337Z
6a6480df0cfec74546fb569a,104,ORION,2689,2689,21,21-VADGAON SHERI,DIST-1001,FIRM-2001,MUKESH AGENCIES,true,2026-06-18T11:21:00.000Z,2026-06-18T07:40:08.337Z
6a6480df0cfec74546fb569b,104,ORION,2694,2694,21,21-VADGAON SHERI,DIST-1001,FIRM-2001,MUKESH AGENCIES,true,2026-06-18T11:21:00.000Z,2026-06-18T07:40:08.337Z
6a6480df0cfec74546fb569c,104,ORION,2702,2702,21,21-VADGAON SHERI,DIST-1001,FIRM-2001,MUKESH AGENCIES,true,2026-06-18T11:21:00.000Z,2026-06-18T07:40:08.337Z
6a6480df0cfec74546fb569d,104,ORION,2705,2705,21,21-VADGAON SHERI,DIST-1001,FIRM-2001,MUKESH AGENCIES,true,2026-06-18T11:21:00.000Z,2026-06-18T07:40:08.337Z
6a6480df0cfec74546fb569e,104,ORION,2707,2707,21,21-VADGAON SHERI,DIST-1001,FIRM-2001,MUKESH AGENCIES,true,2026-06-18T11:21:00.000Z,2026-06-18T07:40:08.337Z
6a6480df0cfec74546fb569f,104,ORION,2780,2780,21,21-VADGAON SHERI,DIST-1001,FIRM-2001,MUKESH AGENCIES,true,2026-06-18T11:21:00.000Z,2026-06-18T07:40:08.337Z
6a6480df0cfec74546fb56a0,104,ORION,2858,2858,21,21-VADGAON SHERI,DIST-1001,FIRM-2001,MUKESH AGENCIES,true,2026-06-18T11:21:00.000Z,2026-06-18T07:40:08.337Z
6a6480df0cfec74546fb56a1,104,ORION,3118,3118,21,21-VADGAON SHERI,DIST-1001,FIRM-2001,MUKESH AGENCIES,true,2026-06-18T11:21:00.000Z,2026-06-18T07:40:08.337Z
6a6480df0cfec74546fb56a2,104,ORION,3127,3127,21,21-VADGAON SHERI,DIST-1001,FIRM-2001,MUKESH AGENCIES,true,2026-06-18T11:21:00.000Z,2026-06-18T07:40:08.337Z
6a6480df0cfec74546fb56a3,104,ORION,3167,3167,21,21-VADGAON SHERI,DIST-1001,FIRM-2001,MUKESH AGENCIES,true,2026-06-18T11:21:00.000Z,2026-06-18T07:40:08.337Z
6a6480df0cfec74546fb56a4,104,ORION,3256,3256,21,21-VADGAON SHERI,DIST-1001,FIRM-2001,MUKESH AGENCIES,true,2026-06-18T11:21:00.000Z,2026-06-18T07:40:08.337Z
6a6480df0cfec74546fb56a5,104,ORION,3301,3301,21,21-VADGAON SHERI,DIST-1001,FIRM-2001,MUKESH AGENCIES,true,2026-06-18T11:21:00.000Z,2026-06-18T07:40:08.337Z
6a6480df0cfec74546fb56a6,104,ORION,3302,3302,21,21-VADGAON SHERI,DIST-1001,FIRM-2001,MUKESH AGENCIES,true,2026-06-18T11:21:00.000Z,2026-06-18T07:40:08.337Z
6a6480df0cfec74546fb56a7,104,ORION,3303,3303,21,21-VADGAON SHERI,DIST-1001,FIRM-2001,MUKESH AGENCIES,true,2026-06-18T11:21:00.000Z,2026-06-18T07:40:08.337Z
6a6480df0cfec74546fb56a8,104,ORION,3304,3304,21,21-VADGAON SHERI,DIST-1001,FIRM-2001,MUKESH AGENCIES,true,2026-06-18T11:21:00.000Z,2026-06-18T07:40:08.337Z
6a6480df0cfec74546fb56a9,104,ORION,3305,3305,21,21-VADGAON SHERI,DIST-1001,FIRM-2001,MUKESH AGENCIES,true,2026-06-18T11:21:00.000Z,2026-06-18T07:40:08.337Z
6a6480df0cfec74546fb56aa,104,ORION,3316,3316,21,21-VADGAON SHERI,DIST-1001,FIRM-2001,MUKESH AGENCIES,true,2026-06-18T11:21:00.000Z,2026-06-18T07:40:08.337Z
6a6480df0cfec74546fb56ab,104,ORION,3461,3461,21,21-VADGAON SHERI,DIST-1001,FIRM-2001,MUKESH AGENCIES,true,2026-06-18T11:21:00.000Z,2026-06-18T07:40:08.337Z
6a6480df0cfec74546fb56ac,104,ORION,2711,2711,22,22-VIMAN NAGAR,DIST-1001,FIRM-2001,MUKESH AGENCIES,true,2026-06-18T11:21:00.000Z,2026-06-18T07:40:08.337Z
6a6480df0cfec74546fb56ad,104,ORION,2936,2936,22,22-VIMAN NAGAR,DIST-1001,FIRM-2001,MUKESH AGENCIES,true,2026-06-18T11:21:00.000Z,2026-06-18T07:40:08.337Z
6a6480df0cfec74546fb56ae,104,ORION,2938,2938,22,22-VIMAN NAGAR,DIST-1001,FIRM-2001,MUKESH AGENCIES,true,2026-06-18T11:21:00.000Z,2026-06-18T07:40:08.337Z
6a6480df0cfec74546fb56af,104,ORION,2939,2939,22,22-VIMAN NAGAR,DIST-1001,FIRM-2001,MUKESH AGENCIES,true,2026-06-18T11:21:00.000Z,2026-06-18T07:40:08.337Z
6a6480df0cfec74546fb56b0,104,ORION,2956,2956,22,22-VIMAN NAGAR,DIST-1001,FIRM-2001,MUKESH AGENCIES,true,2026-06-18T11:21:00.000Z,2026-06-18T07:40:08.337Z
6a6480df0cfec74546fb56b1,104,ORION,2957,2957,22,22-VIMAN NAGAR,DIST-1001,FIRM-2001,MUKESH AGENCIES,true,2026-06-18T11:21:00.000Z,2026-06-18T07:40:08.337Z
6a6480df0cfec74546fb56b2,104,ORION,3078,3078,22,22-VIMAN NAGAR,DIST-1001,FIRM-2001,MUKESH AGENCIES,true,2026-06-18T11:21:00.000Z,2026-06-18T07:40:08.337Z
6a6480df0cfec74546fb56b3,104,ORION,3090,3090,22,22-VIMAN NAGAR,DIST-1001,FIRM-2001,MUKESH AGENCIES,true,2026-06-18T11:21:00.000Z,2026-06-18T07:40:08.337Z
6a6480df0cfec74546fb56b4,104,ORION,3091,3091,22,22-VIMAN NAGAR,DIST-1001,FIRM-2001,MUKESH AGENCIES,true,2026-06-18T11:21:00.000Z,2026-06-18T07:40:08.337Z
6a6480df0cfec74546fb56b5,104,ORION,3092,3092,22,22-VIMAN NAGAR,DIST-1001,FIRM-2001,MUKESH AGENCIES,true,2026-06-18T11:21:00.000Z,2026-06-18T07:40:08.337Z
6a6480df0cfec74546fb56b6,104,ORION,3093,3093,22,22-VIMAN NAGAR,DIST-1001,FIRM-2001,MUKESH AGENCIES,true,2026-06-18T11:21:00.000Z,2026-06-18T07:40:08.337Z
6a6480df0cfec74546fb56b7,104,ORION,3116,3116,22,22-VIMAN NAGAR,DIST-1001,FIRM-2001,MUKESH AGENCIES,true,2026-06-18T11:21:00.000Z,2026-06-18T07:40:08.337Z
6a6480df0cfec74546fb56b8,104,ORION,3290,3290,22,22-VIMAN NAGAR,DIST-1001,FIRM-2001,MUKESH AGENCIES,true,2026-06-18T11:21:00.000Z,2026-06-18T07:40:08.337Z
6a6480df0cfec74546fb56b9,104,ORION,3309,3309,22,22-VIMAN NAGAR,DIST-1001,FIRM-2001,MUKESH AGENCIES,true,2026-06-18T11:21:00.000Z,2026-06-18T07:40:08.337Z
6a6480df0cfec74546fb56ba,104,ORION,3310,3310,22,22-VIMAN NAGAR,DIST-1001,FIRM-2001,MUKESH AGENCIES,true,2026-06-18T11:21:00.000Z,2026-06-18T07:40:08.337Z
6a6480df0cfec74546fb56bb,104,ORION,3446,3446,22,22-VIMAN NAGAR,DIST-1001,FIRM-2001,MUKESH AGENCIES,true,2026-06-18T11:21:00.000Z,2026-06-18T07:40:08.337Z
6a6480df0cfec74546fb56bc,104,ORION,3456,3456,22,22-VIMAN NAGAR,DIST-1001,FIRM-2001,MUKESH AGENCIES,true,2026-06-18T11:21:00.000Z,2026-06-18T07:40:08.337Z
6a6480df0cfec74546fb56bd,104,ORION,2789,2789,23,23-WAGHOLI,DIST-1001,FIRM-2001,MUKESH AGENCIES,true,2026-06-18T11:21:00.000Z,2026-06-18T07:40:08.337Z
6a6480df0cfec74546fb56be,104,ORION,2792,2792,23,23-WAGHOLI,DIST-1001,FIRM-2001,MUKESH AGENCIES,true,2026-06-18T11:21:00.000Z,2026-06-18T07:40:08.337Z
6a6480df0cfec74546fb56bf,104,ORION,2819,2819,23,23-WAGHOLI,DIST-1001,FIRM-2001,MUKESH AGENCIES,true,2026-06-18T11:21:00.000Z,2026-06-18T07:40:08.337Z
6a6480df0cfec74546fb56c0,104,ORION,2826,2826,23,23-WAGHOLI,DIST-1001,FIRM-2001,MUKESH AGENCIES,true,2026-06-18T11:21:00.000Z,2026-06-18T07:40:08.337Z
6a6480df0cfec74546fb56c1,104,ORION,2874,2874,23,23-WAGHOLI,DIST-1001,FIRM-2001,MUKESH AGENCIES,true,2026-06-18T11:21:00.000Z,2026-06-18T07:40:08.337Z
6a6480df0cfec74546fb56c2,104,ORION,2894,2894,23,23-WAGHOLI,DIST-1001,FIRM-2001,MUKESH AGENCIES,true,2026-06-18T11:21:00.000Z,2026-06-18T07:40:08.337Z
6a6480df0cfec74546fb56c3,104,ORION,2968,2968,23,23-WAGHOLI,DIST-1001,FIRM-2001,MUKESH AGENCIES,true,2026-06-18T11:21:00.000Z,2026-06-18T07:40:08.337Z
6a6480df0cfec74546fb56c4,104,ORION,3047,3047,23,23-WAGHOLI,DIST-1001,FIRM-2001,MUKESH AGENCIES,true,2026-06-18T11:21:00.000Z,2026-06-18T07:40:08.337Z
6a6480df0cfec74546fb56c5,104,ORION,3062,3062,23,23-WAGHOLI,DIST-1001,FIRM-2001,MUKESH AGENCIES,true,2026-06-18T11:21:00.000Z,2026-06-18T07:40:08.337Z
6a6480df0cfec74546fb56c6,104,ORION,3072,3072,23,23-WAGHOLI,DIST-1001,FIRM-2001,MUKESH AGENCIES,true,2026-06-18T11:21:00.000Z,2026-06-18T07:40:08.337Z
6a6480df0cfec74546fb56c7,104,ORION,3083,3083,23,23-WAGHOLI,DIST-1001,FIRM-2001,MUKESH AGENCIES,true,2026-06-18T11:21:00.000Z,2026-06-18T07:40:08.337Z
6a6480df0cfec74546fb56c8,104,ORION,3138,3138,23,23-WAGHOLI,DIST-1001,FIRM-2001,MUKESH AGENCIES,true,2026-06-18T11:21:00.000Z,2026-06-18T07:40:08.337Z
6a6480df0cfec74546fb56c9,104,ORION,3140,3140,23,23-WAGHOLI,DIST-1001,FIRM-2001,MUKESH AGENCIES,true,2026-06-18T11:21:00.000Z,2026-06-18T07:40:08.337Z
6a6480df0cfec74546fb56ca,104,ORION,3142,3142,23,23-WAGHOLI,DIST-1001,FIRM-2001,MUKESH AGENCIES,true,2026-06-18T11:21:00.000Z,2026-06-18T07:40:08.337Z
6a6480df0cfec74546fb56cb,104,ORION,3205,3205,23,23-WAGHOLI,DIST-1001,FIRM-2001,MUKESH AGENCIES,true,2026-06-18T11:21:00.000Z,2026-06-18T07:40:08.337Z
6a6480df0cfec74546fb56cc,104,ORION,3282,3282,23,23-WAGHOLI,DIST-1001,FIRM-2001,MUKESH AGENCIES,true,2026-06-18T11:21:00.000Z,2026-06-18T07:40:08.337Z
6a6480df0cfec74546fb56cd,104,ORION,2710,2710,24,24-NAGAR ROAD,DIST-1001,FIRM-2001,MUKESH AGENCIES,true,2026-06-18T11:21:00.000Z,2026-06-18T07:40:08.337Z
6a6480df0cfec74546fb56ce,104,ORION,2778,2778,24,24-NAGAR ROAD,DIST-1001,FIRM-2001,MUKESH AGENCIES,true,2026-06-18T11:21:00.000Z,2026-06-18T07:40:08.337Z
6a6480df0cfec74546fb56cf,104,ORION,3013,3013,25,25-KHARADI-2,DIST-1001,FIRM-2001,MUKESH AGENCIES,true,2026-06-18T11:21:00.000Z,2026-06-18T07:40:08.337Z
6a6480df0cfec74546fb56d0,104,ORION,3029,3029,26,26-AWHALWADI,DIST-1001,FIRM-2001,MUKESH AGENCIES,true,2026-06-18T11:21:00.000Z,2026-06-18T07:40:08.337Z
6a6480df0cfec74546fb56d1,104,ORION,3194,3194,26,26-AWHALWADI,DIST-1001,FIRM-2001,MUKESH AGENCIES,true,2026-06-18T11:21:00.000Z,2026-06-18T07:40:08.337Z
6a6480df0cfec74546fb56d2,104,ORION,2876,2876,27,27-LOHEGOAN ROAD,DIST-1001,FIRM-2001,MUKESH AGENCIES,true,2026-06-18T11:21:00.000Z,2026-06-18T07:40:08.337Z
6a6480df0cfec74546fb56d3,104,ORION,2920,2920,27,27-LOHEGOAN ROAD,DIST-1001,FIRM-2001,MUKESH AGENCIES,true,2026-06-18T11:21:00.000Z,2026-06-18T07:40:08.337Z
6a6480df0cfec74546fb56d4,104,ORION,3179,3179,27,27-LOHEGOAN ROAD,DIST-1001,FIRM-2001,MUKESH AGENCIES,true,2026-06-18T11:21:00.000Z,2026-06-18T07:40:08.337Z
6a6480df0cfec74546fb56d5,104,ORION,3321,3321,27,27-LOHEGOAN ROAD,DIST-1001,FIRM-2001,MUKESH AGENCIES,true,2026-06-18T11:21:00.000Z,2026-06-18T07:40:08.337Z
6a6480df0cfec74546fb56d6,104,ORION,3462,3462,28,28-A,DIST-1001,FIRM-2001,MUKESH AGENCIES,true,2026-06-18T11:21:00.000Z,2026-06-18T07:40:08.337Z
6a6480df0cfec74546fb56d7,104,ORION,3580,3580,28,28-A,DIST-1001,FIRM-2001,MUKESH AGENCIES,true,2026-06-18T11:21:00.000Z,2026-06-18T07:40:08.337Z
6a6480df0cfec74546fb56d8,105,RELIANCE,2001,2001,1,01-LOHEGOAN,DIST-1001,FIRM-2001,MUKESH AGENCIES,true,2026-06-18T11:21:00.000Z,2026-06-18T07:40:08.337Z
6a6480df0cfec74546fb56d9,105,RELIANCE,2014,2014,1,01-LOHEGOAN,DIST-1001,FIRM-2001,MUKESH AGENCIES,true,2026-06-18T11:21:00.000Z,2026-06-18T07:40:08.337Z
6a6480df0cfec74546fb56da,105,RELIANCE,2030,2030,1,01-LOHEGOAN,DIST-1001,FIRM-2001,MUKESH AGENCIES,true,2026-06-18T11:21:00.000Z,2026-06-18T07:40:08.337Z
6a6480df0cfec74546fb56db,105,RELIANCE,2036,2036,1,01-LOHEGOAN,DIST-1001,FIRM-2001,MUKESH AGENCIES,true,2026-06-18T11:21:00.000Z,2026-06-18T07:40:08.337Z
6a6480df0cfec74546fb56dc,105,RELIANCE,2044,2044,1,01-LOHEGOAN,DIST-1001,FIRM-2001,MUKESH AGENCIES,true,2026-06-18T11:21:00.000Z,2026-06-18T07:40:08.337Z
6a6480df0cfec74546fb56dd,105,RELIANCE,2430,2430,1,01-LOHEGOAN,DIST-1001,FIRM-2001,MUKESH AGENCIES,true,2026-06-18T11:21:00.000Z,2026-06-18T07:40:08.337Z
6a6480df0cfec74546fb56de,105,RELIANCE,2501,2501,1,01-LOHEGOAN,DIST-1001,FIRM-2001,MUKESH AGENCIES,true,2026-06-18T11:21:00.000Z,2026-06-18T07:40:08.337Z
6a6480df0cfec74546fb56df,105,RELIANCE,2502,2502,1,01-LOHEGOAN,DIST-1001,FIRM-2001,MUKESH AGENCIES,true,2026-06-18T11:21:00.000Z,2026-06-18T07:40:08.337Z
6a6480df0cfec74546fb56e0,105,RELIANCE,2550,2550,1,01-LOHEGOAN,DIST-1001,FIRM-2001,MUKESH AGENCIES,true,2026-06-18T11:21:00.000Z,2026-06-18T07:40:08.337Z
6a6480df0cfec74546fb56e1,105,RELIANCE,2551,2551,1,01-LOHEGOAN,DIST-1001,FIRM-2001,MUKESH AGENCIES,true,2026-06-18T11:21:00.000Z,2026-06-18T07:40:08.337Z
6a6480df0cfec74546fb56e2,105,RELIANCE,2607,2607,1,01-LOHEGOAN,DIST-1001,FIRM-2001,MUKESH AGENCIES,true,2026-06-18T11:21:00.000Z,2026-06-18T07:40:08.337Z
6a6480df0cfec74546fb56e3,105,RELIANCE,2624,2624,1,01-LOHEGOAN,DIST-1001,FIRM-2001,MUKESH AGENCIES,true,2026-06-18T11:21:00.000Z,2026-06-18T07:40:08.337Z
6a6480df0cfec74546fb56e4,105,RELIANCE,2639,2639,1,01-LOHEGOAN,DIST-1001,FIRM-2001,MUKESH AGENCIES,true,2026-06-18T11:21:00.000Z,2026-06-18T07:40:08.337Z
6a6480df0cfec74546fb56e5,105,RELIANCE,2644,2644,1,01-LOHEGOAN,DIST-1001,FIRM-2001,MUKESH AGENCIES,true,2026-06-18T11:21:00.000Z,2026-06-18T07:40:08.337Z
6a6480df0cfec74546fb56e6,105,RELIANCE,2645,2645,1,01-LOHEGOAN,DIST-1001,FIRM-2001,MUKESH AGENCIES,true,2026-06-18T11:21:00.000Z,2026-06-18T07:40:08.337Z
6a6480df0cfec74546fb56e7,105,RELIANCE,2676,2676,1,01-LOHEGOAN,DIST-1001,FIRM-2001,MUKESH AGENCIES,true,2026-06-18T11:21:00.000Z,2026-06-18T07:40:08.337Z
6a6480df0cfec74546fb56e8,105,RELIANCE,2908,2908,1,01-LOHEGOAN,DIST-1001,FIRM-2001,MUKESH AGENCIES,true,2026-06-18T11:21:00.000Z,2026-06-18T07:40:08.337Z
6a6480df0cfec74546fb56e9,105,RELIANCE,2949,2949,1,01-LOHEGOAN,DIST-1001,FIRM-2001,MUKESH AGENCIES,true,2026-06-18T11:21:00.000Z,2026-06-18T07:40:08.337Z
6a6480df0cfec74546fb56ea,105,RELIANCE,3157,3157,1,01-LOHEGOAN,DIST-1001,FIRM-2001,MUKESH AGENCIES,true,2026-06-18T11:21:00.000Z,2026-06-18T07:40:08.337Z
6a6480df0cfec74546fb56eb,105,RELIANCE,3158,3158,1,01-LOHEGOAN,DIST-1001,FIRM-2001,MUKESH AGENCIES,true,2026-06-18T11:21:00.000Z,2026-06-18T07:40:08.337Z
6a6480df0cfec74546fb56ec,105,RELIANCE,3287,3287,1,01-LOHEGOAN,DIST-1001,FIRM-2001,MUKESH AGENCIES,true,2026-06-18T11:21:00.000Z,2026-06-18T07:40:08.337Z
6a6480df0cfec74546fb56ed,105,RELIANCE,3338,3338,1,01-LOHEGOAN,DIST-1001,FIRM-2001,MUKESH AGENCIES,true,2026-06-18T11:21:00.000Z,2026-06-18T07:40:08.337Z
6a6480df0cfec74546fb56ee,105,RELIANCE,3375,3375,1,01-LOHEGOAN,DIST-1001,FIRM-2001,MUKESH AGENCIES,true,2026-06-18T11:21:00.000Z,2026-06-18T07:40:08.337Z
6a6480df0cfec74546fb56ef,105,RELIANCE,3435,3435,1,01-LOHEGOAN,DIST-1001,FIRM-2001,MUKESH AGENCIES,true,2026-06-18T11:21:00.000Z,2026-06-18T07:40:08.337Z
6a6480df0cfec74546fb56f0,105,RELIANCE,3466,3466,1,01-LOHEGOAN,DIST-1001,FIRM-2001,MUKESH AGENCIES,true,2026-06-18T11:21:00.000Z,2026-06-18T07:40:08.337Z
6a6480df0cfec74546fb56f1,105,RELIANCE,3494,3494,1,01-LOHEGOAN,DIST-1001,FIRM-2001,MUKESH AGENCIES,true,2026-06-18T11:21:00.000Z,2026-06-18T07:40:08.337Z
6a6480df0cfec74546fb56f2,105,RELIANCE,3515,3515,1,01-LOHEGOAN,DIST-1001,FIRM-2001,MUKESH AGENCIES,true,2026-06-18T11:21:00.000Z,2026-06-18T07:40:08.337Z
6a6480df0cfec74546fb56f3,105,RELIANCE,3581,3581,1,01-LOHEGOAN,DIST-1001,FIRM-2001,MUKESH AGENCIES,true,2026-06-18T11:21:00.000Z,2026-06-18T07:40:08.337Z
6a6480df0cfec74546fb56f4,105,RELIANCE,3615,3615,1,01-LOHEGOAN,DIST-1001,FIRM-2001,MUKESH AGENCIES,true,2026-06-18T11:21:00.000Z,2026-06-18T07:40:08.337Z
6a6480df0cfec74546fb56f5,105,RELIANCE,3618,3618,1,01-LOHEGOAN,DIST-1001,FIRM-2001,MUKESH AGENCIES,true,2026-06-18T11:21:00.000Z,2026-06-18T07:40:08.337Z
6a6480df0cfec74546fb56f6,105,RELIANCE,3668,3668,1,01-LOHEGOAN,DIST-1001,FIRM-2001,MUKESH AGENCIES,true,2026-06-18T11:21:00.000Z,2026-06-18T07:40:08.337Z
6a6480df0cfec74546fb56f7,105,RELIANCE,3683,3683,1,01-LOHEGOAN,DIST-1001,FIRM-2001,MUKESH AGENCIES,true,2026-06-18T11:21:00.000Z,2026-06-18T07:40:08.337Z
6a6480df0cfec74546fb56f8,105,RELIANCE,3694,3694,1,01-LOHEGOAN,DIST-1001,FIRM-2001,MUKESH AGENCIES,true,2026-06-18T11:21:00.000Z,2026-06-18T07:40:08.337Z
6a6480df0cfec74546fb56f9,105,RELIANCE,3705,3705,1,01-LOHEGOAN,DIST-1001,FIRM-2001,MUKESH AGENCIES,true,2026-06-18T11:21:00.000Z,2026-06-18T07:40:08.337Z
6a6480df0cfec74546fb56fa,105,RELIANCE,3733,3733,1,01-LOHEGOAN,DIST-1001,FIRM-2001,MUKESH AGENCIES,true,2026-06-18T11:21:00.000Z,2026-06-18T07:40:08.337Z
6a6480df0cfec74546fb56fb,105,RELIANCE,2166,2166,2,02-DHANORI,DIST-1001,FIRM-2001,MUKESH AGENCIES,true,2026-06-18T11:21:00.000Z,2026-06-18T07:40:08.337Z
6a6480df0cfec74546fb56fc,105,RELIANCE,3635,3635,2,02-DHANORI,DIST-1001,FIRM-2001,MUKESH AGENCIES,true,2026-06-18T11:21:00.000Z,2026-06-18T07:40:08.337Z
6a6480df0cfec74546fb56fd,105,RELIANCE,3725,3725,2,02-DHANORI,DIST-1001,FIRM-2001,MUKESH AGENCIES,true,2026-06-18T11:21:00.000Z,2026-06-18T07:40:08.337Z
6a6480df0cfec74546fb56fe,105,RELIANCE,3734,3734,2,02-DHANORI,DIST-1001,FIRM-2001,MUKESH AGENCIES,true,2026-06-18T11:21:00.000Z,2026-06-18T07:40:08.337Z
6a6480df0cfec74546fb56ff,105,RELIANCE,3736,3736,2,02-DHANORI,DIST-1001,FIRM-2001,MUKESH AGENCIES,true,2026-06-18T11:21:00.000Z,2026-06-18T07:40:08.337Z
6a6480df0cfec74546fb5700,105,RELIANCE,2578,2578,3,03-VISHAWANTWADI,DIST-1001,FIRM-2001,MUKESH AGENCIES,true,2026-06-18T11:21:00.000Z,2026-06-18T07:40:08.337Z
6a6480df0cfec74546fb5701,105,RELIANCE,3224,3224,3,03-VISHAWANTWADI,DIST-1001,FIRM-2001,MUKESH AGENCIES,true,2026-06-18T11:21:00.000Z,2026-06-18T07:40:08.337Z
6a6480df0cfec74546fb5702,105,RELIANCE,3587,3587,4,04-FULEGANAGR,DIST-1001,FIRM-2001,MUKESH AGENCIES,true,2026-06-18T11:21:00.000Z,2026-06-18T07:40:08.337Z
6a6480df0cfec74546fb5703,105,RELIANCE,2398,2398,5,05-KALASH,DIST-1001,FIRM-2001,MUKESH AGENCIES,true,2026-06-18T11:21:00.000Z,2026-06-18T07:40:08.337Z
6a6480df0cfec74546fb5704,105,RELIANCE,2400,2400,5,05-KALASH,DIST-1001,FIRM-2001,MUKESH AGENCIES,true,2026-06-18T11:21:00.000Z,2026-06-18T07:40:08.337Z
6a6480df0cfec74546fb5705,105,RELIANCE,2440,2440,5,05-KALASH,DIST-1001,FIRM-2001,MUKESH AGENCIES,true,2026-06-18T11:21:00.000Z,2026-06-18T07:40:08.337Z
6a6480df0cfec74546fb5706,105,RELIANCE,2447,2447,5,05-KALASH,DIST-1001,FIRM-2001,MUKESH AGENCIES,true,2026-06-18T11:21:00.000Z,2026-06-18T07:40:08.337Z
6a6480df0cfec74546fb5707,105,RELIANCE,2659,2659,5,05-KALASH,DIST-1001,FIRM-2001,MUKESH AGENCIES,true,2026-06-18T11:21:00.000Z,2026-06-18T07:40:08.337Z
6a6480df0cfec74546fb5708,105,RELIANCE,2663,2663,5,05-KALASH,DIST-1001,FIRM-2001,MUKESH AGENCIES,true,2026-06-18T11:21:00.000Z,2026-06-18T07:40:08.337Z
6a6480df0cfec74546fb5709,105,RELIANCE,2929,2929,5,05-KALASH,DIST-1001,FIRM-2001,MUKESH AGENCIES,true,2026-06-18T11:21:00.000Z,2026-06-18T07:40:08.337Z
6a6480df0cfec74546fb570a,105,RELIANCE,3697,3697,5,05-KALASH,DIST-1001,FIRM-2001,MUKESH AGENCIES,true,2026-06-18T11:21:00.000Z,2026-06-18T07:40:08.337Z
6a6480df0cfec74546fb570b,105,RELIANCE,2579,2579,6,06-MUNJEWASTI,DIST-1001,FIRM-2001,MUKESH AGENCIES,true,2026-06-18T11:21:00.000Z,2026-06-18T07:40:08.337Z
6a6480df0cfec74546fb570c,105,RELIANCE,3404,3404,6,06-MUNJEWASTI,DIST-1001,FIRM-2001,MUKESH AGENCIES,true,2026-06-18T11:21:00.000Z,2026-06-18T07:40:08.337Z
6a6480df0cfec74546fb570d,105,RELIANCE,3724,3724,6,06-MUNJEWASTI,DIST-1001,FIRM-2001,MUKESH AGENCIES,true,2026-06-18T11:21:00.000Z,2026-06-18T07:40:08.337Z
6a6480df0cfec74546fb570e,105,RELIANCE,3738,3738,6,06-MUNJEWASTI,DIST-1001,FIRM-2001,MUKESH AGENCIES,true,2026-06-18T11:21:00.000Z,2026-06-18T07:40:08.337Z
6a6480df0cfec74546fb570f,105,RELIANCE,2240,2240,7,07-TINGRE NAGAR,DIST-1001,FIRM-2001,MUKESH AGENCIES,true,2026-06-18T11:21:00.000Z,2026-06-18T07:40:08.337Z
6a6480df0cfec74546fb5710,105,RELIANCE,3481,3481,8,08-PRATIK NAGAR,DIST-1001,FIRM-2001,MUKESH AGENCIES,true,2026-06-18T11:21:00.000Z,2026-06-18T07:40:08.337Z
6a6480df0cfec74546fb5711,105,RELIANCE,3711,3711,8,08-PRATIK NAGAR,DIST-1001,FIRM-2001,MUKESH AGENCIES,true,2026-06-18T11:21:00.000Z,2026-06-18T07:40:08.337Z
6a6480df0cfec74546fb5712,105,RELIANCE,3634,3634,11,11-KALWAD,DIST-1001,FIRM-2001,MUKESH AGENCIES,true,2026-06-18T11:21:00.000Z,2026-06-18T07:40:08.337Z
6a6480df0cfec74546fb5713,105,RELIANCE,3693,3693,11,11-KALWAD,DIST-1001,FIRM-2001,MUKESH AGENCIES,true,2026-06-18T11:21:00.000Z,2026-06-18T07:40:08.337Z
6a6480df0cfec74546fb5714,105,RELIANCE,2381,2381,12,12-BHAIRAV NAGAR,DIST-1001,FIRM-2001,MUKESH AGENCIES,true,2026-06-18T11:21:00.000Z,2026-06-18T07:40:08.337Z
6a6480df0cfec74546fb5715,105,RELIANCE,2383,2383,12,12-BHAIRAV NAGAR,DIST-1001,FIRM-2001,MUKESH AGENCIES,true,2026-06-18T11:21:00.000Z,2026-06-18T07:40:08.337Z
6a6480df0cfec74546fb5716,105,RELIANCE,3005,3005,19,19-KHARADI-1,DIST-1001,FIRM-2001,MUKESH AGENCIES,true,2026-06-18T11:21:00.000Z,2026-06-18T07:40:08.337Z
6a6480df0cfec74546fb5717,105,RELIANCE,3150,3150,19,19-KHARADI-1,DIST-1001,FIRM-2001,MUKESH AGENCIES,true,2026-06-18T11:21:00.000Z,2026-06-18T07:40:08.337Z
6a6480df0cfec74546fb5718,105,RELIANCE,3219,3219,19,19-KHARADI-1,DIST-1001,FIRM-2001,MUKESH AGENCIES,true,2026-06-18T11:21:00.000Z,2026-06-18T07:40:08.337Z
6a6480df0cfec74546fb5719,105,RELIANCE,3447,3447,19,19-KHARADI-1,DIST-1001,FIRM-2001,MUKESH AGENCIES,true,2026-06-18T11:21:00.000Z,2026-06-18T07:40:08.337Z
6a6480df0cfec74546fb571a,105,RELIANCE,2885,2885,20,20-CHANDAN NAGAR,DIST-1001,FIRM-2001,MUKESH AGENCIES,true,2026-06-18T11:21:00.000Z,2026-06-18T07:40:08.337Z
6a6480df0cfec74546fb571b,105,RELIANCE,3100,3100,20,20-CHANDAN NAGAR,DIST-1001,FIRM-2001,MUKESH AGENCIES,true,2026-06-18T11:21:00.000Z,2026-06-18T07:40:08.337Z
6a6480df0cfec74546fb571c,105,RELIANCE,2936,2936,22,22-VIMAN NAGAR,DIST-1001,FIRM-2001,MUKESH AGENCIES,true,2026-06-18T11:21:00.000Z,2026-06-18T07:40:08.337Z
6a6480df0cfec74546fb571d,105,RELIANCE,3078,3078,22,22-VIMAN NAGAR,DIST-1001,FIRM-2001,MUKESH AGENCIES,true,2026-06-18T11:21:00.000Z,2026-06-18T07:40:08.337Z
6a6480df0cfec74546fb571e,105,RELIANCE,3093,3093,22,22-VIMAN NAGAR,DIST-1001,FIRM-2001,MUKESH AGENCIES,true,2026-06-18T11:21:00.000Z,2026-06-18T07:40:08.337Z
6a6480df0cfec74546fb571f,105,RELIANCE,3685,3685,22,22-VIMAN NAGAR,DIST-1001,FIRM-2001,MUKESH AGENCIES,true,2026-06-18T11:21:00.000Z,2026-06-18T07:40:08.337Z
6a6480df0cfec74546fb5720,105,RELIANCE,2819,2819,23,23-WAGHOLI,DIST-1001,FIRM-2001,MUKESH AGENCIES,true,2026-06-18T11:21:00.000Z,2026-06-18T07:40:08.337Z
6a6480df0cfec74546fb5721,105,RELIANCE,3066,3066,23,23-WAGHOLI,DIST-1001,FIRM-2001,MUKESH AGENCIES,true,2026-06-18T11:21:00.000Z,2026-06-18T07:40:08.337Z
6a6480df0cfec74546fb5722,105,RELIANCE,3071,3071,23,23-WAGHOLI,DIST-1001,FIRM-2001,MUKESH AGENCIES,true,2026-06-18T11:21:00.000Z,2026-06-18T07:40:08.337Z
6a6480df0cfec74546fb5723,105,RELIANCE,3250,3250,23,23-WAGHOLI,DIST-1001,FIRM-2001,MUKESH AGENCIES,true,2026-06-18T11:21:00.000Z,2026-06-18T07:40:08.337Z
6a6480df0cfec74546fb5724,105,RELIANCE,2736,2736,26,26-AWHALWADI,DIST-1001,FIRM-2001,MUKESH AGENCIES,true,2026-06-18T11:21:00.000Z,2026-06-18T07:40:08.337Z
6a6480df0cfec74546fb5725,106,HERITAGE,2001,2001,1,01-LOHEGOAN,DIST-1001,FIRM-2001,MUKESH AGENCIES,true,2026-06-18T11:21:00.000Z,2026-06-18T07:40:08.337Z
6a6480df0cfec74546fb5726,106,HERITAGE,2014,2014,1,01-LOHEGOAN,DIST-1001,FIRM-2001,MUKESH AGENCIES,true,2026-06-18T11:21:00.000Z,2026-06-18T07:40:08.337Z
6a6480df0cfec74546fb5727,106,HERITAGE,2018,2018,1,01-LOHEGOAN,DIST-1001,FIRM-2001,MUKESH AGENCIES,true,2026-06-18T11:21:00.000Z,2026-06-18T07:40:08.337Z
6a6480df0cfec74546fb5728,106,HERITAGE,2024,2024,1,01-LOHEGOAN,DIST-1001,FIRM-2001,MUKESH AGENCIES,true,2026-06-18T11:21:00.000Z,2026-06-18T07:40:08.337Z
6a6480df0cfec74546fb5729,106,HERITAGE,2036,2036,1,01-LOHEGOAN,DIST-1001,FIRM-2001,MUKESH AGENCIES,true,2026-06-18T11:21:00.000Z,2026-06-18T07:40:08.337Z
6a6480df0cfec74546fb572a,106,HERITAGE,2037,2037,1,01-LOHEGOAN,DIST-1001,FIRM-2001,MUKESH AGENCIES,true,2026-06-18T11:21:00.000Z,2026-06-18T07:40:08.337Z
6a6480df0cfec74546fb572b,106,HERITAGE,2073,2073,1,01-LOHEGOAN,DIST-1001,FIRM-2001,MUKESH AGENCIES,true,2026-06-18T11:21:00.000Z,2026-06-18T07:40:08.337Z
6a6480df0cfec74546fb572c,106,HERITAGE,2430,2430,1,01-LOHEGOAN,DIST-1001,FIRM-2001,MUKESH AGENCIES,true,2026-06-18T11:21:00.000Z,2026-06-18T07:40:08.337Z
6a6480df0cfec74546fb572d,106,HERITAGE,2435,2435,1,01-LOHEGOAN,DIST-1001,FIRM-2001,MUKESH AGENCIES,true,2026-06-18T11:21:00.000Z,2026-06-18T07:40:08.337Z
6a6480df0cfec74546fb572e,106,HERITAGE,2485,2485,1,01-LOHEGOAN,DIST-1001,FIRM-2001,MUKESH AGENCIES,true,2026-06-18T11:21:00.000Z,2026-06-18T07:40:08.337Z
6a6480df0cfec74546fb572f,106,HERITAGE,2501,2501,1,01-LOHEGOAN,DIST-1001,FIRM-2001,MUKESH AGENCIES,true,2026-06-18T11:21:00.000Z,2026-06-18T07:40:08.337Z
6a6480df0cfec74546fb5730,106,HERITAGE,2502,2502,1,01-LOHEGOAN,DIST-1001,FIRM-2001,MUKESH AGENCIES,true,2026-06-18T11:21:00.000Z,2026-06-18T07:40:08.337Z
6a6480df0cfec74546fb5731,106,HERITAGE,2550,2550,1,01-LOHEGOAN,DIST-1001,FIRM-2001,MUKESH AGENCIES,true,2026-06-18T11:21:00.000Z,2026-06-18T07:40:08.337Z
6a6480df0cfec74546fb5732,106,HERITAGE,2551,2551,1,01-LOHEGOAN,DIST-1001,FIRM-2001,MUKESH AGENCIES,true,2026-06-18T11:21:00.000Z,2026-06-18T07:40:08.337Z
6a6480df0cfec74546fb5733,106,HERITAGE,2558,2558,1,01-LOHEGOAN,DIST-1001,FIRM-2001,MUKESH AGENCIES,true,2026-06-18T11:21:00.000Z,2026-06-18T07:40:08.337Z
6a6480df0cfec74546fb5734,106,HERITAGE,2587,2587,1,01-LOHEGOAN,DIST-1001,FIRM-2001,MUKESH AGENCIES,true,2026-06-18T11:21:00.000Z,2026-06-18T07:40:08.337Z
6a6480df0cfec74546fb5735,106,HERITAGE,2607,2607,1,01-LOHEGOAN,DIST-1001,FIRM-2001,MUKESH AGENCIES,true,2026-06-18T11:21:00.000Z,2026-06-18T07:40:08.337Z
6a6480df0cfec74546fb5736,106,HERITAGE,2644,2644,1,01-LOHEGOAN,DIST-1001,FIRM-2001,MUKESH AGENCIES,true,2026-06-18T11:21:00.000Z,2026-06-18T07:40:08.337Z
6a6480df0cfec74546fb5737,106,HERITAGE,2645,2645,1,01-LOHEGOAN,DIST-1001,FIRM-2001,MUKESH AGENCIES,true,2026-06-18T11:21:00.000Z,2026-06-18T07:40:08.337Z
6a6480df0cfec74546fb5738,106,HERITAGE,2909,2909,1,01-LOHEGOAN,DIST-1001,FIRM-2001,MUKESH AGENCIES,true,2026-06-18T11:21:00.000Z,2026-06-18T07:40:08.337Z
6a6480df0cfec74546fb5739,106,HERITAGE,2946,2946,1,01-LOHEGOAN,DIST-1001,FIRM-2001,MUKESH AGENCIES,true,2026-06-18T11:21:00.000Z,2026-06-18T07:40:08.337Z
6a6480df0cfec74546fb573a,106,HERITAGE,2947,2947,1,01-LOHEGOAN,DIST-1001,FIRM-2001,MUKESH AGENCIES,true,2026-06-18T11:21:00.000Z,2026-06-18T07:40:08.337Z
6a6480df0cfec74546fb573b,106,HERITAGE,2948,2948,1,01-LOHEGOAN,DIST-1001,FIRM-2001,MUKESH AGENCIES,true,2026-06-18T11:21:00.000Z,2026-06-18T07:40:08.337Z
6a6480df0cfec74546fb573c,106,HERITAGE,2949,2949,1,01-LOHEGOAN,DIST-1001,FIRM-2001,MUKESH AGENCIES,true,2026-06-18T11:21:00.000Z,2026-06-18T07:40:08.337Z
6a6480df0cfec74546fb573d,106,HERITAGE,3287,3287,1,01-LOHEGOAN,DIST-1001,FIRM-2001,MUKESH AGENCIES,true,2026-06-18T11:21:00.000Z,2026-06-18T07:40:08.337Z
6a6480df0cfec74546fb573e,106,HERITAGE,3435,3435,1,01-LOHEGOAN,DIST-1001,FIRM-2001,MUKESH AGENCIES,true,2026-06-18T11:21:00.000Z,2026-06-18T07:40:08.337Z
6a6480df0cfec74546fb573f,106,HERITAGE,3466,3466,1,01-LOHEGOAN,DIST-1001,FIRM-2001,MUKESH AGENCIES,true,2026-06-18T11:21:00.000Z,2026-06-18T07:40:08.337Z
6a6480df0cfec74546fb5740,106,HERITAGE,3494,3494,1,01-LOHEGOAN,DIST-1001,FIRM-2001,MUKESH AGENCIES,true,2026-06-18T11:21:00.000Z,2026-06-18T07:40:08.337Z
6a6480df0cfec74546fb5741,106,HERITAGE,3522,3522,1,01-LOHEGOAN,DIST-1001,FIRM-2001,MUKESH AGENCIES,true,2026-06-18T11:21:00.000Z,2026-06-18T07:40:08.337Z
6a6480df0cfec74546fb5742,106,HERITAGE,3581,3581,1,01-LOHEGOAN,DIST-1001,FIRM-2001,MUKESH AGENCIES,true,2026-06-18T11:21:00.000Z,2026-06-18T07:40:08.337Z
6a6480df0cfec74546fb5743,106,HERITAGE,3615,3615,1,01-LOHEGOAN,DIST-1001,FIRM-2001,MUKESH AGENCIES,true,2026-06-18T11:21:00.000Z,2026-06-18T07:40:08.337Z
6a6480df0cfec74546fb5744,106,HERITAGE,3618,3618,1,01-LOHEGOAN,DIST-1001,FIRM-2001,MUKESH AGENCIES,true,2026-06-18T11:21:00.000Z,2026-06-18T07:40:08.337Z
6a6480df0cfec74546fb5745,106,HERITAGE,3668,3668,1,01-LOHEGOAN,DIST-1001,FIRM-2001,MUKESH AGENCIES,true,2026-06-18T11:21:00.000Z,2026-06-18T07:40:08.337Z
6a6480df0cfec74546fb5746,106,HERITAGE,3694,3694,1,01-LOHEGOAN,DIST-1001,FIRM-2001,MUKESH AGENCIES,true,2026-06-18T11:21:00.000Z,2026-06-18T07:40:08.337Z
6a6480df0cfec74546fb5747,106,HERITAGE,3695,3695,1,01-LOHEGOAN,DIST-1001,FIRM-2001,MUKESH AGENCIES,true,2026-06-18T11:21:00.000Z,2026-06-18T07:40:08.337Z
6a6480df0cfec74546fb5748,106,HERITAGE,3705,3705,1,01-LOHEGOAN,DIST-1001,FIRM-2001,MUKESH AGENCIES,true,2026-06-18T11:21:00.000Z,2026-06-18T07:40:08.337Z
6a6480df0cfec74546fb5749,106,HERITAGE,3719,3719,1,01-LOHEGOAN,DIST-1001,FIRM-2001,MUKESH AGENCIES,true,2026-06-18T11:21:00.000Z,2026-06-18T07:40:08.337Z
6a6480df0cfec74546fb574a,106,HERITAGE,3723,3723,1,01-LOHEGOAN,DIST-1001,FIRM-2001,MUKESH AGENCIES,true,2026-06-18T11:21:00.000Z,2026-06-18T07:40:08.337Z
6a6480df0cfec74546fb574b,106,HERITAGE,3737,3737,1,01-LOHEGOAN,DIST-1001,FIRM-2001,MUKESH AGENCIES,true,2026-06-18T11:21:00.000Z,2026-06-18T07:40:08.337Z
6a6480df0cfec74546fb574c,106,HERITAGE,3759,3759,1,01-LOHEGOAN,DIST-1001,FIRM-2001,MUKESH AGENCIES,true,2026-06-18T11:21:00.000Z,2026-06-18T07:40:08.337Z
6a6480df0cfec74546fb574d,106,HERITAGE,3830,3830,1,01-LOHEGOAN,DIST-1001,FIRM-2001,MUKESH AGENCIES,true,2026-06-18T11:21:00.000Z,2026-06-18T07:40:08.337Z
6a6480df0cfec74546fb574e,106,HERITAGE,3918,3918,1,01-LOHEGOAN,DIST-1001,FIRM-2001,MUKESH AGENCIES,true,2026-06-18T11:21:00.000Z,2026-06-18T07:40:08.337Z
6a6480df0cfec74546fb574f,106,HERITAGE,2012,2012,2,02-DHANORI,DIST-1001,FIRM-2001,MUKESH AGENCIES,true,2026-06-18T11:21:00.000Z,2026-06-18T07:40:08.337Z
6a6480df0cfec74546fb5750,106,HERITAGE,2123,2123,2,02-DHANORI,DIST-1001,FIRM-2001,MUKESH AGENCIES,true,2026-06-18T11:21:00.000Z,2026-06-18T07:40:08.337Z
6a6480df0cfec74546fb5751,106,HERITAGE,2135,2135,2,02-DHANORI,DIST-1001,FIRM-2001,MUKESH AGENCIES,true,2026-06-18T11:21:00.000Z,2026-06-18T07:40:08.337Z
6a6480df0cfec74546fb5752,106,HERITAGE,2171,2171,2,02-DHANORI,DIST-1001,FIRM-2001,MUKESH AGENCIES,true,2026-06-18T11:21:00.000Z,2026-06-18T07:40:08.337Z
6a6480df0cfec74546fb5753,106,HERITAGE,2179,2179,2,02-DHANORI,DIST-1001,FIRM-2001,MUKESH AGENCIES,true,2026-06-18T11:21:00.000Z,2026-06-18T07:40:08.337Z
6a6480df0cfec74546fb5754,106,HERITAGE,2184,2184,2,02-DHANORI,DIST-1001,FIRM-2001,MUKESH AGENCIES,true,2026-06-18T11:21:00.000Z,2026-06-18T07:40:08.337Z
6a6480df0cfec74546fb5755,106,HERITAGE,2416,2416,2,02-DHANORI,DIST-1001,FIRM-2001,MUKESH AGENCIES,true,2026-06-18T11:21:00.000Z,2026-06-18T07:40:08.337Z
6a6480df0cfec74546fb5756,106,HERITAGE,2475,2475,2,02-DHANORI,DIST-1001,FIRM-2001,MUKESH AGENCIES,true,2026-06-18T11:21:00.000Z,2026-06-18T07:40:08.337Z
6a6480df0cfec74546fb5757,106,HERITAGE,2560,2560,2,02-DHANORI,DIST-1001,FIRM-2001,MUKESH AGENCIES,true,2026-06-18T11:21:00.000Z,2026-06-18T07:40:08.337Z
6a6480df0cfec74546fb5758,106,HERITAGE,3087,3087,2,02-DHANORI,DIST-1001,FIRM-2001,MUKESH AGENCIES,true,2026-06-18T11:21:00.000Z,2026-06-18T07:40:08.337Z
6a6480df0cfec74546fb5759,106,HERITAGE,3573,3573,2,02-DHANORI,DIST-1001,FIRM-2001,MUKESH AGENCIES,true,2026-06-18T11:21:00.000Z,2026-06-18T07:40:08.337Z
6a6480df0cfec74546fb575a,106,HERITAGE,3590,3590,2,02-DHANORI,DIST-1001,FIRM-2001,MUKESH AGENCIES,true,2026-06-18T11:21:00.000Z,2026-06-18T07:40:08.337Z
6a6480df0cfec74546fb575b,106,HERITAGE,3725,3725,2,02-DHANORI,DIST-1001,FIRM-2001,MUKESH AGENCIES,true,2026-06-18T11:21:00.000Z,2026-06-18T07:40:08.337Z
6a6480df0cfec74546fb575c,106,HERITAGE,3734,3734,2,02-DHANORI,DIST-1001,FIRM-2001,MUKESH AGENCIES,true,2026-06-18T11:21:00.000Z,2026-06-18T07:40:08.337Z
6a6480df0cfec74546fb575d,106,HERITAGE,3735,3735,2,02-DHANORI,DIST-1001,FIRM-2001,MUKESH AGENCIES,true,2026-06-18T11:21:00.000Z,2026-06-18T07:40:08.337Z
6a6480df0cfec74546fb575e,106,HERITAGE,3736,3736,2,02-DHANORI,DIST-1001,FIRM-2001,MUKESH AGENCIES,true,2026-06-18T11:21:00.000Z,2026-06-18T07:40:08.337Z
6a6480df0cfec74546fb575f,106,HERITAGE,2190,2190,3,03-VISHAWANTWADI,DIST-1001,FIRM-2001,MUKESH AGENCIES,true,2026-06-18T11:21:00.000Z,2026-06-18T07:40:08.337Z
6a6480df0cfec74546fb5760,106,HERITAGE,2578,2578,3,03-VISHAWANTWADI,DIST-1001,FIRM-2001,MUKESH AGENCIES,true,2026-06-18T11:21:00.000Z,2026-06-18T07:40:08.337Z
6a6480df0cfec74546fb5761,106,HERITAGE,3224,3224,3,03-VISHAWANTWADI,DIST-1001,FIRM-2001,MUKESH AGENCIES,true,2026-06-18T11:21:00.000Z,2026-06-18T07:40:08.337Z
6a6480df0cfec74546fb5762,106,HERITAGE,3713,3713,3,03-VISHAWANTWADI,DIST-1001,FIRM-2001,MUKESH AGENCIES,true,2026-06-18T11:21:00.000Z,2026-06-18T07:40:08.337Z
6a6480df0cfec74546fb5763,106,HERITAGE,2608,2608,4,04-FULEGANAGR,DIST-1001,FIRM-2001,MUKESH AGENCIES,true,2026-06-18T11:21:00.000Z,2026-06-18T07:40:08.337Z
6a6480df0cfec74546fb5764,106,HERITAGE,2398,2398,5,05-KALASH,DIST-1001,FIRM-2001,MUKESH AGENCIES,true,2026-06-18T11:21:00.000Z,2026-06-18T07:40:08.337Z
6a6480df0cfec74546fb5765,106,HERITAGE,2400,2400,5,05-KALASH,DIST-1001,FIRM-2001,MUKESH AGENCIES,true,2026-06-18T11:21:00.000Z,2026-06-18T07:40:08.337Z
6a6480df0cfec74546fb5766,106,HERITAGE,2440,2440,5,05-KALASH,DIST-1001,FIRM-2001,MUKESH AGENCIES,true,2026-06-18T11:21:00.000Z,2026-06-18T07:40:08.337Z
6a6480df0cfec74546fb5767,106,HERITAGE,2659,2659,5,05-KALASH,DIST-1001,FIRM-2001,MUKESH AGENCIES,true,2026-06-18T11:21:00.000Z,2026-06-18T07:40:08.337Z
6a6480df0cfec74546fb5768,106,HERITAGE,3295,3295,5,05-KALASH,DIST-1001,FIRM-2001,MUKESH AGENCIES,true,2026-06-18T11:21:00.000Z,2026-06-18T07:40:08.337Z
6a6480df0cfec74546fb5769,106,HERITAGE,3672,3672,5,05-KALASH,DIST-1001,FIRM-2001,MUKESH AGENCIES,true,2026-06-18T11:21:00.000Z,2026-06-18T07:40:08.337Z
6a6480df0cfec74546fb576a,106,HERITAGE,3831,3831,5,05-KALASH,DIST-1001,FIRM-2001,MUKESH AGENCIES,true,2026-06-18T11:21:00.000Z,2026-06-18T07:40:08.337Z
6a6480df0cfec74546fb576b,106,HERITAGE,2462,2462,6,06-MUNJEWASTI,DIST-1001,FIRM-2001,MUKESH AGENCIES,true,2026-06-18T11:21:00.000Z,2026-06-18T07:40:08.337Z
6a6480df0cfec74546fb576c,106,HERITAGE,2579,2579,6,06-MUNJEWASTI,DIST-1001,FIRM-2001,MUKESH AGENCIES,true,2026-06-18T11:21:00.000Z,2026-06-18T07:40:08.337Z
6a6480df0cfec74546fb576d,106,HERITAGE,3131,3131,6,06-MUNJEWASTI,DIST-1001,FIRM-2001,MUKESH AGENCIES,true,2026-06-18T11:21:00.000Z,2026-06-18T07:40:08.337Z
6a6480df0cfec74546fb576e,106,HERITAGE,3724,3724,6,06-MUNJEWASTI,DIST-1001,FIRM-2001,MUKESH AGENCIES,true,2026-06-18T11:21:00.000Z,2026-06-18T07:40:08.337Z
6a6480df0cfec74546fb576f,106,HERITAGE,2269,2269,7,07-TINGRE NAGAR,DIST-1001,FIRM-2001,MUKESH AGENCIES,true,2026-06-18T11:21:00.000Z,2026-06-18T07:40:08.337Z
6a6480df0cfec74546fb5770,106,HERITAGE,2283,2283,7,07-TINGRE NAGAR,DIST-1001,FIRM-2001,MUKESH AGENCIES,true,2026-06-18T11:21:00.000Z,2026-06-18T07:40:08.337Z
6a6480df0cfec74546fb5771,106,HERITAGE,2605,2605,7,07-TINGRE NAGAR,DIST-1001,FIRM-2001,MUKESH AGENCIES,true,2026-06-18T11:21:00.000Z,2026-06-18T07:40:08.337Z
6a6480df0cfec74546fb5772,106,HERITAGE,3589,3589,7,07-TINGRE NAGAR,DIST-1001,FIRM-2001,MUKESH AGENCIES,true,2026-06-18T11:21:00.000Z,2026-06-18T07:40:08.337Z
6a6480df0cfec74546fb5773,106,HERITAGE,3664,3664,7,07-TINGRE NAGAR,DIST-1001,FIRM-2001,MUKESH AGENCIES,true,2026-06-18T11:21:00.000Z,2026-06-18T07:40:08.337Z
6a6480df0cfec74546fb5774,106,HERITAGE,3747,3747,7,07-TINGRE NAGAR,DIST-1001,FIRM-2001,MUKESH AGENCIES,true,2026-06-18T11:21:00.000Z,2026-06-18T07:40:08.337Z
6a6480df0cfec74546fb5775,106,HERITAGE,3481,3481,8,08-PRATIK NAGAR,DIST-1001,FIRM-2001,MUKESH AGENCIES,true,2026-06-18T11:21:00.000Z,2026-06-18T07:40:08.337Z
6a6480df0cfec74546fb5776,106,HERITAGE,2410,2410,9,09-NAGPUR CHAL,DIST-1001,FIRM-2001,MUKESH AGENCIES,true,2026-06-18T11:21:00.000Z,2026-06-18T07:40:08.337Z
6a6480df0cfec74546fb5777,106,HERITAGE,2353,2353,11,11-KALWAD,DIST-1001,FIRM-2001,MUKESH AGENCIES,true,2026-06-18T11:21:00.000Z,2026-06-18T07:40:08.337Z
6a6480df0cfec74546fb5778,106,HERITAGE,3586,3586,11,11-KALWAD,DIST-1001,FIRM-2001,MUKESH AGENCIES,true,2026-06-18T11:21:00.000Z,2026-06-18T07:40:08.337Z
6a6480df0cfec74546fb5779,106,HERITAGE,3693,3693,11,11-KALWAD,DIST-1001,FIRM-2001,MUKESH AGENCIES,true,2026-06-18T11:21:00.000Z,2026-06-18T07:40:08.337Z
6a6480df0cfec74546fb577a,106,HERITAGE,2375,2375,12,12-BHAIRAV NAGAR,DIST-1001,FIRM-2001,MUKESH AGENCIES,true,2026-06-18T11:21:00.000Z,2026-06-18T07:40:08.337Z
6a6480df0cfec74546fb577b,106,HERITAGE,2383,2383,12,12-BHAIRAV NAGAR,DIST-1001,FIRM-2001,MUKESH AGENCIES,true,2026-06-18T11:21:00.000Z,2026-06-18T07:40:08.337Z
6a6480df0cfec74546fb577c,106,HERITAGE,2573,2573,17,17-KOREGAON PARK,DIST-1001,FIRM-2001,MUKESH AGENCIES,true,2026-06-18T11:21:00.000Z,2026-06-18T07:40:08.337Z
6a6480df0cfec74546fb577d,106,HERITAGE,2835,2835,19,19-KHARADI-1,DIST-1001,FIRM-2001,MUKESH AGENCIES,true,2026-06-18T11:21:00.000Z,2026-06-18T07:40:08.337Z
6a6480df0cfec74546fb577e,106,HERITAGE,2854,2854,19,19-KHARADI-1,DIST-1001,FIRM-2001,MUKESH AGENCIES,true,2026-06-18T11:21:00.000Z,2026-06-18T07:40:08.337Z
6a6480df0cfec74546fb577f,106,HERITAGE,2907,2907,19,19-KHARADI-1,DIST-1001,FIRM-2001,MUKESH AGENCIES,true,2026-06-18T11:21:00.000Z,2026-06-18T07:40:08.337Z
6a6480df0cfec74546fb5780,106,HERITAGE,2917,2917,19,19-KHARADI-1,DIST-1001,FIRM-2001,MUKESH AGENCIES,true,2026-06-18T11:21:00.000Z,2026-06-18T07:40:08.337Z
6a6480df0cfec74546fb5781,106,HERITAGE,2925,2925,19,19-KHARADI-1,DIST-1001,FIRM-2001,MUKESH AGENCIES,true,2026-06-18T11:21:00.000Z,2026-06-18T07:40:08.337Z
6a6480df0cfec74546fb5782,106,HERITAGE,2928,2928,19,19-KHARADI-1,DIST-1001,FIRM-2001,MUKESH AGENCIES,true,2026-06-18T11:21:00.000Z,2026-06-18T07:40:08.337Z
6a6480df0cfec74546fb5783,106,HERITAGE,3005,3005,19,19-KHARADI-1,DIST-1001,FIRM-2001,MUKESH AGENCIES,true,2026-06-18T11:21:00.000Z,2026-06-18T07:40:08.337Z
6a6480df0cfec74546fb5784,106,HERITAGE,3019,3019,19,19-KHARADI-1,DIST-1001,FIRM-2001,MUKESH AGENCIES,true,2026-06-18T11:21:00.000Z,2026-06-18T07:40:08.337Z
6a6480df0cfec74546fb5785,106,HERITAGE,3082,3082,19,19-KHARADI-1,DIST-1001,FIRM-2001,MUKESH AGENCIES,true,2026-06-18T11:21:00.000Z,2026-06-18T07:40:08.337Z
6a6480df0cfec74546fb5786,106,HERITAGE,3150,3150,19,19-KHARADI-1,DIST-1001,FIRM-2001,MUKESH AGENCIES,true,2026-06-18T11:21:00.000Z,2026-06-18T07:40:08.337Z
6a6480df0cfec74546fb5787,106,HERITAGE,3193,3193,19,19-KHARADI-1,DIST-1001,FIRM-2001,MUKESH AGENCIES,true,2026-06-18T11:21:00.000Z,2026-06-18T07:40:08.337Z
6a6480df0cfec74546fb5788,106,HERITAGE,3441,3441,19,19-KHARADI-1,DIST-1001,FIRM-2001,MUKESH AGENCIES,true,2026-06-18T11:21:00.000Z,2026-06-18T07:40:08.337Z
6a6480df0cfec74546fb5789,106,HERITAGE,3536,3536,19,19-KHARADI-1,DIST-1001,FIRM-2001,MUKESH AGENCIES,true,2026-06-18T11:21:00.000Z,2026-06-18T07:40:08.337Z
6a6480df0cfec74546fb578a,106,HERITAGE,3606,3606,19,19-KHARADI-1,DIST-1001,FIRM-2001,MUKESH AGENCIES,true,2026-06-18T11:21:00.000Z,2026-06-18T07:40:08.337Z
6a6480df0cfec74546fb578b,106,HERITAGE,3833,3833,19,19-KHARADI-1,DIST-1001,FIRM-2001,MUKESH AGENCIES,true,2026-06-18T11:21:00.000Z,2026-06-18T07:40:08.337Z
6a6480df0cfec74546fb578c,106,HERITAGE,3839,3839,19,19-KHARADI-1,DIST-1001,FIRM-2001,MUKESH AGENCIES,true,2026-06-18T11:21:00.000Z,2026-06-18T07:40:08.337Z
6a6480df0cfec74546fb578d,106,HERITAGE,4186,4186,19,19-KHARADI-1,DIST-1001,FIRM-2001,MUKESH AGENCIES,true,2026-06-18T11:21:00.000Z,2026-06-18T07:40:08.337Z
6a6480df0cfec74546fb578e,106,HERITAGE,4187,4187,19,19-KHARADI-1,DIST-1001,FIRM-2001,MUKESH AGENCIES,true,2026-06-18T11:21:00.000Z,2026-06-18T07:40:08.337Z
6a6480df0cfec74546fb578f,106,HERITAGE,2847,2847,20,20-CHANDAN NAGAR,DIST-1001,FIRM-2001,MUKESH AGENCIES,true,2026-06-18T11:21:00.000Z,2026-06-18T07:40:08.337Z
6a6480df0cfec74546fb5790,106,HERITAGE,3487,3487,20,20-CHANDAN NAGAR,DIST-1001,FIRM-2001,MUKESH AGENCIES,true,2026-06-18T11:21:00.000Z,2026-06-18T07:40:08.337Z
6a6480df0cfec74546fb5791,106,HERITAGE,3709,3709,20,20-CHANDAN NAGAR,DIST-1001,FIRM-2001,MUKESH AGENCIES,true,2026-06-18T11:21:00.000Z,2026-06-18T07:40:08.337Z
6a6480df0cfec74546fb5792,106,HERITAGE,2687,2687,21,21-VADGAON SHERI,DIST-1001,FIRM-2001,MUKESH AGENCIES,true,2026-06-18T11:21:00.000Z,2026-06-18T07:40:08.337Z
6a6480df0cfec74546fb5793,106,HERITAGE,2697,2697,21,21-VADGAON SHERI,DIST-1001,FIRM-2001,MUKESH AGENCIES,true,2026-06-18T11:21:00.000Z,2026-06-18T07:40:08.337Z
6a6480df0cfec74546fb5794,106,HERITAGE,2701,2701,21,21-VADGAON SHERI,DIST-1001,FIRM-2001,MUKESH AGENCIES,true,2026-06-18T11:21:00.000Z,2026-06-18T07:40:08.337Z
6a6480df0cfec74546fb5795,106,HERITAGE,2706,2706,21,21-VADGAON SHERI,DIST-1001,FIRM-2001,MUKESH AGENCIES,true,2026-06-18T11:21:00.000Z,2026-06-18T07:40:08.337Z
6a6480df0cfec74546fb5796,106,HERITAGE,2859,2859,21,21-VADGAON SHERI,DIST-1001,FIRM-2001,MUKESH AGENCIES,true,2026-06-18T11:21:00.000Z,2026-06-18T07:40:08.337Z
6a6480df0cfec74546fb5797,106,HERITAGE,2962,2962,21,21-VADGAON SHERI,DIST-1001,FIRM-2001,MUKESH AGENCIES,true,2026-06-18T11:21:00.000Z,2026-06-18T07:40:08.337Z
6a6480df0cfec74546fb5798,106,HERITAGE,3027,3027,21,21-VADGAON SHERI,DIST-1001,FIRM-2001,MUKESH AGENCIES,true,2026-06-18T11:21:00.000Z,2026-06-18T07:40:08.337Z
6a6480df0cfec74546fb5799,106,HERITAGE,3126,3126,21,21-VADGAON SHERI,DIST-1001,FIRM-2001,MUKESH AGENCIES,true,2026-06-18T11:21:00.000Z,2026-06-18T07:40:08.337Z
6a6480df0cfec74546fb579a,106,HERITAGE,3167,3167,21,21-VADGAON SHERI,DIST-1001,FIRM-2001,MUKESH AGENCIES,true,2026-06-18T11:21:00.000Z,2026-06-18T07:40:08.337Z
6a6480df0cfec74546fb579b,106,HERITAGE,3400,3400,21,21-VADGAON SHERI,DIST-1001,FIRM-2001,MUKESH AGENCIES,true,2026-06-18T11:21:00.000Z,2026-06-18T07:40:08.337Z
6a6480df0cfec74546fb579c,106,HERITAGE,3461,3461,21,21-VADGAON SHERI,DIST-1001,FIRM-2001,MUKESH AGENCIES,true,2026-06-18T11:21:00.000Z,2026-06-18T07:40:08.337Z
6a6480df0cfec74546fb579d,106,HERITAGE,3510,3510,21,21-VADGAON SHERI,DIST-1001,FIRM-2001,MUKESH AGENCIES,true,2026-06-18T11:21:00.000Z,2026-06-18T07:40:08.337Z
6a6480df0cfec74546fb579e,106,HERITAGE,3625,3625,21,21-VADGAON SHERI,DIST-1001,FIRM-2001,MUKESH AGENCIES,true,2026-06-18T11:21:00.000Z,2026-06-18T07:40:08.337Z
6a6480df0cfec74546fb579f,106,HERITAGE,3729,3729,21,21-VADGAON SHERI,DIST-1001,FIRM-2001,MUKESH AGENCIES,true,2026-06-18T11:21:00.000Z,2026-06-18T07:40:08.337Z
6a6480df0cfec74546fb57a0,106,HERITAGE,3739,3739,21,21-VADGAON SHERI,DIST-1001,FIRM-2001,MUKESH AGENCIES,true,2026-06-18T11:21:00.000Z,2026-06-18T07:40:08.337Z
6a6480df0cfec74546fb57a1,106,HERITAGE,2712,2712,22,22-VIMAN NAGAR,DIST-1001,FIRM-2001,MUKESH AGENCIES,true,2026-06-18T11:21:00.000Z,2026-06-18T07:40:08.337Z
6a6480df0cfec74546fb57a2,106,HERITAGE,2936,2936,22,22-VIMAN NAGAR,DIST-1001,FIRM-2001,MUKESH AGENCIES,true,2026-06-18T11:21:00.000Z,2026-06-18T07:40:08.337Z
6a6480df0cfec74546fb57a3,106,HERITAGE,2956,2956,22,22-VIMAN NAGAR,DIST-1001,FIRM-2001,MUKESH AGENCIES,true,2026-06-18T11:21:00.000Z,2026-06-18T07:40:08.337Z
6a6480df0cfec74546fb57a4,106,HERITAGE,3039,3039,22,22-VIMAN NAGAR,DIST-1001,FIRM-2001,MUKESH AGENCIES,true,2026-06-18T11:21:00.000Z,2026-06-18T07:40:08.337Z
6a6480df0cfec74546fb57a5,106,HERITAGE,3091,3091,22,22-VIMAN NAGAR,DIST-1001,FIRM-2001,MUKESH AGENCIES,true,2026-06-18T11:21:00.000Z,2026-06-18T07:40:08.337Z
6a6480df0cfec74546fb57a6,106,HERITAGE,3092,3092,22,22-VIMAN NAGAR,DIST-1001,FIRM-2001,MUKESH AGENCIES,true,2026-06-18T11:21:00.000Z,2026-06-18T07:40:08.337Z
6a6480df0cfec74546fb57a7,106,HERITAGE,3125,3125,22,22-VIMAN NAGAR,DIST-1001,FIRM-2001,MUKESH AGENCIES,true,2026-06-18T11:21:00.000Z,2026-06-18T07:40:08.337Z
6a6480df0cfec74546fb57a8,106,HERITAGE,3514,3514,22,22-VIMAN NAGAR,DIST-1001,FIRM-2001,MUKESH AGENCIES,true,2026-06-18T11:21:00.000Z,2026-06-18T07:40:08.337Z
6a6480df0cfec74546fb57a9,106,HERITAGE,3685,3685,22,22-VIMAN NAGAR,DIST-1001,FIRM-2001,MUKESH AGENCIES,true,2026-06-18T11:21:00.000Z,2026-06-18T07:40:08.337Z
6a6480df0cfec74546fb57aa,106,HERITAGE,3721,3721,22,22-VIMAN NAGAR,DIST-1001,FIRM-2001,MUKESH AGENCIES,true,2026-06-18T11:21:00.000Z,2026-06-18T07:40:08.337Z
6a6480df0cfec74546fb57ab,106,HERITAGE,3728,3728,22,22-VIMAN NAGAR,DIST-1001,FIRM-2001,MUKESH AGENCIES,true,2026-06-18T11:21:00.000Z,2026-06-18T07:40:08.337Z
6a6480df0cfec74546fb57ac,106,HERITAGE,3820,3820,22,22-VIMAN NAGAR,DIST-1001,FIRM-2001,MUKESH AGENCIES,true,2026-06-18T11:21:00.000Z,2026-06-18T07:40:08.337Z
6a6480df0cfec74546fb57ad,106,HERITAGE,4060,4060,22,22-VIMAN NAGAR,DIST-1001,FIRM-2001,MUKESH AGENCIES,true,2026-06-18T11:21:00.000Z,2026-06-18T07:40:08.337Z
6a6480df0cfec74546fb57ae,106,HERITAGE,2725,2725,23,23-WAGHOLI,DIST-1001,FIRM-2001,MUKESH AGENCIES,true,2026-06-18T11:21:00.000Z,2026-06-18T07:40:08.337Z
6a6480df0cfec74546fb57af,106,HERITAGE,2790,2790,23,23-WAGHOLI,DIST-1001,FIRM-2001,MUKESH AGENCIES,true,2026-06-18T11:21:00.000Z,2026-06-18T07:40:08.337Z
6a6480df0cfec74546fb57b0,106,HERITAGE,2816,2816,23,23-WAGHOLI,DIST-1001,FIRM-2001,MUKESH AGENCIES,true,2026-06-18T11:21:00.000Z,2026-06-18T07:40:08.337Z
6a6480df0cfec74546fb57b1,106,HERITAGE,2819,2819,23,23-WAGHOLI,DIST-1001,FIRM-2001,MUKESH AGENCIES,true,2026-06-18T11:21:00.000Z,2026-06-18T07:40:08.337Z
6a6480df0cfec74546fb57b2,106,HERITAGE,2823,2823,23,23-WAGHOLI,DIST-1001,FIRM-2001,MUKESH AGENCIES,true,2026-06-18T11:21:00.000Z,2026-06-18T07:40:08.337Z
6a6480df0cfec74546fb57b3,106,HERITAGE,2828,2828,23,23-WAGHOLI,DIST-1001,FIRM-2001,MUKESH AGENCIES,true,2026-06-18T11:21:00.000Z,2026-06-18T07:40:08.337Z
6a6480df0cfec74546fb57b4,106,HERITAGE,2865,2865,23,23-WAGHOLI,DIST-1001,FIRM-2001,MUKESH AGENCIES,true,2026-06-18T11:21:00.000Z,2026-06-18T07:40:08.337Z
6a6480df0cfec74546fb57b5,106,HERITAGE,2871,2871,23,23-WAGHOLI,DIST-1001,FIRM-2001,MUKESH AGENCIES,true,2026-06-18T11:21:00.000Z,2026-06-18T07:40:08.337Z
6a6480df0cfec74546fb57b6,106,HERITAGE,2872,2872,23,23-WAGHOLI,DIST-1001,FIRM-2001,MUKESH AGENCIES,true,2026-06-18T11:21:00.000Z,2026-06-18T07:40:08.337Z
6a6480df0cfec74546fb57b7,106,HERITAGE,2874,2874,23,23-WAGHOLI,DIST-1001,FIRM-2001,MUKESH AGENCIES,true,2026-06-18T11:21:00.000Z,2026-06-18T07:40:08.337Z
6a6480df0cfec74546fb57b8,106,HERITAGE,3018,3018,23,23-WAGHOLI,DIST-1001,FIRM-2001,MUKESH AGENCIES,true,2026-06-18T11:21:00.000Z,2026-06-18T07:40:08.337Z
6a6480df0cfec74546fb57b9,106,HERITAGE,3062,3062,23,23-WAGHOLI,DIST-1001,FIRM-2001,MUKESH AGENCIES,true,2026-06-18T11:21:00.000Z,2026-06-18T07:40:08.337Z
6a6480df0cfec74546fb57ba,106,HERITAGE,3066,3066,23,23-WAGHOLI,DIST-1001,FIRM-2001,MUKESH AGENCIES,true,2026-06-18T11:21:00.000Z,2026-06-18T07:40:08.337Z
6a6480df0cfec74546fb57bb,106,HERITAGE,3083,3083,23,23-WAGHOLI,DIST-1001,FIRM-2001,MUKESH AGENCIES,true,2026-06-18T11:21:00.000Z,2026-06-18T07:40:08.337Z
6a6480df0cfec74546fb57bc,106,HERITAGE,3089,3089,23,23-WAGHOLI,DIST-1001,FIRM-2001,MUKESH AGENCIES,true,2026-06-18T11:21:00.000Z,2026-06-18T07:40:08.337Z
6a6480df0cfec74546fb57bd,106,HERITAGE,3186,3186,23,23-WAGHOLI,DIST-1001,FIRM-2001,MUKESH AGENCIES,true,2026-06-18T11:21:00.000Z,2026-06-18T07:40:08.337Z
6a6480df0cfec74546fb57be,106,HERITAGE,3247,3247,23,23-WAGHOLI,DIST-1001,FIRM-2001,MUKESH AGENCIES,true,2026-06-18T11:21:00.000Z,2026-06-18T07:40:08.337Z
6a6480df0cfec74546fb57bf,106,HERITAGE,3319,3319,23,23-WAGHOLI,DIST-1001,FIRM-2001,MUKESH AGENCIES,true,2026-06-18T11:21:00.000Z,2026-06-18T07:40:08.337Z
6a6480df0cfec74546fb57c0,106,HERITAGE,3332,3332,23,23-WAGHOLI,DIST-1001,FIRM-2001,MUKESH AGENCIES,true,2026-06-18T11:21:00.000Z,2026-06-18T07:40:08.337Z
6a6480df0cfec74546fb57c1,106,HERITAGE,3518,3518,23,23-WAGHOLI,DIST-1001,FIRM-2001,MUKESH AGENCIES,true,2026-06-18T11:21:00.000Z,2026-06-18T07:40:08.337Z
6a6480df0cfec74546fb57c2,106,HERITAGE,3537,3537,23,23-WAGHOLI,DIST-1001,FIRM-2001,MUKESH AGENCIES,true,2026-06-18T11:21:00.000Z,2026-06-18T07:40:08.337Z
6a6480df0cfec74546fb57c3,106,HERITAGE,3730,3730,23,23-WAGHOLI,DIST-1001,FIRM-2001,MUKESH AGENCIES,true,2026-06-18T11:21:00.000Z,2026-06-18T07:40:08.337Z
6a6480df0cfec74546fb57c4,106,HERITAGE,2778,2778,24,24-NAGAR ROAD,DIST-1001,FIRM-2001,MUKESH AGENCIES,true,2026-06-18T11:21:00.000Z,2026-06-18T07:40:08.337Z
6a6480df0cfec74546fb57c5,106,HERITAGE,2736,2736,26,26-AWHALWADI,DIST-1001,FIRM-2001,MUKESH AGENCIES,true,2026-06-18T11:21:00.000Z,2026-06-18T07:40:08.337Z
6a6480df0cfec74546fb57c6,106,HERITAGE,2902,2902,26,26-AWHALWADI,DIST-1001,FIRM-2001,MUKESH AGENCIES,true,2026-06-18T11:21:00.000Z,2026-06-18T07:40:08.337Z
6a6480df0cfec74546fb57c7,106,HERITAGE,3324,3324,26,26-AWHALWADI,DIST-1001,FIRM-2001,MUKESH AGENCIES,true,2026-06-18T11:21:00.000Z,2026-06-18T07:40:08.337Z
6a6480df0cfec74546fb57c8,106,HERITAGE,3133,3133,27,27-LOHEGOAN ROAD,DIST-1001,FIRM-2001,MUKESH AGENCIES,true,2026-06-18T11:21:00.000Z,2026-06-18T07:40:08.337Z
6a6480df0cfec74546fb57c9,106,HERITAGE,3767,3767,28,28-A,DIST-1001,FIRM-2001,MUKESH AGENCIES,true,2026-06-18T11:21:00.000Z,2026-06-18T07:40:08.337Z
6a6480df0cfec74546fb57ca,107,WEIKFIELD FOODS PVT.LTD,2001,2001,1,01-LOHEGOAN,DIST-1001,FIRM-2001,MUKESH AGENCIES,true,2026-06-18T11:21:00.000Z,2026-06-18T07:40:08.337Z
6a6480df0cfec74546fb57cb,107,WEIKFIELD FOODS PVT.LTD,2018,2018,1,01-LOHEGOAN,DIST-1001,FIRM-2001,MUKESH AGENCIES,true,2026-06-18T11:21:00.000Z,2026-06-18T07:40:08.337Z
6a6480df0cfec74546fb57cc,107,WEIKFIELD FOODS PVT.LTD,2020,2020,1,01-LOHEGOAN,DIST-1001,FIRM-2001,MUKESH AGENCIES,true,2026-06-18T11:21:00.000Z,2026-06-18T07:40:08.337Z
6a6480df0cfec74546fb57cd,107,WEIKFIELD FOODS PVT.LTD,2027,2027,1,01-LOHEGOAN,DIST-1001,FIRM-2001,MUKESH AGENCIES,true,2026-06-18T11:21:00.000Z,2026-06-18T07:40:08.337Z
6a6480df0cfec74546fb57ce,107,WEIKFIELD FOODS PVT.LTD,2036,2036,1,01-LOHEGOAN,DIST-1001,FIRM-2001,MUKESH AGENCIES,true,2026-06-18T11:21:00.000Z,2026-06-18T07:40:08.337Z
6a6480df0cfec74546fb57cf,107,WEIKFIELD FOODS PVT.LTD,2053,2053,1,01-LOHEGOAN,DIST-1001,FIRM-2001,MUKESH AGENCIES,true,2026-06-18T11:21:00.000Z,2026-06-18T07:40:08.337Z
6a6480df0cfec74546fb57d0,107,WEIKFIELD FOODS PVT.LTD,2057,2057,1,01-LOHEGOAN,DIST-1001,FIRM-2001,MUKESH AGENCIES,true,2026-06-18T11:21:00.000Z,2026-06-18T07:40:08.337Z
6a6480df0cfec74546fb57d1,107,WEIKFIELD FOODS PVT.LTD,2435,2435,1,01-LOHEGOAN,DIST-1001,FIRM-2001,MUKESH AGENCIES,true,2026-06-18T11:21:00.000Z,2026-06-18T07:40:08.337Z
6a6480df0cfec74546fb57d2,107,WEIKFIELD FOODS PVT.LTD,2465,2465,1,01-LOHEGOAN,DIST-1001,FIRM-2001,MUKESH AGENCIES,true,2026-06-18T11:21:00.000Z,2026-06-18T07:40:08.337Z
6a6480df0cfec74546fb57d3,107,WEIKFIELD FOODS PVT.LTD,2486,2486,1,01-LOHEGOAN,DIST-1001,FIRM-2001,MUKESH AGENCIES,true,2026-06-18T11:21:00.000Z,2026-06-18T07:40:08.337Z
6a6480df0cfec74546fb57d4,107,WEIKFIELD FOODS PVT.LTD,2500,2500,1,01-LOHEGOAN,DIST-1001,FIRM-2001,MUKESH AGENCIES,true,2026-06-18T11:21:00.000Z,2026-06-18T07:40:08.337Z
6a6480df0cfec74546fb57d5,107,WEIKFIELD FOODS PVT.LTD,2550,2550,1,01-LOHEGOAN,DIST-1001,FIRM-2001,MUKESH AGENCIES,true,2026-06-18T11:21:00.000Z,2026-06-18T07:40:08.337Z
6a6480df0cfec74546fb57d6,107,WEIKFIELD FOODS PVT.LTD,2558,2558,1,01-LOHEGOAN,DIST-1001,FIRM-2001,MUKESH AGENCIES,true,2026-06-18T11:21:00.000Z,2026-06-18T07:40:08.337Z
6a6480df0cfec74546fb57d7,107,WEIKFIELD FOODS PVT.LTD,2641,2641,1,01-LOHEGOAN,DIST-1001,FIRM-2001,MUKESH AGENCIES,true,2026-06-18T11:21:00.000Z,2026-06-18T07:40:08.337Z
6a6480df0cfec74546fb57d8,107,WEIKFIELD FOODS PVT.LTD,2645,2645,1,01-LOHEGOAN,DIST-1001,FIRM-2001,MUKESH AGENCIES,true,2026-06-18T11:21:00.000Z,2026-06-18T07:40:08.337Z
6a6480df0cfec74546fb57d9,107,WEIKFIELD FOODS PVT.LTD,2646,2646,1,01-LOHEGOAN,DIST-1001,FIRM-2001,MUKESH AGENCIES,true,2026-06-18T11:21:00.000Z,2026-06-18T07:40:08.337Z
6a6480df0cfec74546fb57da,107,WEIKFIELD FOODS PVT.LTD,2676,2676,1,01-LOHEGOAN,DIST-1001,FIRM-2001,MUKESH AGENCIES,true,2026-06-18T11:21:00.000Z,2026-06-18T07:40:08.337Z
6a6480df0cfec74546fb57db,107,WEIKFIELD FOODS PVT.LTD,2887,2887,1,01-LOHEGOAN,DIST-1001,FIRM-2001,MUKESH AGENCIES,true,2026-06-18T11:21:00.000Z,2026-06-18T07:40:08.337Z
6a6480df0cfec74546fb57dc,107,WEIKFIELD FOODS PVT.LTD,2946,2946,1,01-LOHEGOAN,DIST-1001,FIRM-2001,MUKESH AGENCIES,true,2026-06-18T11:21:00.000Z,2026-06-18T07:40:08.337Z
6a6480df0cfec74546fb57dd,107,WEIKFIELD FOODS PVT.LTD,2947,2947,1,01-LOHEGOAN,DIST-1001,FIRM-2001,MUKESH AGENCIES,true,2026-06-18T11:21:00.000Z,2026-06-18T07:40:08.337Z
6a6480df0cfec74546fb57de,107,WEIKFIELD FOODS PVT.LTD,2949,2949,1,01-LOHEGOAN,DIST-1001,FIRM-2001,MUKESH AGENCIES,true,2026-06-18T11:21:00.000Z,2026-06-18T07:40:08.337Z
6a6480df0cfec74546fb57df,107,WEIKFIELD FOODS PVT.LTD,3157,3157,1,01-LOHEGOAN,DIST-1001,FIRM-2001,MUKESH AGENCIES,true,2026-06-18T11:21:00.000Z,2026-06-18T07:40:08.337Z
6a6480df0cfec74546fb57e0,107,WEIKFIELD FOODS PVT.LTD,3215,3215,1,01-LOHEGOAN,DIST-1001,FIRM-2001,MUKESH AGENCIES,true,2026-06-18T11:21:00.000Z,2026-06-18T07:40:08.337Z
6a6480df0cfec74546fb57e1,107,WEIKFIELD FOODS PVT.LTD,3337,3337,1,01-LOHEGOAN,DIST-1001,FIRM-2001,MUKESH AGENCIES,true,2026-06-18T11:21:00.000Z,2026-06-18T07:40:08.337Z
6a6480df0cfec74546fb57e2,107,WEIKFIELD FOODS PVT.LTD,3341,3341,1,01-LOHEGOAN,DIST-1001,FIRM-2001,MUKESH AGENCIES,true,2026-06-18T11:21:00.000Z,2026-06-18T07:40:08.337Z
6a6480df0cfec74546fb57e3,107,WEIKFIELD FOODS PVT.LTD,3346,3346,1,01-LOHEGOAN,DIST-1001,FIRM-2001,MUKESH AGENCIES,true,2026-06-18T11:21:00.000Z,2026-06-18T07:40:08.337Z
6a6480df0cfec74546fb57e4,107,WEIKFIELD FOODS PVT.LTD,3472,3472,1,01-LOHEGOAN,DIST-1001,FIRM-2001,MUKESH AGENCIES,true,2026-06-18T11:21:00.000Z,2026-06-18T07:40:08.337Z
6a6480df0cfec74546fb57e5,107,WEIKFIELD FOODS PVT.LTD,3522,3522,1,01-LOHEGOAN,DIST-1001,FIRM-2001,MUKESH AGENCIES,true,2026-06-18T11:21:00.000Z,2026-06-18T07:40:08.337Z
6a6480df0cfec74546fb57e6,107,WEIKFIELD FOODS PVT.LTD,3555,3555,1,01-LOHEGOAN,DIST-1001,FIRM-2001,MUKESH AGENCIES,true,2026-06-18T11:21:00.000Z,2026-06-18T07:40:08.337Z
6a6480df0cfec74546fb57e7,107,WEIKFIELD FOODS PVT.LTD,3574,3574,1,01-LOHEGOAN,DIST-1001,FIRM-2001,MUKESH AGENCIES,true,2026-06-18T11:21:00.000Z,2026-06-18T07:40:08.337Z
6a6480df0cfec74546fb57e8,107,WEIKFIELD FOODS PVT.LTD,3618,3618,1,01-LOHEGOAN,DIST-1001,FIRM-2001,MUKESH AGENCIES,true,2026-06-18T11:21:00.000Z,2026-06-18T07:40:08.337Z
6a6480df0cfec74546fb57e9,107,WEIKFIELD FOODS PVT.LTD,3705,3705,1,01-LOHEGOAN,DIST-1001,FIRM-2001,MUKESH AGENCIES,true,2026-06-18T11:21:00.000Z,2026-06-18T07:40:08.337Z
6a6480df0cfec74546fb57ea,107,WEIKFIELD FOODS PVT.LTD,3742,3742,1,01-LOHEGOAN,DIST-1001,FIRM-2001,MUKESH AGENCIES,true,2026-06-18T11:21:00.000Z,2026-06-18T07:40:08.337Z
6a6480df0cfec74546fb57eb,107,WEIKFIELD FOODS PVT.LTD,3744,3744,1,01-LOHEGOAN,DIST-1001,FIRM-2001,MUKESH AGENCIES,true,2026-06-18T11:21:00.000Z,2026-06-18T07:40:08.337Z
6a6480df0cfec74546fb57ec,107,WEIKFIELD FOODS PVT.LTD,3745,3745,1,01-LOHEGOAN,DIST-1001,FIRM-2001,MUKESH AGENCIES,true,2026-06-18T11:21:00.000Z,2026-06-18T07:40:08.337Z
6a6480df0cfec74546fb57ed,107,WEIKFIELD FOODS PVT.LTD,3762,3762,1,01-LOHEGOAN,DIST-1001,FIRM-2001,MUKESH AGENCIES,true,2026-06-18T11:21:00.000Z,2026-06-18T07:40:08.337Z
6a6480df0cfec74546fb57ee,107,WEIKFIELD FOODS PVT.LTD,3774,3774,1,01-LOHEGOAN,DIST-1001,FIRM-2001,MUKESH AGENCIES,true,2026-06-18T11:21:00.000Z,2026-06-18T07:40:08.337Z
6a6480df0cfec74546fb57ef,107,WEIKFIELD FOODS PVT.LTD,3775,3775,1,01-LOHEGOAN,DIST-1001,FIRM-2001,MUKESH AGENCIES,true,2026-06-18T11:21:00.000Z,2026-06-18T07:40:08.337Z
6a6480df0cfec74546fb57f0,107,WEIKFIELD FOODS PVT.LTD,3791,3791,1,01-LOHEGOAN,DIST-1001,FIRM-2001,MUKESH AGENCIES,true,2026-06-18T11:21:00.000Z,2026-06-18T07:40:08.337Z
6a6480df0cfec74546fb57f1,107,WEIKFIELD FOODS PVT.LTD,3806,3806,1,01-LOHEGOAN,DIST-1001,FIRM-2001,MUKESH AGENCIES,true,2026-06-18T11:21:00.000Z,2026-06-18T07:40:08.337Z
6a6480df0cfec74546fb57f2,107,WEIKFIELD FOODS PVT.LTD,3816,3816,1,01-LOHEGOAN,DIST-1001,FIRM-2001,MUKESH AGENCIES,true,2026-06-18T11:21:00.000Z,2026-06-18T07:40:08.337Z
6a6480df0cfec74546fb57f3,107,WEIKFIELD FOODS PVT.LTD,3825,3825,1,01-LOHEGOAN,DIST-1001,FIRM-2001,MUKESH AGENCIES,true,2026-06-18T11:21:00.000Z,2026-06-18T07:40:08.337Z
6a6480df0cfec74546fb57f4,107,WEIKFIELD FOODS PVT.LTD,3836,3836,1,01-LOHEGOAN,DIST-1001,FIRM-2001,MUKESH AGENCIES,true,2026-06-18T11:21:00.000Z,2026-06-18T07:40:08.337Z
6a6480df0cfec74546fb57f5,107,WEIKFIELD FOODS PVT.LTD,3909,3909,1,01-LOHEGOAN,DIST-1001,FIRM-2001,MUKESH AGENCIES,true,2026-06-18T11:21:00.000Z,2026-06-18T07:40:08.337Z
6a6480df0cfec74546fb57f6,107,WEIKFIELD FOODS PVT.LTD,3918,3918,1,01-LOHEGOAN,DIST-1001,FIRM-2001,MUKESH AGENCIES,true,2026-06-18T11:21:00.000Z,2026-06-18T07:40:08.337Z
6a6480df0cfec74546fb57f7,107,WEIKFIELD FOODS PVT.LTD,3949,3949,1,01-LOHEGOAN,DIST-1001,FIRM-2001,MUKESH AGENCIES,true,2026-06-18T11:21:00.000Z,2026-06-18T07:40:08.337Z
6a6480df0cfec74546fb57f8,107,WEIKFIELD FOODS PVT.LTD,3950,3950,1,01-LOHEGOAN,DIST-1001,FIRM-2001,MUKESH AGENCIES,true,2026-06-18T11:21:00.000Z,2026-06-18T07:40:08.337Z
6a6480df0cfec74546fb57f9,107,WEIKFIELD FOODS PVT.LTD,3965,3965,1,01-LOHEGOAN,DIST-1001,FIRM-2001,MUKESH AGENCIES,true,2026-06-18T11:21:00.000Z,2026-06-18T07:40:08.337Z
6a6480df0cfec74546fb57fa,107,WEIKFIELD FOODS PVT.LTD,4023,4023,1,01-LOHEGOAN,DIST-1001,FIRM-2001,MUKESH AGENCIES,true,2026-06-18T11:21:00.000Z,2026-06-18T07:40:08.337Z
6a6480df0cfec74546fb57fb,107,WEIKFIELD FOODS PVT.LTD,4045,4045,1,01-LOHEGOAN,DIST-1001,FIRM-2001,MUKESH AGENCIES,true,2026-06-18T11:21:00.000Z,2026-06-18T07:40:08.337Z
6a6480df0cfec74546fb57fc,107,WEIKFIELD FOODS PVT.LTD,4076,4076,1,01-LOHEGOAN,DIST-1001,FIRM-2001,MUKESH AGENCIES,true,2026-06-18T11:21:00.000Z,2026-06-18T07:40:08.337Z
6a6480df0cfec74546fb57fd,107,WEIKFIELD FOODS PVT.LTD,4091,4091,1,01-LOHEGOAN,DIST-1001,FIRM-2001,MUKESH AGENCIES,true,2026-06-18T11:21:00.000Z,2026-06-18T07:40:08.337Z
6a6480df0cfec74546fb57fe,107,WEIKFIELD FOODS PVT.LTD,4113,4113,1,01-LOHEGOAN,DIST-1001,FIRM-2001,MUKESH AGENCIES,true,2026-06-18T11:21:00.000Z,2026-06-18T07:40:08.337Z
6a6480df0cfec74546fb57ff,107,WEIKFIELD FOODS PVT.LTD,4114,4114,1,01-LOHEGOAN,DIST-1001,FIRM-2001,MUKESH AGENCIES,true,2026-06-18T11:21:00.000Z,2026-06-18T07:40:08.337Z
6a6480df0cfec74546fb5800,107,WEIKFIELD FOODS PVT.LTD,4146,4146,1,01-LOHEGOAN,DIST-1001,FIRM-2001,MUKESH AGENCIES,true,2026-06-18T11:21:00.000Z,2026-06-18T07:40:08.337Z
6a6480df0cfec74546fb5801,107,WEIKFIELD FOODS PVT.LTD,4198,4198,1,01-LOHEGOAN,DIST-1001,FIRM-2001,MUKESH AGENCIES,true,2026-06-18T11:21:00.000Z,2026-06-18T07:40:08.337Z
6a6480df0cfec74546fb5802,107,WEIKFIELD FOODS PVT.LTD,2108,2108,2,02-DHANORI,DIST-1001,FIRM-2001,MUKESH AGENCIES,true,2026-06-18T11:21:00.000Z,2026-06-18T07:40:08.337Z
6a6480df0cfec74546fb5803,107,WEIKFIELD FOODS PVT.LTD,2111,2111,2,02-DHANORI,DIST-1001,FIRM-2001,MUKESH AGENCIES,true,2026-06-18T11:21:00.000Z,2026-06-18T07:40:08.337Z
6a6480df0cfec74546fb5804,107,WEIKFIELD FOODS PVT.LTD,2118,2118,2,02-DHANORI,DIST-1001,FIRM-2001,MUKESH AGENCIES,true,2026-06-18T11:21:00.000Z,2026-06-18T07:40:08.337Z
6a6480df0cfec74546fb5805,107,WEIKFIELD FOODS PVT.LTD,2120,2120,2,02-DHANORI,DIST-1001,FIRM-2001,MUKESH AGENCIES,true,2026-06-18T11:21:00.000Z,2026-06-18T07:40:08.337Z
6a6480df0cfec74546fb5806,107,WEIKFIELD FOODS PVT.LTD,2124,2124,2,02-DHANORI,DIST-1001,FIRM-2001,MUKESH AGENCIES,true,2026-06-18T11:21:00.000Z,2026-06-18T07:40:08.337Z
6a6480df0cfec74546fb5807,107,WEIKFIELD FOODS PVT.LTD,2129,2129,2,02-DHANORI,DIST-1001,FIRM-2001,MUKESH AGENCIES,true,2026-06-18T11:21:00.000Z,2026-06-18T07:40:08.337Z
6a6480df0cfec74546fb5808,107,WEIKFIELD FOODS PVT.LTD,2131,2131,2,02-DHANORI,DIST-1001,FIRM-2001,MUKESH AGENCIES,true,2026-06-18T11:21:00.000Z,2026-06-18T07:40:08.337Z
6a6480df0cfec74546fb5809,107,WEIKFIELD FOODS PVT.LTD,2133,2133,2,02-DHANORI,DIST-1001,FIRM-2001,MUKESH AGENCIES,true,2026-06-18T11:21:00.000Z,2026-06-18T07:40:08.337Z
6a6480df0cfec74546fb580a,107,WEIKFIELD FOODS PVT.LTD,2135,2135,2,02-DHANORI,DIST-1001,FIRM-2001,MUKESH AGENCIES,true,2026-06-18T11:21:00.000Z,2026-06-18T07:40:08.337Z
6a6480df0cfec74546fb580b,107,WEIKFIELD FOODS PVT.LTD,2139,2139,2,02-DHANORI,DIST-1001,FIRM-2001,MUKESH AGENCIES,true,2026-06-18T11:21:00.000Z,2026-06-18T07:40:08.337Z
6a6480df0cfec74546fb580c,107,WEIKFIELD FOODS PVT.LTD,2140,2140,2,02-DHANORI,DIST-1001,FIRM-2001,MUKESH AGENCIES,true,2026-06-18T11:21:00.000Z,2026-06-18T07:40:08.337Z
6a6480df0cfec74546fb580d,107,WEIKFIELD FOODS PVT.LTD,2148,2148,2,02-DHANORI,DIST-1001,FIRM-2001,MUKESH AGENCIES,true,2026-06-18T11:21:00.000Z,2026-06-18T07:40:08.337Z
6a6480df0cfec74546fb580e,107,WEIKFIELD FOODS PVT.LTD,2161,2161,2,02-DHANORI,DIST-1001,FIRM-2001,MUKESH AGENCIES,true,2026-06-18T11:21:00.000Z,2026-06-18T07:40:08.337Z
6a6480df0cfec74546fb580f,107,WEIKFIELD FOODS PVT.LTD,2171,2171,2,02-DHANORI,DIST-1001,FIRM-2001,MUKESH AGENCIES,true,2026-06-18T11:21:00.000Z,2026-06-18T07:40:08.337Z
6a6480df0cfec74546fb5810,107,WEIKFIELD FOODS PVT.LTD,2179,2179,2,02-DHANORI,DIST-1001,FIRM-2001,MUKESH AGENCIES,true,2026-06-18T11:21:00.000Z,2026-06-18T07:40:08.337Z
6a6480df0cfec74546fb5811,107,WEIKFIELD FOODS PVT.LTD,2180,2180,2,02-DHANORI,DIST-1001,FIRM-2001,MUKESH AGENCIES,true,2026-06-18T11:21:00.000Z,2026-06-18T07:40:08.337Z
6a6480df0cfec74546fb5812,107,WEIKFIELD FOODS PVT.LTD,2181,2181,2,02-DHANORI,DIST-1001,FIRM-2001,MUKESH AGENCIES,true,2026-06-18T11:21:00.000Z,2026-06-18T07:40:08.337Z
6a6480df0cfec74546fb5813,107,WEIKFIELD FOODS PVT.LTD,2187,2187,2,02-DHANORI,DIST-1001,FIRM-2001,MUKESH AGENCIES,true,2026-06-18T11:21:00.000Z,2026-06-18T07:40:08.337Z
6a6480df0cfec74546fb5814,107,WEIKFIELD FOODS PVT.LTD,2475,2475,2,02-DHANORI,DIST-1001,FIRM-2001,MUKESH AGENCIES,true,2026-06-18T11:21:00.000Z,2026-06-18T07:40:08.337Z
6a6480df0cfec74546fb5815,107,WEIKFIELD FOODS PVT.LTD,2651,2651,2,02-DHANORI,DIST-1001,FIRM-2001,MUKESH AGENCIES,true,2026-06-18T11:21:00.000Z,2026-06-18T07:40:08.337Z
6a6480df0cfec74546fb5816,107,WEIKFIELD FOODS PVT.LTD,3054,3054,2,02-DHANORI,DIST-1001,FIRM-2001,MUKESH AGENCIES,true,2026-06-18T11:21:00.000Z,2026-06-18T07:40:08.337Z
6a6480df0cfec74546fb5817,107,WEIKFIELD FOODS PVT.LTD,3087,3087,2,02-DHANORI,DIST-1001,FIRM-2001,MUKESH AGENCIES,true,2026-06-18T11:21:00.000Z,2026-06-18T07:40:08.337Z
6a6480df0cfec74546fb5818,107,WEIKFIELD FOODS PVT.LTD,3395,3395,2,02-DHANORI,DIST-1001,FIRM-2001,MUKESH AGENCIES,true,2026-06-18T11:21:00.000Z,2026-06-18T07:40:08.337Z
6a6480df0cfec74546fb5819,107,WEIKFIELD FOODS PVT.LTD,3550,3550,2,02-DHANORI,DIST-1001,FIRM-2001,MUKESH AGENCIES,true,2026-06-18T11:21:00.000Z,2026-06-18T07:40:08.337Z
6a6480df0cfec74546fb581a,107,WEIKFIELD FOODS PVT.LTD,3573,3573,2,02-DHANORI,DIST-1001,FIRM-2001,MUKESH AGENCIES,true,2026-06-18T11:21:00.000Z,2026-06-18T07:40:08.337Z
6a6480df0cfec74546fb581b,107,WEIKFIELD FOODS PVT.LTD,3636,3636,2,02-DHANORI,DIST-1001,FIRM-2001,MUKESH AGENCIES,true,2026-06-18T11:21:00.000Z,2026-06-18T07:40:08.337Z
6a6480df0cfec74546fb581c,107,WEIKFIELD FOODS PVT.LTD,3684,3684,2,02-DHANORI,DIST-1001,FIRM-2001,MUKESH AGENCIES,true,2026-06-18T11:21:00.000Z,2026-06-18T07:40:08.337Z
6a6480df0cfec74546fb581d,107,WEIKFIELD FOODS PVT.LTD,3725,3725,2,02-DHANORI,DIST-1001,FIRM-2001,MUKESH AGENCIES,true,2026-06-18T11:21:00.000Z,2026-06-18T07:40:08.337Z
6a6480df0cfec74546fb581e,107,WEIKFIELD FOODS PVT.LTD,3734,3734,2,02-DHANORI,DIST-1001,FIRM-2001,MUKESH AGENCIES,true,2026-06-18T11:21:00.000Z,2026-06-18T07:40:08.337Z
6a6480df0cfec74546fb581f,107,WEIKFIELD FOODS PVT.LTD,3735,3735,2,02-DHANORI,DIST-1001,FIRM-2001,MUKESH AGENCIES,true,2026-06-18T11:21:00.000Z,2026-06-18T07:40:08.337Z
6a6480df0cfec74546fb5820,107,WEIKFIELD FOODS PVT.LTD,3769,3769,2,02-DHANORI,DIST-1001,FIRM-2001,MUKESH AGENCIES,true,2026-06-18T11:21:00.000Z,2026-06-18T07:40:08.337Z
6a6480df0cfec74546fb5821,107,WEIKFIELD FOODS PVT.LTD,3773,3773,2,02-DHANORI,DIST-1001,FIRM-2001,MUKESH AGENCIES,true,2026-06-18T11:21:00.000Z,2026-06-18T07:40:08.337Z
6a6480df0cfec74546fb5822,107,WEIKFIELD FOODS PVT.LTD,3805,3805,2,02-DHANORI,DIST-1001,FIRM-2001,MUKESH AGENCIES,true,2026-06-18T11:21:00.000Z,2026-06-18T07:40:08.337Z
6a6480df0cfec74546fb5823,107,WEIKFIELD FOODS PVT.LTD,3843,3843,2,02-DHANORI,DIST-1001,FIRM-2001,MUKESH AGENCIES,true,2026-06-18T11:21:00.000Z,2026-06-18T07:40:08.337Z
6a6480df0cfec74546fb5824,107,WEIKFIELD FOODS PVT.LTD,3844,3844,2,02-DHANORI,DIST-1001,FIRM-2001,MUKESH AGENCIES,true,2026-06-18T11:21:00.000Z,2026-06-18T07:40:08.337Z
6a6480df0cfec74546fb5825,107,WEIKFIELD FOODS PVT.LTD,3847,3847,2,02-DHANORI,DIST-1001,FIRM-2001,MUKESH AGENCIES,true,2026-06-18T11:21:00.000Z,2026-06-18T07:40:08.337Z
6a6480df0cfec74546fb5826,107,WEIKFIELD FOODS PVT.LTD,3848,3848,2,02-DHANORI,DIST-1001,FIRM-2001,MUKESH AGENCIES,true,2026-06-18T11:21:00.000Z,2026-06-18T07:40:08.337Z
6a6480df0cfec74546fb5827,107,WEIKFIELD FOODS PVT.LTD,3849,3849,2,02-DHANORI,DIST-1001,FIRM-2001,MUKESH AGENCIES,true,2026-06-18T11:21:00.000Z,2026-06-18T07:40:08.337Z
6a6480df0cfec74546fb5828,107,WEIKFIELD FOODS PVT.LTD,3851,3851,2,02-DHANORI,DIST-1001,FIRM-2001,MUKESH AGENCIES,true,2026-06-18T11:21:00.000Z,2026-06-18T07:40:08.337Z
6a6480df0cfec74546fb5829,107,WEIKFIELD FOODS PVT.LTD,3928,3928,2,02-DHANORI,DIST-1001,FIRM-2001,MUKESH AGENCIES,true,2026-06-18T11:21:00.000Z,2026-06-18T07:40:08.337Z
6a6480df0cfec74546fb582a,107,WEIKFIELD FOODS PVT.LTD,3964,3964,2,02-DHANORI,DIST-1001,FIRM-2001,MUKESH AGENCIES,true,2026-06-18T11:21:00.000Z,2026-06-18T07:40:08.337Z
6a6480df0cfec74546fb582b,107,WEIKFIELD FOODS PVT.LTD,4038,4038,2,02-DHANORI,DIST-1001,FIRM-2001,MUKESH AGENCIES,true,2026-06-18T11:21:00.000Z,2026-06-18T07:40:08.337Z
6a6480df0cfec74546fb582c,107,WEIKFIELD FOODS PVT.LTD,4046,4046,2,02-DHANORI,DIST-1001,FIRM-2001,MUKESH AGENCIES,true,2026-06-18T11:21:00.000Z,2026-06-18T07:40:08.337Z
6a6480df0cfec74546fb582d,107,WEIKFIELD FOODS PVT.LTD,4069,4069,2,02-DHANORI,DIST-1001,FIRM-2001,MUKESH AGENCIES,true,2026-06-18T11:21:00.000Z,2026-06-18T07:40:08.337Z
6a6480df0cfec74546fb582e,107,WEIKFIELD FOODS PVT.LTD,4083,4083,2,02-DHANORI,DIST-1001,FIRM-2001,MUKESH AGENCIES,true,2026-06-18T11:21:00.000Z,2026-06-18T07:40:08.337Z
6a6480df0cfec74546fb582f,107,WEIKFIELD FOODS PVT.LTD,4090,4090,2,02-DHANORI,DIST-1001,FIRM-2001,MUKESH AGENCIES,true,2026-06-18T11:21:00.000Z,2026-06-18T07:40:08.337Z
6a6480df0cfec74546fb5830,107,WEIKFIELD FOODS PVT.LTD,2199,2199,3,03-VISHAWANTWADI,DIST-1001,FIRM-2001,MUKESH AGENCIES,true,2026-06-18T11:21:00.000Z,2026-06-18T07:40:08.337Z
6a6480df0cfec74546fb5831,107,WEIKFIELD FOODS PVT.LTD,2200,2200,3,03-VISHAWANTWADI,DIST-1001,FIRM-2001,MUKESH AGENCIES,true,2026-06-18T11:21:00.000Z,2026-06-18T07:40:08.337Z
6a6480df0cfec74546fb5832,107,WEIKFIELD FOODS PVT.LTD,2578,2578,3,03-VISHAWANTWADI,DIST-1001,FIRM-2001,MUKESH AGENCIES,true,2026-06-18T11:21:00.000Z,2026-06-18T07:40:08.337Z
6a6480df0cfec74546fb5833,107,WEIKFIELD FOODS PVT.LTD,3386,3386,3,03-VISHAWANTWADI,DIST-1001,FIRM-2001,MUKESH AGENCIES,true,2026-06-18T11:21:00.000Z,2026-06-18T07:40:08.337Z
6a6480df0cfec74546fb5834,107,WEIKFIELD FOODS PVT.LTD,3548,3548,3,03-VISHAWANTWADI,DIST-1001,FIRM-2001,MUKESH AGENCIES,true,2026-06-18T11:21:00.000Z,2026-06-18T07:40:08.337Z
6a6480df0cfec74546fb5835,107,WEIKFIELD FOODS PVT.LTD,3650,3650,3,03-VISHAWANTWADI,DIST-1001,FIRM-2001,MUKESH AGENCIES,true,2026-06-18T11:21:00.000Z,2026-06-18T07:40:08.337Z
6a6480df0cfec74546fb5836,107,WEIKFIELD FOODS PVT.LTD,3748,3748,3,03-VISHAWANTWADI,DIST-1001,FIRM-2001,MUKESH AGENCIES,true,2026-06-18T11:21:00.000Z,2026-06-18T07:40:08.337Z
6a6480df0cfec74546fb5837,107,WEIKFIELD FOODS PVT.LTD,3749,3749,3,03-VISHAWANTWADI,DIST-1001,FIRM-2001,MUKESH AGENCIES,true,2026-06-18T11:21:00.000Z,2026-06-18T07:40:08.337Z
6a6480df0cfec74546fb5838,107,WEIKFIELD FOODS PVT.LTD,3750,3750,3,03-VISHAWANTWADI,DIST-1001,FIRM-2001,MUKESH AGENCIES,true,2026-06-18T11:21:00.000Z,2026-06-18T07:40:08.337Z
6a6480df0cfec74546fb5839,107,WEIKFIELD FOODS PVT.LTD,3751,3751,3,03-VISHAWANTWADI,DIST-1001,FIRM-2001,MUKESH AGENCIES,true,2026-06-18T11:21:00.000Z,2026-06-18T07:40:08.337Z
6a6480df0cfec74546fb583a,107,WEIKFIELD FOODS PVT.LTD,3753,3753,3,03-VISHAWANTWADI,DIST-1001,FIRM-2001,MUKESH AGENCIES,true,2026-06-18T11:21:00.000Z,2026-06-18T07:40:08.337Z
6a6480df0cfec74546fb583b,107,WEIKFIELD FOODS PVT.LTD,3766,3766,3,03-VISHAWANTWADI,DIST-1001,FIRM-2001,MUKESH AGENCIES,true,2026-06-18T11:21:00.000Z,2026-06-18T07:40:08.337Z
6a6480df0cfec74546fb583c,107,WEIKFIELD FOODS PVT.LTD,3771,3771,3,03-VISHAWANTWADI,DIST-1001,FIRM-2001,MUKESH AGENCIES,true,2026-06-18T11:21:00.000Z,2026-06-18T07:40:08.337Z
6a6480df0cfec74546fb583d,107,WEIKFIELD FOODS PVT.LTD,3783,3783,3,03-VISHAWANTWADI,DIST-1001,FIRM-2001,MUKESH AGENCIES,true,2026-06-18T11:21:00.000Z,2026-06-18T07:40:08.337Z
6a6480df0cfec74546fb583e,107,WEIKFIELD FOODS PVT.LTD,3784,3784,3,03-VISHAWANTWADI,DIST-1001,FIRM-2001,MUKESH AGENCIES,true,2026-06-18T11:21:00.000Z,2026-06-18T07:40:08.337Z
6a6480df0cfec74546fb583f,107,WEIKFIELD FOODS PVT.LTD,3803,3803,3,03-VISHAWANTWADI,DIST-1001,FIRM-2001,MUKESH AGENCIES,true,2026-06-18T11:21:00.000Z,2026-06-18T07:40:08.337Z
6a6480df0cfec74546fb5840,107,WEIKFIELD FOODS PVT.LTD,3804,3804,3,03-VISHAWANTWADI,DIST-1001,FIRM-2001,MUKESH AGENCIES,true,2026-06-18T11:21:00.000Z,2026-06-18T07:40:08.337Z
6a6480df0cfec74546fb5841,107,WEIKFIELD FOODS PVT.LTD,3813,3813,3,03-VISHAWANTWADI,DIST-1001,FIRM-2001,MUKESH AGENCIES,true,2026-06-18T11:21:00.000Z,2026-06-18T07:40:08.337Z
6a6480df0cfec74546fb5842,107,WEIKFIELD FOODS PVT.LTD,3865,3865,3,03-VISHAWANTWADI,DIST-1001,FIRM-2001,MUKESH AGENCIES,true,2026-06-18T11:21:00.000Z,2026-06-18T07:40:08.337Z
6a6480df0cfec74546fb5843,107,WEIKFIELD FOODS PVT.LTD,3879,3879,3,03-VISHAWANTWADI,DIST-1001,FIRM-2001,MUKESH AGENCIES,true,2026-06-18T11:21:00.000Z,2026-06-18T07:40:08.337Z
6a6480df0cfec74546fb5844,107,WEIKFIELD FOODS PVT.LTD,3887,3887,3,03-VISHAWANTWADI,DIST-1001,FIRM-2001,MUKESH AGENCIES,true,2026-06-18T11:21:00.000Z,2026-06-18T07:40:08.337Z
6a6480df0cfec74546fb5845,107,WEIKFIELD FOODS PVT.LTD,3904,3904,3,03-VISHAWANTWADI,DIST-1001,FIRM-2001,MUKESH AGENCIES,true,2026-06-18T11:21:00.000Z,2026-06-18T07:40:08.337Z
6a6480df0cfec74546fb5846,107,WEIKFIELD FOODS PVT.LTD,3917,3917,3,03-VISHAWANTWADI,DIST-1001,FIRM-2001,MUKESH AGENCIES,true,2026-06-18T11:21:00.000Z,2026-06-18T07:40:08.337Z
6a6480df0cfec74546fb5847,107,WEIKFIELD FOODS PVT.LTD,4031,4031,3,03-VISHAWANTWADI,DIST-1001,FIRM-2001,MUKESH AGENCIES,true,2026-06-18T11:21:00.000Z,2026-06-18T07:40:08.337Z
6a6480df0cfec74546fb5848,107,WEIKFIELD FOODS PVT.LTD,4032,4032,3,03-VISHAWANTWADI,DIST-1001,FIRM-2001,MUKESH AGENCIES,true,2026-06-18T11:21:00.000Z,2026-06-18T07:40:08.337Z
6a6480df0cfec74546fb5849,107,WEIKFIELD FOODS PVT.LTD,4033,4033,3,03-VISHAWANTWADI,DIST-1001,FIRM-2001,MUKESH AGENCIES,true,2026-06-18T11:21:00.000Z,2026-06-18T07:40:08.337Z
6a6480df0cfec74546fb584a,107,WEIKFIELD FOODS PVT.LTD,4034,4034,3,03-VISHAWANTWADI,DIST-1001,FIRM-2001,MUKESH AGENCIES,true,2026-06-18T11:21:00.000Z,2026-06-18T07:40:08.337Z
6a6480df0cfec74546fb584b,107,WEIKFIELD FOODS PVT.LTD,4035,4035,3,03-VISHAWANTWADI,DIST-1001,FIRM-2001,MUKESH AGENCIES,true,2026-06-18T11:21:00.000Z,2026-06-18T07:40:08.337Z
6a6480df0cfec74546fb584c,107,WEIKFIELD FOODS PVT.LTD,4036,4036,3,03-VISHAWANTWADI,DIST-1001,FIRM-2001,MUKESH AGENCIES,true,2026-06-18T11:21:00.000Z,2026-06-18T07:40:08.337Z
6a6480df0cfec74546fb584d,107,WEIKFIELD FOODS PVT.LTD,4048,4048,3,03-VISHAWANTWADI,DIST-1001,FIRM-2001,MUKESH AGENCIES,true,2026-06-18T11:21:00.000Z,2026-06-18T07:40:08.337Z
6a6480df0cfec74546fb584e,107,WEIKFIELD FOODS PVT.LTD,4050,4050,3,03-VISHAWANTWADI,DIST-1001,FIRM-2001,MUKESH AGENCIES,true,2026-06-18T11:21:00.000Z,2026-06-18T07:40:08.337Z
6a6480df0cfec74546fb584f,107,WEIKFIELD FOODS PVT.LTD,4051,4051,3,03-VISHAWANTWADI,DIST-1001,FIRM-2001,MUKESH AGENCIES,true,2026-06-18T11:21:00.000Z,2026-06-18T07:40:08.337Z
6a6480df0cfec74546fb5850,107,WEIKFIELD FOODS PVT.LTD,4064,4064,3,03-VISHAWANTWADI,DIST-1001,FIRM-2001,MUKESH AGENCIES,true,2026-06-18T11:21:00.000Z,2026-06-18T07:40:08.337Z
6a6480df0cfec74546fb5851,107,WEIKFIELD FOODS PVT.LTD,3543,3543,4,04-FULEGANAGR,DIST-1001,FIRM-2001,MUKESH AGENCIES,true,2026-06-18T11:21:00.000Z,2026-06-18T07:40:08.337Z
6a6480df0cfec74546fb5852,107,WEIKFIELD FOODS PVT.LTD,2214,2214,5,05-KALASH,DIST-1001,FIRM-2001,MUKESH AGENCIES,true,2026-06-18T11:21:00.000Z,2026-06-18T07:40:08.337Z
6a6480df0cfec74546fb5853,107,WEIKFIELD FOODS PVT.LTD,2218,2218,5,05-KALASH,DIST-1001,FIRM-2001,MUKESH AGENCIES,true,2026-06-18T11:21:00.000Z,2026-06-18T07:40:08.337Z
6a6480df0cfec74546fb5854,107,WEIKFIELD FOODS PVT.LTD,2220,2220,5,05-KALASH,DIST-1001,FIRM-2001,MUKESH AGENCIES,true,2026-06-18T11:21:00.000Z,2026-06-18T07:40:08.337Z
6a6480df0cfec74546fb5855,107,WEIKFIELD FOODS PVT.LTD,2440,2440,5,05-KALASH,DIST-1001,FIRM-2001,MUKESH AGENCIES,true,2026-06-18T11:21:00.000Z,2026-06-18T07:40:08.337Z
6a6480df0cfec74546fb5856,107,WEIKFIELD FOODS PVT.LTD,2445,2445,5,05-KALASH,DIST-1001,FIRM-2001,MUKESH AGENCIES,true,2026-06-18T11:21:00.000Z,2026-06-18T07:40:08.337Z
6a6480df0cfec74546fb5857,107,WEIKFIELD FOODS PVT.LTD,2663,2663,5,05-KALASH,DIST-1001,FIRM-2001,MUKESH AGENCIES,true,2026-06-18T11:21:00.000Z,2026-06-18T07:40:08.337Z
6a6480df0cfec74546fb5858,107,WEIKFIELD FOODS PVT.LTD,3335,3335,5,05-KALASH,DIST-1001,FIRM-2001,MUKESH AGENCIES,true,2026-06-18T11:21:00.000Z,2026-06-18T07:40:08.337Z
6a6480df0cfec74546fb5859,107,WEIKFIELD FOODS PVT.LTD,3549,3549,5,05-KALASH,DIST-1001,FIRM-2001,MUKESH AGENCIES,true,2026-06-18T11:21:00.000Z,2026-06-18T07:40:08.337Z
6a6480df0cfec74546fb585a,107,WEIKFIELD FOODS PVT.LTD,3631,3631,5,05-KALASH,DIST-1001,FIRM-2001,MUKESH AGENCIES,true,2026-06-18T11:21:00.000Z,2026-06-18T07:40:08.337Z
6a6480df0cfec74546fb585b,107,WEIKFIELD FOODS PVT.LTD,3672,3672,5,05-KALASH,DIST-1001,FIRM-2001,MUKESH AGENCIES,true,2026-06-18T11:21:00.000Z,2026-06-18T07:40:08.337Z
6a6480df0cfec74546fb585c,107,WEIKFIELD FOODS PVT.LTD,3697,3697,5,05-KALASH,DIST-1001,FIRM-2001,MUKESH AGENCIES,true,2026-06-18T11:21:00.000Z,2026-06-18T07:40:08.337Z
6a6480df0cfec74546fb585d,107,WEIKFIELD FOODS PVT.LTD,3754,3754,5,05-KALASH,DIST-1001,FIRM-2001,MUKESH AGENCIES,true,2026-06-18T11:21:00.000Z,2026-06-18T07:40:08.337Z
6a6480df0cfec74546fb585e,107,WEIKFIELD FOODS PVT.LTD,3824,3824,5,05-KALASH,DIST-1001,FIRM-2001,MUKESH AGENCIES,true,2026-06-18T11:21:00.000Z,2026-06-18T07:40:08.337Z
6a6480df0cfec74546fb585f,107,WEIKFIELD FOODS PVT.LTD,3845,3845,5,05-KALASH,DIST-1001,FIRM-2001,MUKESH AGENCIES,true,2026-06-18T11:21:00.000Z,2026-06-18T07:40:08.337Z
6a6480df0cfec74546fb5860,107,WEIKFIELD FOODS PVT.LTD,3850,3850,5,05-KALASH,DIST-1001,FIRM-2001,MUKESH AGENCIES,true,2026-06-18T11:21:00.000Z,2026-06-18T07:40:08.337Z
6a6480df0cfec74546fb5861,107,WEIKFIELD FOODS PVT.LTD,2226,2226,6,06-MUNJEWASTI,DIST-1001,FIRM-2001,MUKESH AGENCIES,true,2026-06-18T11:21:00.000Z,2026-06-18T07:40:08.337Z
6a6480df0cfec74546fb5862,107,WEIKFIELD FOODS PVT.LTD,2579,2579,6,06-MUNJEWASTI,DIST-1001,FIRM-2001,MUKESH AGENCIES,true,2026-06-18T11:21:00.000Z,2026-06-18T07:40:08.337Z
6a6480df0cfec74546fb5863,107,WEIKFIELD FOODS PVT.LTD,2657,2657,6,06-MUNJEWASTI,DIST-1001,FIRM-2001,MUKESH AGENCIES,true,2026-06-18T11:21:00.000Z,2026-06-18T07:40:08.337Z
6a6480df0cfec74546fb5864,107,WEIKFIELD FOODS PVT.LTD,2762,2762,6,06-MUNJEWASTI,DIST-1001,FIRM-2001,MUKESH AGENCIES,true,2026-06-18T11:21:00.000Z,2026-06-18T07:40:08.337Z
6a6480df0cfec74546fb5865,107,WEIKFIELD FOODS PVT.LTD,3724,3724,6,06-MUNJEWASTI,DIST-1001,FIRM-2001,MUKESH AGENCIES,true,2026-06-18T11:21:00.000Z,2026-06-18T07:40:08.337Z
6a6480df0cfec74546fb5866,107,WEIKFIELD FOODS PVT.LTD,3741,3741,6,06-MUNJEWASTI,DIST-1001,FIRM-2001,MUKESH AGENCIES,true,2026-06-18T11:21:00.000Z,2026-06-18T07:40:08.337Z
6a6480df0cfec74546fb5867,107,WEIKFIELD FOODS PVT.LTD,3743,3743,6,06-MUNJEWASTI,DIST-1001,FIRM-2001,MUKESH AGENCIES,true,2026-06-18T11:21:00.000Z,2026-06-18T07:40:08.337Z
6a6480df0cfec74546fb5868,107,WEIKFIELD FOODS PVT.LTD,3787,3787,6,06-MUNJEWASTI,DIST-1001,FIRM-2001,MUKESH AGENCIES,true,2026-06-18T11:21:00.000Z,2026-06-18T07:40:08.337Z
6a6480df0cfec74546fb5869,107,WEIKFIELD FOODS PVT.LTD,3788,3788,6,06-MUNJEWASTI,DIST-1001,FIRM-2001,MUKESH AGENCIES,true,2026-06-18T11:21:00.000Z,2026-06-18T07:40:08.337Z
6a6480df0cfec74546fb586a,107,WEIKFIELD FOODS PVT.LTD,3871,3871,6,06-MUNJEWASTI,DIST-1001,FIRM-2001,MUKESH AGENCIES,true,2026-06-18T11:21:00.000Z,2026-06-18T07:40:08.337Z
6a6480df0cfec74546fb586b,107,WEIKFIELD FOODS PVT.LTD,3891,3891,6,06-MUNJEWASTI,DIST-1001,FIRM-2001,MUKESH AGENCIES,true,2026-06-18T11:21:00.000Z,2026-06-18T07:40:08.337Z
6a6480df0cfec74546fb586c,107,WEIKFIELD FOODS PVT.LTD,3938,3938,6,06-MUNJEWASTI,DIST-1001,FIRM-2001,MUKESH AGENCIES,true,2026-06-18T11:21:00.000Z,2026-06-18T07:40:08.337Z
6a6480df0cfec74546fb586d,107,WEIKFIELD FOODS PVT.LTD,4037,4037,6,06-MUNJEWASTI,DIST-1001,FIRM-2001,MUKESH AGENCIES,true,2026-06-18T11:21:00.000Z,2026-06-18T07:40:08.337Z
6a6480df0cfec74546fb586e,107,WEIKFIELD FOODS PVT.LTD,2233,2233,7,07-TINGRE NAGAR,DIST-1001,FIRM-2001,MUKESH AGENCIES,true,2026-06-18T11:21:00.000Z,2026-06-18T07:40:08.337Z
6a6480df0cfec74546fb586f,107,WEIKFIELD FOODS PVT.LTD,2238,2238,7,07-TINGRE NAGAR,DIST-1001,FIRM-2001,MUKESH AGENCIES,true,2026-06-18T11:21:00.000Z,2026-06-18T07:40:08.337Z
6a6480df0cfec74546fb5870,107,WEIKFIELD FOODS PVT.LTD,2239,2239,7,07-TINGRE NAGAR,DIST-1001,FIRM-2001,MUKESH AGENCIES,true,2026-06-18T11:21:00.000Z,2026-06-18T07:40:08.337Z
6a6480df0cfec74546fb5871,107,WEIKFIELD FOODS PVT.LTD,2240,2240,7,07-TINGRE NAGAR,DIST-1001,FIRM-2001,MUKESH AGENCIES,true,2026-06-18T11:21:00.000Z,2026-06-18T07:40:08.337Z
6a6480df0cfec74546fb5872,107,WEIKFIELD FOODS PVT.LTD,2250,2250,7,07-TINGRE NAGAR,DIST-1001,FIRM-2001,MUKESH AGENCIES,true,2026-06-18T11:21:00.000Z,2026-06-18T07:40:08.337Z
6a6480df0cfec74546fb5873,107,WEIKFIELD FOODS PVT.LTD,2253,2253,7,07-TINGRE NAGAR,DIST-1001,FIRM-2001,MUKESH AGENCIES,true,2026-06-18T11:21:00.000Z,2026-06-18T07:40:08.337Z
6a6480df0cfec74546fb5874,107,WEIKFIELD FOODS PVT.LTD,2255,2255,7,07-TINGRE NAGAR,DIST-1001,FIRM-2001,MUKESH AGENCIES,true,2026-06-18T11:21:00.000Z,2026-06-18T07:40:08.337Z
6a6480df0cfec74546fb5875,107,WEIKFIELD FOODS PVT.LTD,2256,2256,7,07-TINGRE NAGAR,DIST-1001,FIRM-2001,MUKESH AGENCIES,true,2026-06-18T11:21:00.000Z,2026-06-18T07:40:08.337Z
6a6480df0cfec74546fb5876,107,WEIKFIELD FOODS PVT.LTD,2259,2259,7,07-TINGRE NAGAR,DIST-1001,FIRM-2001,MUKESH AGENCIES,true,2026-06-18T11:21:00.000Z,2026-06-18T07:40:08.337Z
6a6480df0cfec74546fb5877,107,WEIKFIELD FOODS PVT.LTD,2260,2260,7,07-TINGRE NAGAR,DIST-1001,FIRM-2001,MUKESH AGENCIES,true,2026-06-18T11:21:00.000Z,2026-06-18T07:40:08.337Z
6a6480df0cfec74546fb5878,107,WEIKFIELD FOODS PVT.LTD,2263,2263,7,07-TINGRE NAGAR,DIST-1001,FIRM-2001,MUKESH AGENCIES,true,2026-06-18T11:21:00.000Z,2026-06-18T07:40:08.337Z
6a6480df0cfec74546fb5879,107,WEIKFIELD FOODS PVT.LTD,2283,2283,7,07-TINGRE NAGAR,DIST-1001,FIRM-2001,MUKESH AGENCIES,true,2026-06-18T11:21:00.000Z,2026-06-18T07:40:08.337Z
6a6480df0cfec74546fb587a,107,WEIKFIELD FOODS PVT.LTD,2284,2284,7,07-TINGRE NAGAR,DIST-1001,FIRM-2001,MUKESH AGENCIES,true,2026-06-18T11:21:00.000Z,2026-06-18T07:40:08.337Z
6a6480df0cfec74546fb587b,107,WEIKFIELD FOODS PVT.LTD,2497,2497,7,07-TINGRE NAGAR,DIST-1001,FIRM-2001,MUKESH AGENCIES,true,2026-06-18T11:21:00.000Z,2026-06-18T07:40:08.337Z
6a6480df0cfec74546fb587c,107,WEIKFIELD FOODS PVT.LTD,2553,2553,7,07-TINGRE NAGAR,DIST-1001,FIRM-2001,MUKESH AGENCIES,true,2026-06-18T11:21:00.000Z,2026-06-18T07:40:08.337Z
6a6480df0cfec74546fb587d,107,WEIKFIELD FOODS PVT.LTD,2605,2605,7,07-TINGRE NAGAR,DIST-1001,FIRM-2001,MUKESH AGENCIES,true,2026-06-18T11:21:00.000Z,2026-06-18T07:40:08.337Z
6a6480df0cfec74546fb587e,107,WEIKFIELD FOODS PVT.LTD,3589,3589,7,07-TINGRE NAGAR,DIST-1001,FIRM-2001,MUKESH AGENCIES,true,2026-06-18T11:21:00.000Z,2026-06-18T07:40:08.337Z
6a6480df0cfec74546fb587f,107,WEIKFIELD FOODS PVT.LTD,3640,3640,7,07-TINGRE NAGAR,DIST-1001,FIRM-2001,MUKESH AGENCIES,true,2026-06-18T11:21:00.000Z,2026-06-18T07:40:08.337Z
6a6480df0cfec74546fb5880,107,WEIKFIELD FOODS PVT.LTD,3664,3664,7,07-TINGRE NAGAR,DIST-1001,FIRM-2001,MUKESH AGENCIES,true,2026-06-18T11:21:00.000Z,2026-06-18T07:40:08.337Z
6a6480df0cfec74546fb5881,107,WEIKFIELD FOODS PVT.LTD,3747,3747,7,07-TINGRE NAGAR,DIST-1001,FIRM-2001,MUKESH AGENCIES,true,2026-06-18T11:21:00.000Z,2026-06-18T07:40:08.337Z
6a6480df0cfec74546fb5882,107,WEIKFIELD FOODS PVT.LTD,3755,3755,7,07-TINGRE NAGAR,DIST-1001,FIRM-2001,MUKESH AGENCIES,true,2026-06-18T11:21:00.000Z,2026-06-18T07:40:08.337Z
6a6480df0cfec74546fb5883,107,WEIKFIELD FOODS PVT.LTD,3764,3764,7,07-TINGRE NAGAR,DIST-1001,FIRM-2001,MUKESH AGENCIES,true,2026-06-18T11:21:00.000Z,2026-06-18T07:40:08.337Z
6a6480df0cfec74546fb5884,107,WEIKFIELD FOODS PVT.LTD,3765,3765,7,07-TINGRE NAGAR,DIST-1001,FIRM-2001,MUKESH AGENCIES,true,2026-06-18T11:21:00.000Z,2026-06-18T07:40:08.337Z
6a6480df0cfec74546fb5885,107,WEIKFIELD FOODS PVT.LTD,3780,3780,7,07-TINGRE NAGAR,DIST-1001,FIRM-2001,MUKESH AGENCIES,true,2026-06-18T11:21:00.000Z,2026-06-18T07:40:08.337Z
6a6480df0cfec74546fb5886,107,WEIKFIELD FOODS PVT.LTD,3781,3781,7,07-TINGRE NAGAR,DIST-1001,FIRM-2001,MUKESH AGENCIES,true,2026-06-18T11:21:00.000Z,2026-06-18T07:40:08.337Z
6a6480df0cfec74546fb5887,107,WEIKFIELD FOODS PVT.LTD,3782,3782,7,07-TINGRE NAGAR,DIST-1001,FIRM-2001,MUKESH AGENCIES,true,2026-06-18T11:21:00.000Z,2026-06-18T07:40:08.337Z
6a6480df0cfec74546fb5888,107,WEIKFIELD FOODS PVT.LTD,3800,3800,7,07-TINGRE NAGAR,DIST-1001,FIRM-2001,MUKESH AGENCIES,true,2026-06-18T11:21:00.000Z,2026-06-18T07:40:08.337Z
6a6480df0cfec74546fb5889,107,WEIKFIELD FOODS PVT.LTD,3801,3801,7,07-TINGRE NAGAR,DIST-1001,FIRM-2001,MUKESH AGENCIES,true,2026-06-18T11:21:00.000Z,2026-06-18T07:40:08.337Z
6a6480df0cfec74546fb588a,107,WEIKFIELD FOODS PVT.LTD,3802,3802,7,07-TINGRE NAGAR,DIST-1001,FIRM-2001,MUKESH AGENCIES,true,2026-06-18T11:21:00.000Z,2026-06-18T07:40:08.337Z
6a6480df0cfec74546fb588b,107,WEIKFIELD FOODS PVT.LTD,3811,3811,7,07-TINGRE NAGAR,DIST-1001,FIRM-2001,MUKESH AGENCIES,true,2026-06-18T11:21:00.000Z,2026-06-18T07:40:08.337Z
6a6480df0cfec74546fb588c,107,WEIKFIELD FOODS PVT.LTD,3819,3819,7,07-TINGRE NAGAR,DIST-1001,FIRM-2001,MUKESH AGENCIES,true,2026-06-18T11:21:00.000Z,2026-06-18T07:40:08.337Z
6a6480df0cfec74546fb588d,107,WEIKFIELD FOODS PVT.LTD,3846,3846,7,07-TINGRE NAGAR,DIST-1001,FIRM-2001,MUKESH AGENCIES,true,2026-06-18T11:21:00.000Z,2026-06-18T07:40:08.337Z
6a6480df0cfec74546fb588e,107,WEIKFIELD FOODS PVT.LTD,3853,3853,7,07-TINGRE NAGAR,DIST-1001,FIRM-2001,MUKESH AGENCIES,true,2026-06-18T11:21:00.000Z,2026-06-18T07:40:08.337Z
6a6480df0cfec74546fb588f,107,WEIKFIELD FOODS PVT.LTD,3874,3874,7,07-TINGRE NAGAR,DIST-1001,FIRM-2001,MUKESH AGENCIES,true,2026-06-18T11:21:00.000Z,2026-06-18T07:40:08.337Z
6a6480df0cfec74546fb5890,107,WEIKFIELD FOODS PVT.LTD,3875,3875,7,07-TINGRE NAGAR,DIST-1001,FIRM-2001,MUKESH AGENCIES,true,2026-06-18T11:21:00.000Z,2026-06-18T07:40:08.337Z
6a6480df0cfec74546fb5891,107,WEIKFIELD FOODS PVT.LTD,3883,3883,7,07-TINGRE NAGAR,DIST-1001,FIRM-2001,MUKESH AGENCIES,true,2026-06-18T11:21:00.000Z,2026-06-18T07:40:08.337Z
6a6480df0cfec74546fb5892,107,WEIKFIELD FOODS PVT.LTD,3905,3905,7,07-TINGRE NAGAR,DIST-1001,FIRM-2001,MUKESH AGENCIES,true,2026-06-18T11:21:00.000Z,2026-06-18T07:40:08.337Z
6a6480df0cfec74546fb5893,107,WEIKFIELD FOODS PVT.LTD,3921,3921,7,07-TINGRE NAGAR,DIST-1001,FIRM-2001,MUKESH AGENCIES,true,2026-06-18T11:21:00.000Z,2026-06-18T07:40:08.337Z
6a6480df0cfec74546fb5894,107,WEIKFIELD FOODS PVT.LTD,3943,3943,7,07-TINGRE NAGAR,DIST-1001,FIRM-2001,MUKESH AGENCIES,true,2026-06-18T11:21:00.000Z,2026-06-18T07:40:08.337Z
6a6480df0cfec74546fb5895,107,WEIKFIELD FOODS PVT.LTD,3960,3960,7,07-TINGRE NAGAR,DIST-1001,FIRM-2001,MUKESH AGENCIES,true,2026-06-18T11:21:00.000Z,2026-06-18T07:40:08.337Z
6a6480df0cfec74546fb5896,107,WEIKFIELD FOODS PVT.LTD,3976,3976,7,07-TINGRE NAGAR,DIST-1001,FIRM-2001,MUKESH AGENCIES,true,2026-06-18T11:21:00.000Z,2026-06-18T07:40:08.337Z
6a6480df0cfec74546fb5897,107,WEIKFIELD FOODS PVT.LTD,3988,3988,7,07-TINGRE NAGAR,DIST-1001,FIRM-2001,MUKESH AGENCIES,true,2026-06-18T11:21:00.000Z,2026-06-18T07:40:08.337Z
6a6480df0cfec74546fb5898,107,WEIKFIELD FOODS PVT.LTD,3989,3989,7,07-TINGRE NAGAR,DIST-1001,FIRM-2001,MUKESH AGENCIES,true,2026-06-18T11:21:00.000Z,2026-06-18T07:40:08.337Z
6a6480df0cfec74546fb5899,107,WEIKFIELD FOODS PVT.LTD,4067,4067,7,07-TINGRE NAGAR,DIST-1001,FIRM-2001,MUKESH AGENCIES,true,2026-06-18T11:21:00.000Z,2026-06-18T07:40:08.337Z
6a6480df0cfec74546fb589a,107,WEIKFIELD FOODS PVT.LTD,4068,4068,7,07-TINGRE NAGAR,DIST-1001,FIRM-2001,MUKESH AGENCIES,true,2026-06-18T11:21:00.000Z,2026-06-18T07:40:08.337Z
6a6480df0cfec74546fb589b,107,WEIKFIELD FOODS PVT.LTD,2479,2479,8,08-PRATIK NAGAR,DIST-1001,FIRM-2001,MUKESH AGENCIES,true,2026-06-18T11:21:00.000Z,2026-06-18T07:40:08.337Z
6a6480df0cfec74546fb589c,107,WEIKFIELD FOODS PVT.LTD,3481,3481,8,08-PRATIK NAGAR,DIST-1001,FIRM-2001,MUKESH AGENCIES,true,2026-06-18T11:21:00.000Z,2026-06-18T07:40:08.337Z
6a6480df0cfec74546fb589d,107,WEIKFIELD FOODS PVT.LTD,3711,3711,8,08-PRATIK NAGAR,DIST-1001,FIRM-2001,MUKESH AGENCIES,true,2026-06-18T11:21:00.000Z,2026-06-18T07:40:08.337Z
6a6480df0cfec74546fb589e,107,WEIKFIELD FOODS PVT.LTD,3752,3752,8,08-PRATIK NAGAR,DIST-1001,FIRM-2001,MUKESH AGENCIES,true,2026-06-18T11:21:00.000Z,2026-06-18T07:40:08.337Z
6a6480df0cfec74546fb589f,107,WEIKFIELD FOODS PVT.LTD,3770,3770,8,08-PRATIK NAGAR,DIST-1001,FIRM-2001,MUKESH AGENCIES,true,2026-06-18T11:21:00.000Z,2026-06-18T07:40:08.337Z
6a6480df0cfec74546fb58a0,107,WEIKFIELD FOODS PVT.LTD,3779,3779,8,08-PRATIK NAGAR,DIST-1001,FIRM-2001,MUKESH AGENCIES,true,2026-06-18T11:21:00.000Z,2026-06-18T07:40:08.337Z
6a6480df0cfec74546fb58a1,107,WEIKFIELD FOODS PVT.LTD,3785,3785,8,08-PRATIK NAGAR,DIST-1001,FIRM-2001,MUKESH AGENCIES,true,2026-06-18T11:21:00.000Z,2026-06-18T07:40:08.337Z
6a6480df0cfec74546fb58a2,107,WEIKFIELD FOODS PVT.LTD,3786,3786,8,08-PRATIK NAGAR,DIST-1001,FIRM-2001,MUKESH AGENCIES,true,2026-06-18T11:21:00.000Z,2026-06-18T07:40:08.337Z
6a6480df0cfec74546fb58a3,107,WEIKFIELD FOODS PVT.LTD,3814,3814,8,08-PRATIK NAGAR,DIST-1001,FIRM-2001,MUKESH AGENCIES,true,2026-06-18T11:21:00.000Z,2026-06-18T07:40:08.337Z
6a6480df0cfec74546fb58a4,107,WEIKFIELD FOODS PVT.LTD,4049,4049,8,08-PRATIK NAGAR,DIST-1001,FIRM-2001,MUKESH AGENCIES,true,2026-06-18T11:21:00.000Z,2026-06-18T07:40:08.337Z
6a6480df0cfec74546fb58a5,107,WEIKFIELD FOODS PVT.LTD,4183,4183,8,08-PRATIK NAGAR,DIST-1001,FIRM-2001,MUKESH AGENCIES,true,2026-06-18T11:21:00.000Z,2026-06-18T07:40:08.337Z
6a6480df0cfec74546fb58a6,107,WEIKFIELD FOODS PVT.LTD,2419,2419,11,11-KALWAD,DIST-1001,FIRM-2001,MUKESH AGENCIES,true,2026-06-18T11:21:00.000Z,2026-06-18T07:40:08.337Z
6a6480df0cfec74546fb58a7,107,WEIKFIELD FOODS PVT.LTD,2535,2535,11,11-KALWAD,DIST-1001,FIRM-2001,MUKESH AGENCIES,true,2026-06-18T11:21:00.000Z,2026-06-18T07:40:08.337Z
6a6480df0cfec74546fb58a8,107,WEIKFIELD FOODS PVT.LTD,2586,2586,11,11-KALWAD,DIST-1001,FIRM-2001,MUKESH AGENCIES,true,2026-06-18T11:21:00.000Z,2026-06-18T07:40:08.337Z
6a6480df0cfec74546fb58a9,107,WEIKFIELD FOODS PVT.LTD,2633,2633,11,11-KALWAD,DIST-1001,FIRM-2001,MUKESH AGENCIES,true,2026-06-18T11:21:00.000Z,2026-06-18T07:40:08.337Z
6a6480df0cfec74546fb58aa,107,WEIKFIELD FOODS PVT.LTD,3586,3586,11,11-KALWAD,DIST-1001,FIRM-2001,MUKESH AGENCIES,true,2026-06-18T11:21:00.000Z,2026-06-18T07:40:08.337Z
6a6480df0cfec74546fb58ab,107,WEIKFIELD FOODS PVT.LTD,3634,3634,11,11-KALWAD,DIST-1001,FIRM-2001,MUKESH AGENCIES,true,2026-06-18T11:21:00.000Z,2026-06-18T07:40:08.337Z
6a6480df0cfec74546fb58ac,107,WEIKFIELD FOODS PVT.LTD,3789,3789,11,11-KALWAD,DIST-1001,FIRM-2001,MUKESH AGENCIES,true,2026-06-18T11:21:00.000Z,2026-06-18T07:40:08.337Z
6a6480df0cfec74546fb58ad,107,WEIKFIELD FOODS PVT.LTD,3790,3790,11,11-KALWAD,DIST-1001,FIRM-2001,MUKESH AGENCIES,true,2026-06-18T11:21:00.000Z,2026-06-18T07:40:08.337Z
6a6480df0cfec74546fb58ae,107,WEIKFIELD FOODS PVT.LTD,3807,3807,11,11-KALWAD,DIST-1001,FIRM-2001,MUKESH AGENCIES,true,2026-06-18T11:21:00.000Z,2026-06-18T07:40:08.337Z
6a6480df0cfec74546fb58af,107,WEIKFIELD FOODS PVT.LTD,3929,3929,11,11-KALWAD,DIST-1001,FIRM-2001,MUKESH AGENCIES,true,2026-06-18T11:21:00.000Z,2026-06-18T07:40:08.337Z
6a6480df0cfec74546fb58b0,107,WEIKFIELD FOODS PVT.LTD,4006,4006,11,11-KALWAD,DIST-1001,FIRM-2001,MUKESH AGENCIES,true,2026-06-18T11:21:00.000Z,2026-06-18T07:40:08.337Z
6a6480df0cfec74546fb58b1,107,WEIKFIELD FOODS PVT.LTD,4054,4054,11,11-KALWAD,DIST-1001,FIRM-2001,MUKESH AGENCIES,true,2026-06-18T11:21:00.000Z,2026-06-18T07:40:08.337Z
6a6480df0cfec74546fb58b2,107,WEIKFIELD FOODS PVT.LTD,3768,3768,12,12-BHAIRAV NAGAR,DIST-1001,FIRM-2001,MUKESH AGENCIES,true,2026-06-18T11:21:00.000Z,2026-06-18T07:40:08.337Z
6a6480df0cfec74546fb58b3,107,WEIKFIELD FOODS PVT.LTD,3422,3422,19,19-KHARADI-1,DIST-1001,FIRM-2001,MUKESH AGENCIES,true,2026-06-18T11:21:00.000Z,2026-06-18T07:40:08.337Z
6a6480df0cfec74546fb58b4,107,WEIKFIELD FOODS PVT.LTD,4018,4018,19,19-KHARADI-1,DIST-1001,FIRM-2001,MUKESH AGENCIES,true,2026-06-18T11:21:00.000Z,2026-06-18T07:40:08.337Z
6a6480df0cfec74546fb58b5,107,WEIKFIELD FOODS PVT.LTD,4027,4027,19,19-KHARADI-1,DIST-1001,FIRM-2001,MUKESH AGENCIES,true,2026-06-18T11:21:00.000Z,2026-06-18T07:40:08.337Z
6a6480df0cfec74546fb58b6,107,WEIKFIELD FOODS PVT.LTD,3167,3167,21,21-VADGAON SHERI,DIST-1001,FIRM-2001,MUKESH AGENCIES,true,2026-06-18T11:21:00.000Z,2026-06-18T07:40:08.337Z
6a6480df0cfec74546fb58b7,107,WEIKFIELD FOODS PVT.LTD,4004,4004,21,21-VADGAON SHERI,DIST-1001,FIRM-2001,MUKESH AGENCIES,true,2026-06-18T11:21:00.000Z,2026-06-18T07:40:08.337Z
6a6480df0cfec74546fb58b8,107,WEIKFIELD FOODS PVT.LTD,2910,2910,22,22-VIMAN NAGAR,DIST-1001,FIRM-2001,MUKESH AGENCIES,true,2026-06-18T11:21:00.000Z,2026-06-18T07:40:08.337Z
6a6480df0cfec74546fb58b9,107,WEIKFIELD FOODS PVT.LTD,3685,3685,22,22-VIMAN NAGAR,DIST-1001,FIRM-2001,MUKESH AGENCIES,true,2026-06-18T11:21:00.000Z,2026-06-18T07:40:08.337Z
6a6480df0cfec74546fb58ba,107,WEIKFIELD FOODS PVT.LTD,3728,3728,22,22-VIMAN NAGAR,DIST-1001,FIRM-2001,MUKESH AGENCIES,true,2026-06-18T11:21:00.000Z,2026-06-18T07:40:08.337Z
6a6480df0cfec74546fb58bb,107,WEIKFIELD FOODS PVT.LTD,3772,3772,22,22-VIMAN NAGAR,DIST-1001,FIRM-2001,MUKESH AGENCIES,true,2026-06-18T11:21:00.000Z,2026-06-18T07:40:08.337Z
6a6480df0cfec74546fb58bc,107,WEIKFIELD FOODS PVT.LTD,3808,3808,22,22-VIMAN NAGAR,DIST-1001,FIRM-2001,MUKESH AGENCIES,true,2026-06-18T11:21:00.000Z,2026-06-18T07:40:08.337Z
6a6480df0cfec74546fb58bd,107,WEIKFIELD FOODS PVT.LTD,3945,3945,22,22-VIMAN NAGAR,DIST-1001,FIRM-2001,MUKESH AGENCIES,true,2026-06-18T11:21:00.000Z,2026-06-18T07:40:08.337Z
6a6480df0cfec74546fb58be,107,WEIKFIELD FOODS PVT.LTD,2720,2720,23,23-WAGHOLI,DIST-1001,FIRM-2001,MUKESH AGENCIES,true,2026-06-18T11:21:00.000Z,2026-06-18T07:40:08.337Z
6a6480df0cfec74546fb58bf,107,WEIKFIELD FOODS PVT.LTD,2722,2722,23,23-WAGHOLI,DIST-1001,FIRM-2001,MUKESH AGENCIES,true,2026-06-18T11:21:00.000Z,2026-06-18T07:40:08.337Z
6a6480df0cfec74546fb58c0,107,WEIKFIELD FOODS PVT.LTD,2724,2724,23,23-WAGHOLI,DIST-1001,FIRM-2001,MUKESH AGENCIES,true,2026-06-18T11:21:00.000Z,2026-06-18T07:40:08.337Z
6a6480df0cfec74546fb58c1,107,WEIKFIELD FOODS PVT.LTD,2725,2725,23,23-WAGHOLI,DIST-1001,FIRM-2001,MUKESH AGENCIES,true,2026-06-18T11:21:00.000Z,2026-06-18T07:40:08.337Z
6a6480df0cfec74546fb58c2,107,WEIKFIELD FOODS PVT.LTD,2788,2788,23,23-WAGHOLI,DIST-1001,FIRM-2001,MUKESH AGENCIES,true,2026-06-18T11:21:00.000Z,2026-06-18T07:40:08.337Z
6a6480df0cfec74546fb58c3,107,WEIKFIELD FOODS PVT.LTD,2790,2790,23,23-WAGHOLI,DIST-1001,FIRM-2001,MUKESH AGENCIES,true,2026-06-18T11:21:00.000Z,2026-06-18T07:40:08.337Z
6a6480df0cfec74546fb58c4,107,WEIKFIELD FOODS PVT.LTD,2791,2791,23,23-WAGHOLI,DIST-1001,FIRM-2001,MUKESH AGENCIES,true,2026-06-18T11:21:00.000Z,2026-06-18T07:40:08.337Z
6a6480df0cfec74546fb58c5,107,WEIKFIELD FOODS PVT.LTD,2795,2795,23,23-WAGHOLI,DIST-1001,FIRM-2001,MUKESH AGENCIES,true,2026-06-18T11:21:00.000Z,2026-06-18T07:40:08.337Z
6a6480df0cfec74546fb58c6,107,WEIKFIELD FOODS PVT.LTD,2811,2811,23,23-WAGHOLI,DIST-1001,FIRM-2001,MUKESH AGENCIES,true,2026-06-18T11:21:00.000Z,2026-06-18T07:40:08.337Z
6a6480df0cfec74546fb58c7,107,WEIKFIELD FOODS PVT.LTD,2826,2826,23,23-WAGHOLI,DIST-1001,FIRM-2001,MUKESH AGENCIES,true,2026-06-18T11:21:00.000Z,2026-06-18T07:40:08.337Z
6a6480df0cfec74546fb58c8,107,WEIKFIELD FOODS PVT.LTD,2827,2827,23,23-WAGHOLI,DIST-1001,FIRM-2001,MUKESH AGENCIES,true,2026-06-18T11:21:00.000Z,2026-06-18T07:40:08.337Z
6a6480df0cfec74546fb58c9,107,WEIKFIELD FOODS PVT.LTD,2828,2828,23,23-WAGHOLI,DIST-1001,FIRM-2001,MUKESH AGENCIES,true,2026-06-18T11:21:00.000Z,2026-06-18T07:40:08.337Z
6a6480df0cfec74546fb58ca,107,WEIKFIELD FOODS PVT.LTD,2829,2829,23,23-WAGHOLI,DIST-1001,FIRM-2001,MUKESH AGENCIES,true,2026-06-18T11:21:00.000Z,2026-06-18T07:40:08.337Z
6a6480df0cfec74546fb58cb,107,WEIKFIELD FOODS PVT.LTD,2865,2865,23,23-WAGHOLI,DIST-1001,FIRM-2001,MUKESH AGENCIES,true,2026-06-18T11:21:00.000Z,2026-06-18T07:40:08.337Z
6a6480df0cfec74546fb58cc,107,WEIKFIELD FOODS PVT.LTD,2866,2866,23,23-WAGHOLI,DIST-1001,FIRM-2001,MUKESH AGENCIES,true,2026-06-18T11:21:00.000Z,2026-06-18T07:40:08.337Z
6a6480df0cfec74546fb58cd,107,WEIKFIELD FOODS PVT.LTD,2867,2867,23,23-WAGHOLI,DIST-1001,FIRM-2001,MUKESH AGENCIES,true,2026-06-18T11:21:00.000Z,2026-06-18T07:40:08.337Z
6a6480df0cfec74546fb58ce,107,WEIKFIELD FOODS PVT.LTD,2872,2872,23,23-WAGHOLI,DIST-1001,FIRM-2001,MUKESH AGENCIES,true,2026-06-18T11:21:00.000Z,2026-06-18T07:40:08.337Z
6a6480df0cfec74546fb58cf,107,WEIKFIELD FOODS PVT.LTD,2890,2890,23,23-WAGHOLI,DIST-1001,FIRM-2001,MUKESH AGENCIES,true,2026-06-18T11:21:00.000Z,2026-06-18T07:40:08.337Z
6a6480df0cfec74546fb58d0,107,WEIKFIELD FOODS PVT.LTD,2950,2950,23,23-WAGHOLI,DIST-1001,FIRM-2001,MUKESH AGENCIES,true,2026-06-18T11:21:00.000Z,2026-06-18T07:40:08.337Z
6a6480df0cfec74546fb58d1,107,WEIKFIELD FOODS PVT.LTD,2960,2960,23,23-WAGHOLI,DIST-1001,FIRM-2001,MUKESH AGENCIES,true,2026-06-18T11:21:00.000Z,2026-06-18T07:40:08.337Z
6a6480df0cfec74546fb58d2,107,WEIKFIELD FOODS PVT.LTD,2969,2969,23,23-WAGHOLI,DIST-1001,FIRM-2001,MUKESH AGENCIES,true,2026-06-18T11:21:00.000Z,2026-06-18T07:40:08.337Z
6a6480df0cfec74546fb58d3,107,WEIKFIELD FOODS PVT.LTD,3052,3052,23,23-WAGHOLI,DIST-1001,FIRM-2001,MUKESH AGENCIES,true,2026-06-18T11:21:00.000Z,2026-06-18T07:40:08.337Z
6a6480df0cfec74546fb58d4,107,WEIKFIELD FOODS PVT.LTD,3065,3065,23,23-WAGHOLI,DIST-1001,FIRM-2001,MUKESH AGENCIES,true,2026-06-18T11:21:00.000Z,2026-06-18T07:40:08.337Z
6a6480df0cfec74546fb58d5,107,WEIKFIELD FOODS PVT.LTD,3066,3066,23,23-WAGHOLI,DIST-1001,FIRM-2001,MUKESH AGENCIES,true,2026-06-18T11:21:00.000Z,2026-06-18T07:40:08.337Z
6a6480df0cfec74546fb58d6,107,WEIKFIELD FOODS PVT.LTD,3072,3072,23,23-WAGHOLI,DIST-1001,FIRM-2001,MUKESH AGENCIES,true,2026-06-18T11:21:00.000Z,2026-06-18T07:40:08.337Z
6a6480df0cfec74546fb58d7,107,WEIKFIELD FOODS PVT.LTD,3083,3083,23,23-WAGHOLI,DIST-1001,FIRM-2001,MUKESH AGENCIES,true,2026-06-18T11:21:00.000Z,2026-06-18T07:40:08.337Z
6a6480df0cfec74546fb58d8,107,WEIKFIELD FOODS PVT.LTD,3089,3089,23,23-WAGHOLI,DIST-1001,FIRM-2001,MUKESH AGENCIES,true,2026-06-18T11:21:00.000Z,2026-06-18T07:40:08.337Z
6a6480df0cfec74546fb58d9,107,WEIKFIELD FOODS PVT.LTD,3112,3112,23,23-WAGHOLI,DIST-1001,FIRM-2001,MUKESH AGENCIES,true,2026-06-18T11:21:00.000Z,2026-06-18T07:40:08.337Z
6a6480df0cfec74546fb58da,107,WEIKFIELD FOODS PVT.LTD,3142,3142,23,23-WAGHOLI,DIST-1001,FIRM-2001,MUKESH AGENCIES,true,2026-06-18T11:21:00.000Z,2026-06-18T07:40:08.337Z
6a6480df0cfec74546fb58db,107,WEIKFIELD FOODS PVT.LTD,3205,3205,23,23-WAGHOLI,DIST-1001,FIRM-2001,MUKESH AGENCIES,true,2026-06-18T11:21:00.000Z,2026-06-18T07:40:08.337Z
6a6480df0cfec74546fb58dc,107,WEIKFIELD FOODS PVT.LTD,3218,3218,23,23-WAGHOLI,DIST-1001,FIRM-2001,MUKESH AGENCIES,true,2026-06-18T11:21:00.000Z,2026-06-18T07:40:08.337Z
6a6480df0cfec74546fb58dd,107,WEIKFIELD FOODS PVT.LTD,3247,3247,23,23-WAGHOLI,DIST-1001,FIRM-2001,MUKESH AGENCIES,true,2026-06-18T11:21:00.000Z,2026-06-18T07:40:08.337Z
6a6480df0cfec74546fb58de,107,WEIKFIELD FOODS PVT.LTD,3250,3250,23,23-WAGHOLI,DIST-1001,FIRM-2001,MUKESH AGENCIES,true,2026-06-18T11:21:00.000Z,2026-06-18T07:40:08.337Z
6a6480df0cfec74546fb58df,107,WEIKFIELD FOODS PVT.LTD,3314,3314,23,23-WAGHOLI,DIST-1001,FIRM-2001,MUKESH AGENCIES,true,2026-06-18T11:21:00.000Z,2026-06-18T07:40:08.337Z
6a6480df0cfec74546fb58e0,107,WEIKFIELD FOODS PVT.LTD,3405,3405,23,23-WAGHOLI,DIST-1001,FIRM-2001,MUKESH AGENCIES,true,2026-06-18T11:21:00.000Z,2026-06-18T07:40:08.337Z
6a6480df0cfec74546fb58e1,107,WEIKFIELD FOODS PVT.LTD,3421,3421,23,23-WAGHOLI,DIST-1001,FIRM-2001,MUKESH AGENCIES,true,2026-06-18T11:21:00.000Z,2026-06-18T07:40:08.337Z
6a6480df0cfec74546fb58e2,107,WEIKFIELD FOODS PVT.LTD,3429,3429,23,23-WAGHOLI,DIST-1001,FIRM-2001,MUKESH AGENCIES,true,2026-06-18T11:21:00.000Z,2026-06-18T07:40:08.337Z
6a6480df0cfec74546fb58e3,107,WEIKFIELD FOODS PVT.LTD,3537,3537,23,23-WAGHOLI,DIST-1001,FIRM-2001,MUKESH AGENCIES,true,2026-06-18T11:21:00.000Z,2026-06-18T07:40:08.337Z
6a6480df0cfec74546fb58e4,107,WEIKFIELD FOODS PVT.LTD,3691,3691,23,23-WAGHOLI,DIST-1001,FIRM-2001,MUKESH AGENCIES,true,2026-06-18T11:21:00.000Z,2026-06-18T07:40:08.337Z
6a6480df0cfec74546fb58e5,107,WEIKFIELD FOODS PVT.LTD,3757,3757,23,23-WAGHOLI,DIST-1001,FIRM-2001,MUKESH AGENCIES,true,2026-06-18T11:21:00.000Z,2026-06-18T07:40:08.337Z
6a6480df0cfec74546fb58e6,107,WEIKFIELD FOODS PVT.LTD,3758,3758,23,23-WAGHOLI,DIST-1001,FIRM-2001,MUKESH AGENCIES,true,2026-06-18T11:21:00.000Z,2026-06-18T07:40:08.337Z
6a6480df0cfec74546fb58e7,107,WEIKFIELD FOODS PVT.LTD,3763,3763,23,23-WAGHOLI,DIST-1001,FIRM-2001,MUKESH AGENCIES,true,2026-06-18T11:21:00.000Z,2026-06-18T07:40:08.337Z
6a6480df0cfec74546fb58e8,107,WEIKFIELD FOODS PVT.LTD,3777,3777,23,23-WAGHOLI,DIST-1001,FIRM-2001,MUKESH AGENCIES,true,2026-06-18T11:21:00.000Z,2026-06-18T07:40:08.337Z
6a6480df0cfec74546fb58e9,107,WEIKFIELD FOODS PVT.LTD,3797,3797,23,23-WAGHOLI,DIST-1001,FIRM-2001,MUKESH AGENCIES,true,2026-06-18T11:21:00.000Z,2026-06-18T07:40:08.337Z
6a6480df0cfec74546fb58ea,107,WEIKFIELD FOODS PVT.LTD,3798,3798,23,23-WAGHOLI,DIST-1001,FIRM-2001,MUKESH AGENCIES,true,2026-06-18T11:21:00.000Z,2026-06-18T07:40:08.337Z
6a6480df0cfec74546fb58eb,107,WEIKFIELD FOODS PVT.LTD,3799,3799,23,23-WAGHOLI,DIST-1001,FIRM-2001,MUKESH AGENCIES,true,2026-06-18T11:21:00.000Z,2026-06-18T07:40:08.337Z
6a6480df0cfec74546fb58ec,107,WEIKFIELD FOODS PVT.LTD,3809,3809,23,23-WAGHOLI,DIST-1001,FIRM-2001,MUKESH AGENCIES,true,2026-06-18T11:21:00.000Z,2026-06-18T07:40:08.337Z
6a6480df0cfec74546fb58ed,107,WEIKFIELD FOODS PVT.LTD,3818,3818,23,23-WAGHOLI,DIST-1001,FIRM-2001,MUKESH AGENCIES,true,2026-06-18T11:21:00.000Z,2026-06-18T07:40:08.337Z
6a6480df0cfec74546fb58ee,107,WEIKFIELD FOODS PVT.LTD,3828,3828,23,23-WAGHOLI,DIST-1001,FIRM-2001,MUKESH AGENCIES,true,2026-06-18T11:21:00.000Z,2026-06-18T07:40:08.337Z
6a6480df0cfec74546fb58ef,107,WEIKFIELD FOODS PVT.LTD,3829,3829,23,23-WAGHOLI,DIST-1001,FIRM-2001,MUKESH AGENCIES,true,2026-06-18T11:21:00.000Z,2026-06-18T07:40:08.337Z
6a6480df0cfec74546fb58f0,107,WEIKFIELD FOODS PVT.LTD,3834,3834,23,23-WAGHOLI,DIST-1001,FIRM-2001,MUKESH AGENCIES,true,2026-06-18T11:21:00.000Z,2026-06-18T07:40:08.337Z
6a6480df0cfec74546fb58f1,107,WEIKFIELD FOODS PVT.LTD,3835,3835,23,23-WAGHOLI,DIST-1001,FIRM-2001,MUKESH AGENCIES,true,2026-06-18T11:21:00.000Z,2026-06-18T07:40:08.337Z
6a6480df0cfec74546fb58f2,107,WEIKFIELD FOODS PVT.LTD,3838,3838,23,23-WAGHOLI,DIST-1001,FIRM-2001,MUKESH AGENCIES,true,2026-06-18T11:21:00.000Z,2026-06-18T07:40:08.337Z
6a6480df0cfec74546fb58f3,107,WEIKFIELD FOODS PVT.LTD,3842,3842,23,23-WAGHOLI,DIST-1001,FIRM-2001,MUKESH AGENCIES,true,2026-06-18T11:21:00.000Z,2026-06-18T07:40:08.337Z
6a6480df0cfec74546fb58f4,107,WEIKFIELD FOODS PVT.LTD,3854,3854,23,23-WAGHOLI,DIST-1001,FIRM-2001,MUKESH AGENCIES,true,2026-06-18T11:21:00.000Z,2026-06-18T07:40:08.337Z
6a6480df0cfec74546fb58f5,107,WEIKFIELD FOODS PVT.LTD,3859,3859,23,23-WAGHOLI,DIST-1001,FIRM-2001,MUKESH AGENCIES,true,2026-06-18T11:21:00.000Z,2026-06-18T07:40:08.337Z
6a6480df0cfec74546fb58f6,107,WEIKFIELD FOODS PVT.LTD,3878,3878,23,23-WAGHOLI,DIST-1001,FIRM-2001,MUKESH AGENCIES,true,2026-06-18T11:21:00.000Z,2026-06-18T07:40:08.337Z
6a6480df0cfec74546fb58f7,107,WEIKFIELD FOODS PVT.LTD,3886,3886,23,23-WAGHOLI,DIST-1001,FIRM-2001,MUKESH AGENCIES,true,2026-06-18T11:21:00.000Z,2026-06-18T07:40:08.337Z
6a6480df0cfec74546fb58f8,107,WEIKFIELD FOODS PVT.LTD,3898,3898,23,23-WAGHOLI,DIST-1001,FIRM-2001,MUKESH AGENCIES,true,2026-06-18T11:21:00.000Z,2026-06-18T07:40:08.337Z
6a6480df0cfec74546fb58f9,107,WEIKFIELD FOODS PVT.LTD,3930,3930,23,23-WAGHOLI,DIST-1001,FIRM-2001,MUKESH AGENCIES,true,2026-06-18T11:21:00.000Z,2026-06-18T07:40:08.337Z
6a6480df0cfec74546fb58fa,107,WEIKFIELD FOODS PVT.LTD,3942,3942,23,23-WAGHOLI,DIST-1001,FIRM-2001,MUKESH AGENCIES,true,2026-06-18T11:21:00.000Z,2026-06-18T07:40:08.337Z
6a6480df0cfec74546fb58fb,107,WEIKFIELD FOODS PVT.LTD,3980,3980,23,23-WAGHOLI,DIST-1001,FIRM-2001,MUKESH AGENCIES,true,2026-06-18T11:21:00.000Z,2026-06-18T07:40:08.337Z
6a6480df0cfec74546fb58fc,107,WEIKFIELD FOODS PVT.LTD,3982,3982,23,23-WAGHOLI,DIST-1001,FIRM-2001,MUKESH AGENCIES,true,2026-06-18T11:21:00.000Z,2026-06-18T07:40:08.337Z
6a6480df0cfec74546fb58fd,107,WEIKFIELD FOODS PVT.LTD,4028,4028,23,23-WAGHOLI,DIST-1001,FIRM-2001,MUKESH AGENCIES,true,2026-06-18T11:21:00.000Z,2026-06-18T07:40:08.337Z
6a6480df0cfec74546fb58fe,107,WEIKFIELD FOODS PVT.LTD,4043,4043,23,23-WAGHOLI,DIST-1001,FIRM-2001,MUKESH AGENCIES,true,2026-06-18T11:21:00.000Z,2026-06-18T07:40:08.337Z
6a6480df0cfec74546fb58ff,107,WEIKFIELD FOODS PVT.LTD,4044,4044,23,23-WAGHOLI,DIST-1001,FIRM-2001,MUKESH AGENCIES,true,2026-06-18T11:21:00.000Z,2026-06-18T07:40:08.337Z
6a6480df0cfec74546fb5900,107,WEIKFIELD FOODS PVT.LTD,4055,4055,23,23-WAGHOLI,DIST-1001,FIRM-2001,MUKESH AGENCIES,true,2026-06-18T11:21:00.000Z,2026-06-18T07:40:08.337Z
6a6480df0cfec74546fb5901,107,WEIKFIELD FOODS PVT.LTD,4056,4056,23,23-WAGHOLI,DIST-1001,FIRM-2001,MUKESH AGENCIES,true,2026-06-18T11:21:00.000Z,2026-06-18T07:40:08.337Z
6a6480df0cfec74546fb5902,107,WEIKFIELD FOODS PVT.LTD,4057,4057,23,23-WAGHOLI,DIST-1001,FIRM-2001,MUKESH AGENCIES,true,2026-06-18T11:21:00.000Z,2026-06-18T07:40:08.337Z
6a6480df0cfec74546fb5903,107,WEIKFIELD FOODS PVT.LTD,4058,4058,23,23-WAGHOLI,DIST-1001,FIRM-2001,MUKESH AGENCIES,true,2026-06-18T11:21:00.000Z,2026-06-18T07:40:08.337Z
6a6480df0cfec74546fb5904,107,WEIKFIELD FOODS PVT.LTD,4059,4059,23,23-WAGHOLI,DIST-1001,FIRM-2001,MUKESH AGENCIES,true,2026-06-18T11:21:00.000Z,2026-06-18T07:40:08.337Z
6a6480df0cfec74546fb5905,107,WEIKFIELD FOODS PVT.LTD,4073,4073,23,23-WAGHOLI,DIST-1001,FIRM-2001,MUKESH AGENCIES,true,2026-06-18T11:21:00.000Z,2026-06-18T07:40:08.337Z
6a6480df0cfec74546fb5906,107,WEIKFIELD FOODS PVT.LTD,4074,4074,23,23-WAGHOLI,DIST-1001,FIRM-2001,MUKESH AGENCIES,true,2026-06-18T11:21:00.000Z,2026-06-18T07:40:08.337Z
6a6480df0cfec74546fb5907,107,WEIKFIELD FOODS PVT.LTD,4080,4080,23,23-WAGHOLI,DIST-1001,FIRM-2001,MUKESH AGENCIES,true,2026-06-18T11:21:00.000Z,2026-06-18T07:40:08.337Z
6a6480df0cfec74546fb5908,107,WEIKFIELD FOODS PVT.LTD,4084,4084,23,23-WAGHOLI,DIST-1001,FIRM-2001,MUKESH AGENCIES,true,2026-06-18T11:21:00.000Z,2026-06-18T07:40:08.337Z
6a6480df0cfec74546fb5909,107,WEIKFIELD FOODS PVT.LTD,4122,4122,23,23-WAGHOLI,DIST-1001,FIRM-2001,MUKESH AGENCIES,true,2026-06-18T11:21:00.000Z,2026-06-18T07:40:08.337Z
6a6480df0cfec74546fb590a,107,WEIKFIELD FOODS PVT.LTD,2710,2710,24,24-NAGAR ROAD,DIST-1001,FIRM-2001,MUKESH AGENCIES,true,2026-06-18T11:21:00.000Z,2026-06-18T07:40:08.337Z
6a6480df0cfec74546fb590b,107,WEIKFIELD FOODS PVT.LTD,3080,3080,24,24-NAGAR ROAD,DIST-1001,FIRM-2001,MUKESH AGENCIES,true,2026-06-18T11:21:00.000Z,2026-06-18T07:40:08.337Z
6a6480df0cfec74546fb590c,107,WEIKFIELD FOODS PVT.LTD,3491,3491,24,24-NAGAR ROAD,DIST-1001,FIRM-2001,MUKESH AGENCIES,true,2026-06-18T11:21:00.000Z,2026-06-18T07:40:08.337Z
6a6480df0cfec74546fb590d,107,WEIKFIELD FOODS PVT.LTD,2741,2741,26,26-AWHALWADI,DIST-1001,FIRM-2001,MUKESH AGENCIES,true,2026-06-18T11:21:00.000Z,2026-06-18T07:40:08.337Z
6a6480df0cfec74546fb590e,107,WEIKFIELD FOODS PVT.LTD,2742,2742,26,26-AWHALWADI,DIST-1001,FIRM-2001,MUKESH AGENCIES,true,2026-06-18T11:21:00.000Z,2026-06-18T07:40:08.337Z
6a6480df0cfec74546fb590f,107,WEIKFIELD FOODS PVT.LTD,2804,2804,26,26-AWHALWADI,DIST-1001,FIRM-2001,MUKESH AGENCIES,true,2026-06-18T11:21:00.000Z,2026-06-18T07:40:08.337Z
6a6480df0cfec74546fb5910,107,WEIKFIELD FOODS PVT.LTD,2877,2877,26,26-AWHALWADI,DIST-1001,FIRM-2001,MUKESH AGENCIES,true,2026-06-18T11:21:00.000Z,2026-06-18T07:40:08.337Z
6a6480df0cfec74546fb5911,107,WEIKFIELD FOODS PVT.LTD,2879,2879,26,26-AWHALWADI,DIST-1001,FIRM-2001,MUKESH AGENCIES,true,2026-06-18T11:21:00.000Z,2026-06-18T07:40:08.337Z
6a6480df0cfec74546fb5912,107,WEIKFIELD FOODS PVT.LTD,2902,2902,26,26-AWHALWADI,DIST-1001,FIRM-2001,MUKESH AGENCIES,true,2026-06-18T11:21:00.000Z,2026-06-18T07:40:08.337Z
6a6480df0cfec74546fb5913,107,WEIKFIELD FOODS PVT.LTD,3041,3041,26,26-AWHALWADI,DIST-1001,FIRM-2001,MUKESH AGENCIES,true,2026-06-18T11:21:00.000Z,2026-06-18T07:40:08.337Z
6a6480df0cfec74546fb5914,107,WEIKFIELD FOODS PVT.LTD,3198,3198,26,26-AWHALWADI,DIST-1001,FIRM-2001,MUKESH AGENCIES,true,2026-06-18T11:21:00.000Z,2026-06-18T07:40:08.337Z
6a6480df0cfec74546fb5915,107,WEIKFIELD FOODS PVT.LTD,3324,3324,26,26-AWHALWADI,DIST-1001,FIRM-2001,MUKESH AGENCIES,true,2026-06-18T11:21:00.000Z,2026-06-18T07:40:08.337Z
6a6480df0cfec74546fb5916,107,WEIKFIELD FOODS PVT.LTD,3521,3521,26,26-AWHALWADI,DIST-1001,FIRM-2001,MUKESH AGENCIES,true,2026-06-18T11:21:00.000Z,2026-06-18T07:40:08.337Z
6a6480df0cfec74546fb5917,107,WEIKFIELD FOODS PVT.LTD,3756,3756,26,26-AWHALWADI,DIST-1001,FIRM-2001,MUKESH AGENCIES,true,2026-06-18T11:21:00.000Z,2026-06-18T07:40:08.337Z
6a6480df0cfec74546fb5918,107,WEIKFIELD FOODS PVT.LTD,3935,3935,26,26-AWHALWADI,DIST-1001,FIRM-2001,MUKESH AGENCIES,true,2026-06-18T11:21:00.000Z,2026-06-18T07:40:08.337Z
6a6480df0cfec74546fb5919,107,WEIKFIELD FOODS PVT.LTD,3981,3981,26,26-AWHALWADI,DIST-1001,FIRM-2001,MUKESH AGENCIES,true,2026-06-18T11:21:00.000Z,2026-06-18T07:40:08.337Z
6a6480df0cfec74546fb591a,107,WEIKFIELD FOODS PVT.LTD,4003,4003,26,26-AWHALWADI,DIST-1001,FIRM-2001,MUKESH AGENCIES,true,2026-06-18T11:21:00.000Z,2026-06-18T07:40:08.337Z
6a6480df0cfec74546fb591b,107,WEIKFIELD FOODS PVT.LTD,4007,4007,26,26-AWHALWADI,DIST-1001,FIRM-2001,MUKESH AGENCIES,true,2026-06-18T11:21:00.000Z,2026-06-18T07:40:08.337Z
6a6480df0cfec74546fb591c,107,WEIKFIELD FOODS PVT.LTD,2856,2856,27,27-LOHEGOAN ROAD,DIST-1001,FIRM-2001,MUKESH AGENCIES,true,2026-06-18T11:21:00.000Z,2026-06-18T07:40:08.337Z
6a6480df0cfec74546fb591d,107,WEIKFIELD FOODS PVT.LTD,2875,2875,27,27-LOHEGOAN ROAD,DIST-1001,FIRM-2001,MUKESH AGENCIES,true,2026-06-18T11:21:00.000Z,2026-06-18T07:40:08.337Z
6a6480df0cfec74546fb591e,107,WEIKFIELD FOODS PVT.LTD,2876,2876,27,27-LOHEGOAN ROAD,DIST-1001,FIRM-2001,MUKESH AGENCIES,true,2026-06-18T11:21:00.000Z,2026-06-18T07:40:08.337Z
6a6480df0cfec74546fb591f,107,WEIKFIELD FOODS PVT.LTD,3079,3079,27,27-LOHEGOAN ROAD,DIST-1001,FIRM-2001,MUKESH AGENCIES,true,2026-06-18T11:21:00.000Z,2026-06-18T07:40:08.337Z
6a6480df0cfec74546fb5920,107,WEIKFIELD FOODS PVT.LTD,3096,3096,27,27-LOHEGOAN ROAD,DIST-1001,FIRM-2001,MUKESH AGENCIES,true,2026-06-18T11:21:00.000Z,2026-06-18T07:40:08.337Z
6a6480df0cfec74546fb5921,107,WEIKFIELD FOODS PVT.LTD,3132,3132,27,27-LOHEGOAN ROAD,DIST-1001,FIRM-2001,MUKESH AGENCIES,true,2026-06-18T11:21:00.000Z,2026-06-18T07:40:08.337Z
6a6480df0cfec74546fb5922,107,WEIKFIELD FOODS PVT.LTD,3133,3133,27,27-LOHEGOAN ROAD,DIST-1001,FIRM-2001,MUKESH AGENCIES,true,2026-06-18T11:21:00.000Z,2026-06-18T07:40:08.337Z
6a6480df0cfec74546fb5923,107,WEIKFIELD FOODS PVT.LTD,3177,3177,27,27-LOHEGOAN ROAD,DIST-1001,FIRM-2001,MUKESH AGENCIES,true,2026-06-18T11:21:00.000Z,2026-06-18T07:40:08.337Z
6a6480df0cfec74546fb5924,107,WEIKFIELD FOODS PVT.LTD,3241,3241,27,27-LOHEGOAN ROAD,DIST-1001,FIRM-2001,MUKESH AGENCIES,true,2026-06-18T11:21:00.000Z,2026-06-18T07:40:08.337Z
6a6480df0cfec74546fb5925,107,WEIKFIELD FOODS PVT.LTD,3390,3390,27,27-LOHEGOAN ROAD,DIST-1001,FIRM-2001,MUKESH AGENCIES,true,2026-06-18T11:21:00.000Z,2026-06-18T07:40:08.337Z
6a6480df0cfec74546fb5926,107,WEIKFIELD FOODS PVT.LTD,3484,3484,27,27-LOHEGOAN ROAD,DIST-1001,FIRM-2001,MUKESH AGENCIES,true,2026-06-18T11:21:00.000Z,2026-06-18T07:40:08.337Z
6a6480df0cfec74546fb5927,107,WEIKFIELD FOODS PVT.LTD,3619,3619,27,27-LOHEGOAN ROAD,DIST-1001,FIRM-2001,MUKESH AGENCIES,true,2026-06-18T11:21:00.000Z,2026-06-18T07:40:08.337Z
6a6480df0cfec74546fb5928,107,WEIKFIELD FOODS PVT.LTD,3776,3776,27,27-LOHEGOAN ROAD,DIST-1001,FIRM-2001,MUKESH AGENCIES,true,2026-06-18T11:21:00.000Z,2026-06-18T07:40:08.337Z
6a6480df0cfec74546fb5929,107,WEIKFIELD FOODS PVT.LTD,3778,3778,27,27-LOHEGOAN ROAD,DIST-1001,FIRM-2001,MUKESH AGENCIES,true,2026-06-18T11:21:00.000Z,2026-06-18T07:40:08.337Z
6a6480df0cfec74546fb592a,107,WEIKFIELD FOODS PVT.LTD,3792,3792,27,27-LOHEGOAN ROAD,DIST-1001,FIRM-2001,MUKESH AGENCIES,true,2026-06-18T11:21:00.000Z,2026-06-18T07:40:08.337Z
6a6480df0cfec74546fb592b,107,WEIKFIELD FOODS PVT.LTD,3793,3793,27,27-LOHEGOAN ROAD,DIST-1001,FIRM-2001,MUKESH AGENCIES,true,2026-06-18T11:21:00.000Z,2026-06-18T07:40:08.337Z
6a6480df0cfec74546fb592c,107,WEIKFIELD FOODS PVT.LTD,3794,3794,27,27-LOHEGOAN ROAD,DIST-1001,FIRM-2001,MUKESH AGENCIES,true,2026-06-18T11:21:00.000Z,2026-06-18T07:40:08.337Z
6a6480df0cfec74546fb592d,107,WEIKFIELD FOODS PVT.LTD,3795,3795,27,27-LOHEGOAN ROAD,DIST-1001,FIRM-2001,MUKESH AGENCIES,true,2026-06-18T11:21:00.000Z,2026-06-18T07:40:08.337Z
6a6480df0cfec74546fb592e,107,WEIKFIELD FOODS PVT.LTD,3817,3817,27,27-LOHEGOAN ROAD,DIST-1001,FIRM-2001,MUKESH AGENCIES,true,2026-06-18T11:21:00.000Z,2026-06-18T07:40:08.337Z
6a6480df0cfec74546fb592f,107,WEIKFIELD FOODS PVT.LTD,3826,3826,27,27-LOHEGOAN ROAD,DIST-1001,FIRM-2001,MUKESH AGENCIES,true,2026-06-18T11:21:00.000Z,2026-06-18T07:40:08.337Z
6a6480df0cfec74546fb5930,107,WEIKFIELD FOODS PVT.LTD,3827,3827,27,27-LOHEGOAN ROAD,DIST-1001,FIRM-2001,MUKESH AGENCIES,true,2026-06-18T11:21:00.000Z,2026-06-18T07:40:08.337Z
6a6480df0cfec74546fb5931,107,WEIKFIELD FOODS PVT.LTD,3840,3840,27,27-LOHEGOAN ROAD,DIST-1001,FIRM-2001,MUKESH AGENCIES,true,2026-06-18T11:21:00.000Z,2026-06-18T07:40:08.337Z
6a6480df0cfec74546fb5932,107,WEIKFIELD FOODS PVT.LTD,3841,3841,27,27-LOHEGOAN ROAD,DIST-1001,FIRM-2001,MUKESH AGENCIES,true,2026-06-18T11:21:00.000Z,2026-06-18T07:40:08.337Z
6a6480df0cfec74546fb5933,107,WEIKFIELD FOODS PVT.LTD,3858,3858,27,27-LOHEGOAN ROAD,DIST-1001,FIRM-2001,MUKESH AGENCIES,true,2026-06-18T11:21:00.000Z,2026-06-18T07:40:08.337Z
6a6480df0cfec74546fb5934,107,WEIKFIELD FOODS PVT.LTD,3873,3873,27,27-LOHEGOAN ROAD,DIST-1001,FIRM-2001,MUKESH AGENCIES,true,2026-06-18T11:21:00.000Z,2026-06-18T07:40:08.337Z
6a6480df0cfec74546fb5935,107,WEIKFIELD FOODS PVT.LTD,3926,3926,27,27-LOHEGOAN ROAD,DIST-1001,FIRM-2001,MUKESH AGENCIES,true,2026-06-18T11:21:00.000Z,2026-06-18T07:40:08.337Z
6a6480df0cfec74546fb5936,107,WEIKFIELD FOODS PVT.LTD,3927,3927,27,27-LOHEGOAN ROAD,DIST-1001,FIRM-2001,MUKESH AGENCIES,true,2026-06-18T11:21:00.000Z,2026-06-18T07:40:08.337Z
6a6480df0cfec74546fb5937,107,WEIKFIELD FOODS PVT.LTD,3933,3933,27,27-LOHEGOAN ROAD,DIST-1001,FIRM-2001,MUKESH AGENCIES,true,2026-06-18T11:21:00.000Z,2026-06-18T07:40:08.337Z
6a6480df0cfec74546fb5938,107,WEIKFIELD FOODS PVT.LTD,3934,3934,27,27-LOHEGOAN ROAD,DIST-1001,FIRM-2001,MUKESH AGENCIES,true,2026-06-18T11:21:00.000Z,2026-06-18T07:40:08.337Z
6a6480df0cfec74546fb5939,107,WEIKFIELD FOODS PVT.LTD,3941,3941,27,27-LOHEGOAN ROAD,DIST-1001,FIRM-2001,MUKESH AGENCIES,true,2026-06-18T11:21:00.000Z,2026-06-18T07:40:08.337Z
6a6480df0cfec74546fb593a,107,WEIKFIELD FOODS PVT.LTD,3944,3944,27,27-LOHEGOAN ROAD,DIST-1001,FIRM-2001,MUKESH AGENCIES,true,2026-06-18T11:21:00.000Z,2026-06-18T07:40:08.337Z
6a6480df0cfec74546fb593b,107,WEIKFIELD FOODS PVT.LTD,3961,3961,27,27-LOHEGOAN ROAD,DIST-1001,FIRM-2001,MUKESH AGENCIES,true,2026-06-18T11:21:00.000Z,2026-06-18T07:40:08.337Z
6a6480df0cfec74546fb593c,107,WEIKFIELD FOODS PVT.LTD,4002,4002,27,27-LOHEGOAN ROAD,DIST-1001,FIRM-2001,MUKESH AGENCIES,true,2026-06-18T11:21:00.000Z,2026-06-18T07:40:08.337Z
6a6480df0cfec74546fb593d,107,WEIKFIELD FOODS PVT.LTD,4015,4015,27,27-LOHEGOAN ROAD,DIST-1001,FIRM-2001,MUKESH AGENCIES,true,2026-06-18T11:21:00.000Z,2026-06-18T07:40:08.337Z
6a6480df0cfec74546fb593e,107,WEIKFIELD FOODS PVT.LTD,4075,4075,27,27-LOHEGOAN ROAD,DIST-1001,FIRM-2001,MUKESH AGENCIES,true,2026-06-18T11:21:00.000Z,2026-06-18T07:40:08.337Z
6a6480df0cfec74546fb593f,107,WEIKFIELD FOODS PVT.LTD,3767,3767,28,28-A,DIST-1001,FIRM-2001,MUKESH AGENCIES,true,2026-06-18T11:21:00.000Z,2026-06-18T07:40:08.337Z
6a6480df0cfec74546fb5940,107,WEIKFIELD FOODS PVT.LTD,3946,3946,28,28-A,DIST-1001,FIRM-2001,MUKESH AGENCIES,true,2026-06-18T11:21:00.000Z,2026-06-18T07:40:08.337Z
